[cdk] env file: .env + .env.prod
CDK NAG:  false
#0 building with "desktop-linux" instance using docker driver

#1 [internal] load build definition from Dockerfile
#1 transferring dockerfile: 1.56kB done
#1 DONE 0.0s

#2 [internal] load metadata for public.ecr.aws/sam/build-python3.10:latest
#2 DONE 1.2s

#3 [internal] load .dockerignore
#3 transferring context: 2B done
#3 DONE 0.0s

#4 [1/2] FROM public.ecr.aws/sam/build-python3.10:latest@sha256:99b54e05bf75a2b9378e5be41b5c96a46c0493e1f7103269560ae90395a3b2ed
#4 resolve public.ecr.aws/sam/build-python3.10:latest@sha256:99b54e05bf75a2b9378e5be41b5c96a46c0493e1f7103269560ae90395a3b2ed done
#4 DONE 0.0s

#5 [2/2] RUN     python -m venv /usr/app/venv &&     mkdir /tmp/pip-cache &&     chmod -R 777 /tmp/pip-cache &&     pip install --upgrade pip &&     mkdir /tmp/poetry-cache &&     chmod -R 777 /tmp/poetry-cache &&     pip install pipenv==2022.4.8 poetry==1.5.1 &&     rm -rf /tmp/pip-cache/* /tmp/poetry-cache/*
#5 CACHED

#6 exporting to image
#6 exporting layers done
#6 exporting manifest sha256:75b52e7a156d49d226382fbf7d49522c7ecc5c99f53b88549d20fdb131fd92d2 done
#6 exporting config sha256:b9085beba4d2c7c4513bdddb59d3f12d9b0c0037826e41adea0b78b00a16ef85 done
#6 exporting attestation manifest sha256:fc7d37b0f5cf183889096df6873bd80d02a565ad95aa2e900079cba3a13ed0c3 done
#6 exporting manifest list sha256:54c316171ca051d3d8fc99b2324c6d635029f61131ae9ed3a29d783822075617 done
#6 naming to docker.io/library/cdk-cc00d3c8b7a394c42c1b7f01c426af15484ab3611aaa7dd8dbb441f6fd21c223:latest done
#6 DONE 0.0s

View build details: docker-desktop://dashboard/build/desktop-linux/desktop-linux/xk08wqnkgtt8kxkbohj3ts9bh
#0 building with "desktop-linux" instance using docker driver

#1 [internal] load build definition from Dockerfile
#1 transferring dockerfile: 1.56kB done
#1 DONE 0.0s

#2 [internal] load metadata for public.ecr.aws/sam/build-python3.10:latest
#2 DONE 0.2s

#3 [internal] load .dockerignore
#3 transferring context: 2B done
#3 DONE 0.0s

#4 [1/2] FROM public.ecr.aws/sam/build-python3.10:latest@sha256:99b54e05bf75a2b9378e5be41b5c96a46c0493e1f7103269560ae90395a3b2ed
#4 resolve public.ecr.aws/sam/build-python3.10:latest@sha256:99b54e05bf75a2b9378e5be41b5c96a46c0493e1f7103269560ae90395a3b2ed done
#4 DONE 0.0s

#5 [2/2] RUN     python -m venv /usr/app/venv &&     mkdir /tmp/pip-cache &&     chmod -R 777 /tmp/pip-cache &&     pip install --upgrade pip &&     mkdir /tmp/poetry-cache &&     chmod -R 777 /tmp/poetry-cache &&     pip install pipenv==2022.4.8 poetry==1.5.1 &&     rm -rf /tmp/pip-cache/* /tmp/poetry-cache/*
#5 CACHED

#6 exporting to image
#6 exporting layers done
#6 exporting manifest sha256:75b52e7a156d49d226382fbf7d49522c7ecc5c99f53b88549d20fdb131fd92d2 done
#6 exporting config sha256:b9085beba4d2c7c4513bdddb59d3f12d9b0c0037826e41adea0b78b00a16ef85 done
#6 exporting attestation manifest sha256:b6746bcaf1915efcaee3d58e5e3ffe96dfa073fba10b44cd68a1fdae5e591a24 done
#6 exporting manifest list sha256:084507ac0afba9d9b5d52b8da595b095de0679fc327ffff2e494d08f7c01a3da done
#6 naming to docker.io/library/cdk-cc00d3c8b7a394c42c1b7f01c426af15484ab3611aaa7dd8dbb441f6fd21c223:latest done
#6 DONE 0.0s

View build details: docker-desktop://dashboard/build/desktop-linux/desktop-linux/lyllfv4odttxq6jt40ytzbrzy
#0 building with "desktop-linux" instance using docker driver

#1 [internal] load build definition from Dockerfile
#1 transferring dockerfile: 1.56kB done
#1 DONE 0.0s

#2 [internal] load metadata for public.ecr.aws/sam/build-python3.13:latest
#2 DONE 1.3s

#3 [internal] load .dockerignore
#3 transferring context: 2B done
#3 DONE 0.0s

#4 [1/2] FROM public.ecr.aws/sam/build-python3.13:latest@sha256:8ebf0400c3dab990fd61aba26f504402f7a10f5eb9d0a2a679c6d65f772e5c1e
#4 resolve public.ecr.aws/sam/build-python3.13:latest@sha256:8ebf0400c3dab990fd61aba26f504402f7a10f5eb9d0a2a679c6d65f772e5c1e done
#4 DONE 0.0s

#5 [2/2] RUN     python -m venv /usr/app/venv &&     mkdir /tmp/pip-cache &&     chmod -R 777 /tmp/pip-cache &&     pip install --upgrade pip &&     mkdir /tmp/poetry-cache &&     chmod -R 777 /tmp/poetry-cache &&     pip install pipenv==2022.4.8 poetry==1.5.1 &&     rm -rf /tmp/pip-cache/* /tmp/poetry-cache/*
#5 CACHED

#6 exporting to image
#6 exporting layers done
#6 exporting manifest sha256:46aba76cb0d85867af00c0ca630c22cc526023f577d170a3a0724d3060ee4a96 done
#6 exporting config sha256:3462ba557b98b6069701bccadbe2ac6f1d2af95ba73d54b8a48ed1aa1745dde5 done
#6 exporting attestation manifest sha256:9b7ada1ed7f2d0606ce538b5e6b32fce35514840819300cd6f4ad887f23500ae done
#6 exporting manifest list sha256:a69c6c80970cbc10af9425b9854af25d308683854fb61756fa37afc6adc7e1ec done
#6 naming to docker.io/library/cdk-b88284e8533f19eb9f4e68a95bb6c02a2133a18e257c811977ee854e4dd1b826:latest done
#6 unpacking to docker.io/library/cdk-b88284e8533f19eb9f4e68a95bb6c02a2133a18e257c811977ee854e4dd1b826:latest done
#6 DONE 0.0s

View build details: docker-desktop://dashboard/build/desktop-linux/desktop-linux/capq75cz5zou9fjmdscs1yl9c
#0 building with "desktop-linux" instance using docker driver

#1 [internal] load build definition from Dockerfile
#1 transferring dockerfile: 1.56kB done
#1 DONE 0.0s

#2 [internal] load metadata for public.ecr.aws/sam/build-python3.13:latest
#2 DONE 0.3s

#3 [internal] load .dockerignore
#3 transferring context: 2B done
#3 DONE 0.0s

#4 [1/2] FROM public.ecr.aws/sam/build-python3.13:latest@sha256:8ebf0400c3dab990fd61aba26f504402f7a10f5eb9d0a2a679c6d65f772e5c1e
#4 resolve public.ecr.aws/sam/build-python3.13:latest@sha256:8ebf0400c3dab990fd61aba26f504402f7a10f5eb9d0a2a679c6d65f772e5c1e done
#4 DONE 0.0s

#5 [2/2] RUN     python -m venv /usr/app/venv &&     mkdir /tmp/pip-cache &&     chmod -R 777 /tmp/pip-cache &&     pip install --upgrade pip &&     mkdir /tmp/poetry-cache &&     chmod -R 777 /tmp/poetry-cache &&     pip install pipenv==2022.4.8 poetry==1.5.1 &&     rm -rf /tmp/pip-cache/* /tmp/poetry-cache/*
#5 CACHED

#6 exporting to image
#6 exporting layers done
#6 exporting manifest sha256:46aba76cb0d85867af00c0ca630c22cc526023f577d170a3a0724d3060ee4a96 done
#6 exporting config sha256:3462ba557b98b6069701bccadbe2ac6f1d2af95ba73d54b8a48ed1aa1745dde5 done
#6 exporting attestation manifest sha256:b5a889be7b65dfe5a55ca4481d03f31097b38a29e7f77b14690e1ed9f86e657f done
#6 exporting manifest list sha256:c5b1f8040ad55ef77c78837aab0ff92318f5f76f90f00ee5f77014d8f47861e6 done
#6 naming to docker.io/library/cdk-b88284e8533f19eb9f4e68a95bb6c02a2133a18e257c811977ee854e4dd1b826:latest done
#6 unpacking to docker.io/library/cdk-b88284e8533f19eb9f4e68a95bb6c02a2133a18e257c811977ee854e4dd1b826:latest done
#6 DONE 0.0s

View build details: docker-desktop://dashboard/build/desktop-linux/desktop-linux/wxixylwbi2l2gwab8kcfb63ig
#0 building with "desktop-linux" instance using docker driver

#1 [internal] load build definition from Dockerfile
#1 transferring dockerfile: 1.56kB done
#1 DONE 0.0s

#2 [internal] load metadata for public.ecr.aws/sam/build-python3.13:latest
#2 DONE 0.2s

#3 [internal] load .dockerignore
#3 transferring context: 2B done
#3 DONE 0.0s

#4 [1/2] FROM public.ecr.aws/sam/build-python3.13:latest@sha256:8ebf0400c3dab990fd61aba26f504402f7a10f5eb9d0a2a679c6d65f772e5c1e
#4 resolve public.ecr.aws/sam/build-python3.13:latest@sha256:8ebf0400c3dab990fd61aba26f504402f7a10f5eb9d0a2a679c6d65f772e5c1e done
#4 DONE 0.0s

#5 [2/2] RUN     python -m venv /usr/app/venv &&     mkdir /tmp/pip-cache &&     chmod -R 777 /tmp/pip-cache &&     pip install --upgrade pip &&     mkdir /tmp/poetry-cache &&     chmod -R 777 /tmp/poetry-cache &&     pip install pipenv==2022.4.8 poetry==1.5.1 &&     rm -rf /tmp/pip-cache/* /tmp/poetry-cache/*
#5 CACHED

#6 exporting to image
#6 exporting layers done
#6 exporting manifest sha256:46aba76cb0d85867af00c0ca630c22cc526023f577d170a3a0724d3060ee4a96 done
#6 exporting config sha256:3462ba557b98b6069701bccadbe2ac6f1d2af95ba73d54b8a48ed1aa1745dde5 done
#6 exporting attestation manifest sha256:514d6154226ccb390a1a403ccecef1cc3b3d68293e7886293295a2f86febcf4d done
#6 exporting manifest list sha256:9b38f1e86fd532414abea8f78b401a7983bc182cbfce65ca0fb39e4e64dc5505 done
#6 naming to docker.io/library/cdk-b88284e8533f19eb9f4e68a95bb6c02a2133a18e257c811977ee854e4dd1b826:latest done
#6 unpacking to docker.io/library/cdk-b88284e8533f19eb9f4e68a95bb6c02a2133a18e257c811977ee854e4dd1b826:latest done
#6 DONE 0.0s

View build details: docker-desktop://dashboard/build/desktop-linux/desktop-linux/f6nia1xqn1j1vieijj1l96n0u
#0 building with "desktop-linux" instance using docker driver

#1 [internal] load build definition from Dockerfile
#1 transferring dockerfile: 1.56kB done
#1 DONE 0.0s

#2 [internal] load metadata for public.ecr.aws/sam/build-python3.13:latest
#2 DONE 0.2s

#3 [internal] load .dockerignore
#3 transferring context: 2B done
#3 DONE 0.0s

#4 [1/2] FROM public.ecr.aws/sam/build-python3.13:latest@sha256:8ebf0400c3dab990fd61aba26f504402f7a10f5eb9d0a2a679c6d65f772e5c1e
#4 resolve public.ecr.aws/sam/build-python3.13:latest@sha256:8ebf0400c3dab990fd61aba26f504402f7a10f5eb9d0a2a679c6d65f772e5c1e done
#4 DONE 0.0s

#5 [2/2] RUN     python -m venv /usr/app/venv &&     mkdir /tmp/pip-cache &&     chmod -R 777 /tmp/pip-cache &&     pip install --upgrade pip &&     mkdir /tmp/poetry-cache &&     chmod -R 777 /tmp/poetry-cache &&     pip install pipenv==2022.4.8 poetry==1.5.1 &&     rm -rf /tmp/pip-cache/* /tmp/poetry-cache/*
#5 CACHED

#6 exporting to image
#6 exporting layers done
#6 exporting manifest sha256:46aba76cb0d85867af00c0ca630c22cc526023f577d170a3a0724d3060ee4a96 done
#6 exporting config sha256:3462ba557b98b6069701bccadbe2ac6f1d2af95ba73d54b8a48ed1aa1745dde5 done
#6 exporting attestation manifest sha256:8bb5d81e4f47a55e66a74e80c286720bd23e5f82760d5a3ce40a5e8c53c4e143 done
#6 exporting manifest list sha256:708babaf6996ffff5d7affb7e53a9727a3f26d26514b9c745840cd39e30268ed done
#6 naming to docker.io/library/cdk-b88284e8533f19eb9f4e68a95bb6c02a2133a18e257c811977ee854e4dd1b826:latest done
#6 unpacking to docker.io/library/cdk-b88284e8533f19eb9f4e68a95bb6c02a2133a18e257c811977ee854e4dd1b826:latest done
#6 DONE 0.1s

View build details: docker-desktop://dashboard/build/desktop-linux/desktop-linux/ng3skklop144q6p3xw5cbya0y
#0 building with "desktop-linux" instance using docker driver

#1 [internal] load build definition from Dockerfile
#1 transferring dockerfile: 1.56kB done
#1 DONE 0.0s

#2 [internal] load metadata for public.ecr.aws/sam/build-python3.13:latest
#2 DONE 0.2s

#3 [internal] load .dockerignore
#3 transferring context: 2B done
#3 DONE 0.0s

#4 [1/2] FROM public.ecr.aws/sam/build-python3.13:latest@sha256:8ebf0400c3dab990fd61aba26f504402f7a10f5eb9d0a2a679c6d65f772e5c1e
#4 resolve public.ecr.aws/sam/build-python3.13:latest@sha256:8ebf0400c3dab990fd61aba26f504402f7a10f5eb9d0a2a679c6d65f772e5c1e done
#4 DONE 0.0s

#5 [2/2] RUN     python -m venv /usr/app/venv &&     mkdir /tmp/pip-cache &&     chmod -R 777 /tmp/pip-cache &&     pip install --upgrade pip &&     mkdir /tmp/poetry-cache &&     chmod -R 777 /tmp/poetry-cache &&     pip install pipenv==2022.4.8 poetry==1.5.1 &&     rm -rf /tmp/pip-cache/* /tmp/poetry-cache/*
#5 CACHED

#6 exporting to image
#6 exporting layers done
#6 exporting manifest sha256:46aba76cb0d85867af00c0ca630c22cc526023f577d170a3a0724d3060ee4a96 done
#6 exporting config sha256:3462ba557b98b6069701bccadbe2ac6f1d2af95ba73d54b8a48ed1aa1745dde5 done
#6 exporting attestation manifest sha256:6eeb95d20b0e0ccb673e4973f11b92ea80ad39b5a2087d728da76563f891d182 done
#6 exporting manifest list sha256:85ec8e50bc332f918fa88976b5608ad6faaac1fd9ba4c465d9177f1fabf85c3c done
#6 naming to docker.io/library/cdk-b88284e8533f19eb9f4e68a95bb6c02a2133a18e257c811977ee854e4dd1b826:latest done
#6 unpacking to docker.io/library/cdk-b88284e8533f19eb9f4e68a95bb6c02a2133a18e257c811977ee854e4dd1b826:latest done
#6 DONE 0.0s

View build details: docker-desktop://dashboard/build/desktop-linux/desktop-linux/1ibh8j3e689ms27sm0dmxxtjb
#0 building with "desktop-linux" instance using docker driver

#1 [internal] load build definition from Dockerfile
#1 transferring dockerfile: 1.56kB done
#1 DONE 0.0s

#2 [internal] load metadata for public.ecr.aws/sam/build-python3.13:latest
#2 DONE 0.2s

#3 [internal] load .dockerignore
#3 transferring context: 2B done
#3 DONE 0.0s

#4 [1/2] FROM public.ecr.aws/sam/build-python3.13:latest@sha256:8ebf0400c3dab990fd61aba26f504402f7a10f5eb9d0a2a679c6d65f772e5c1e
#4 resolve public.ecr.aws/sam/build-python3.13:latest@sha256:8ebf0400c3dab990fd61aba26f504402f7a10f5eb9d0a2a679c6d65f772e5c1e done
#4 DONE 0.0s

#5 [2/2] RUN     python -m venv /usr/app/venv &&     mkdir /tmp/pip-cache &&     chmod -R 777 /tmp/pip-cache &&     pip install --upgrade pip &&     mkdir /tmp/poetry-cache &&     chmod -R 777 /tmp/poetry-cache &&     pip install pipenv==2022.4.8 poetry==1.5.1 &&     rm -rf /tmp/pip-cache/* /tmp/poetry-cache/*
#5 CACHED

#6 exporting to image
#6 exporting layers done
#6 exporting manifest sha256:46aba76cb0d85867af00c0ca630c22cc526023f577d170a3a0724d3060ee4a96 done
#6 exporting config sha256:3462ba557b98b6069701bccadbe2ac6f1d2af95ba73d54b8a48ed1aa1745dde5 done
#6 exporting attestation manifest sha256:a4f0fe30db35020297805ae7b4cc04c618572c18317dd40e3597699dfd1749fd done
#6 exporting manifest list sha256:0ed99882f506bcbe41812a7759c1789ddbb64881018e987b4351df4e01e4de3e done
#6 naming to docker.io/library/cdk-b88284e8533f19eb9f4e68a95bb6c02a2133a18e257c811977ee854e4dd1b826:latest done
#6 unpacking to docker.io/library/cdk-b88284e8533f19eb9f4e68a95bb6c02a2133a18e257c811977ee854e4dd1b826:latest done
#6 DONE 0.0s

View build details: docker-desktop://dashboard/build/desktop-linux/desktop-linux/omstz6mjyujhoqptxaahity2p
Bundling asset analytics-stack/AggregatorFunction/Code/Stage...

  ...680ee97c4b51bc73e87bb07bad5cc1f2a2d46a95afd22c-building/index.js  157.3kb

⚡ Done in 29ms
Bundling asset analytics-stack/ApiLambda/Code/Stage...

  ...6f8b1afb721c227097b4a9c3d324ffe699d887fe1a1560-building/index.js  814.3kb

⚡ Done in 22ms
Bundling asset analytics-stack/RollupLambda/Function/Code/Stage...

  ...9600391f9433db2c2b6f01a5ae5a36b66c44260f2200385-building/index.js  19.5kb

⚡ Done in 3ms
Bundling asset analytics-stack/IemisJobJanitorLambda/Function/Code/Stage...

  ...ae4e8a3ffefd1a421a18585a86d1501c94719acb2ed4c4f9-building/index.js  6.2kb

⚡ Done in 1ms
Bundling asset analytics-stack/ReportAggregatorLambda/Code/Stage...

  ...d19b482dca17575775fe587e72c6017286fb2a2f15edaa-building/index.js  817.2kb

⚡ Done in 39ms
Bundling asset analytics-stack/ReportingSchedulerLambda/Function/Code/Stage...

  ...48ec99d39363aca8db4855ac75b6cb793f89f116789ea373-building/index.js  5.7kb

⚡ Done in 1ms
Bundling asset tenant-template-stack-basic/CognitoLoginEmitter/Function/Code/Stage...

  ...3e3320b3a8192c1d9e03826c5b6abc1898a66ec552cb0efc-building/index.js  4.1kb

⚡ Done in 1ms
Bundling asset tenant-template-stack-basic/ResultBatchLambda/Code/Stage...

  ...e2c0f5bd85c43b91a66fbc566e52b4a78d1eced0108ef90-building/index.js  17.1kb

⚡ Done in 4ms
Including dependency stacks: controlplane-stack, shared-infra-stack
start: Building shared-infra-stack Template
success: Built shared-infra-stack Template
start: Publishing shared-infra-stack Template (257526644020-ap-south-1)
success: Published shared-infra-stack Template (257526644020-ap-south-1)
Hold on while we create a read-only change set to get a diff with accurate replacement information (use --method=template to use a less accurate but faster template-only diff)

Stack shared-infra-stack
There were no differences
Omitted 2 changes because they are likely mangled non-ASCII characters. Use --strict to print them.

start: Building controlplane-stack Template
success: Built controlplane-stack Template
start: Publishing controlplane-stack Template (257526644020-ap-south-1)
success: Published controlplane-stack Template (257526644020-ap-south-1)
Hold on while we create a read-only change set to get a diff with accurate replacement information (use --method=template to use a less accurate but faster template-only diff)

Stack controlplane-stack
IAM Statement Changes
┌───┬───────────────────────────────────────────────────────────────────────────────────────────────────────────────────────────────────────────────────────┬────────┬─────────────────────────────────┬───────────────────────────────────────────────────────────────────────────────────────────────────────────────┬──────────────────────────────────────────────────────────────────────────────────────────────────────────────────────────────────────────────────────────────────────────────────────────────────┐
│   │ Resource                                                                                                                                              │ Effect │ Action                          │ Principal                                                                                                     │ Condition                                                                                                                                                                                        │
├───┼───────────────────────────────────────────────────────────────────────────────────────────────────────────────────────────────────────────────────────┼────────┼─────────────────────────────────┼───────────────────────────────────────────────────────────────────────────────────────────────────────────────┼──────────────────────────────────────────────────────────────────────────────────────────────────────────────────────────────────────────────────────────────────────────────────────────────────┤
│ + │ ${CognitoAuth/UserManagementServices.Arn}                                                                                                             │ Allow  │ lambda:InvokeFunction           │ Service:apigateway.amazonaws.com                                                                              │ "ArnLike": {                                                                                                                                                                                     │
│   │                                                                                                                                                       │        │                                 │                                                                                                               │   "AWS:SourceArn": "arn:aws:execute-api:ap-south-1:257526644020:${controlplane-sbt/controlPlaneApi/controlPlaneAPI}/*/*/users"                                                                   │
│   │                                                                                                                                                       │        │                                 │                                                                                                               │ }                                                                                                                                                                                                │
│ + │ ${CognitoAuth/UserManagementServices.Arn}                                                                                                             │ Allow  │ lambda:InvokeFunction           │ Service:apigateway.amazonaws.com                                                                              │ "ArnLike": {                                                                                                                                                                                     │
│   │                                                                                                                                                       │        │                                 │                                                                                                               │   "AWS:SourceArn": "arn:aws:execute-api:ap-south-1:257526644020:${controlplane-sbt/controlPlaneApi/controlPlaneAPI}/*/*/users"                                                                   │
│   │                                                                                                                                                       │        │                                 │                                                                                                               │ }                                                                                                                                                                                                │
│ + │ ${CognitoAuth/UserManagementServices.Arn}                                                                                                             │ Allow  │ lambda:InvokeFunction           │ Service:apigateway.amazonaws.com                                                                              │ "ArnLike": {                                                                                                                                                                                     │
│   │                                                                                                                                                       │        │                                 │                                                                                                               │   "AWS:SourceArn": "arn:aws:execute-api:ap-south-1:257526644020:${controlplane-sbt/controlPlaneApi/controlPlaneAPI}/*/*/users/{userId}"                                                          │
│   │                                                                                                                                                       │        │                                 │                                                                                                               │ }                                                                                                                                                                                                │
│ + │ ${CognitoAuth/UserManagementServices.Arn}                                                                                                             │ Allow  │ lambda:InvokeFunction           │ Service:apigateway.amazonaws.com                                                                              │ "ArnLike": {                                                                                                                                                                                     │
│   │                                                                                                                                                       │        │                                 │                                                                                                               │   "AWS:SourceArn": "arn:aws:execute-api:ap-south-1:257526644020:${controlplane-sbt/controlPlaneApi/controlPlaneAPI}/*/*/users/{userId}"                                                          │
│   │                                                                                                                                                       │        │                                 │                                                                                                               │ }                                                                                                                                                                                                │
│ + │ ${CognitoAuth/UserManagementServices.Arn}                                                                                                             │ Allow  │ lambda:InvokeFunction           │ Service:apigateway.amazonaws.com                                                                              │ "ArnLike": {                                                                                                                                                                                     │
│   │                                                                                                                                                       │        │                                 │                                                                                                               │   "AWS:SourceArn": "arn:aws:execute-api:ap-south-1:257526644020:${controlplane-sbt/controlPlaneApi/controlPlaneAPI}/*/*/users/{userId}"                                                          │
│   │                                                                                                                                                       │        │                                 │                                                                                                               │ }                                                                                                                                                                                                │
│ - │ ${CognitoAuth/UserManagementServices.Arn}                                                                                                             │ Allow  │ lambda:InvokeFunction           │ Service:apigateway.amazonaws.com                                                                              │ "ArnLike": {                                                                                                                                                                                     │
│   │                                                                                                                                                       │        │                                 │                                                                                                               │   "AWS:SourceArn": "arn:${AWS::Partition}:execute-api:${AWS::Region}:${AWS::AccountId}:${controlplanesbtcontrolPlaneApicontrolPlaneAPI0727026B}/*/*/users"                                       │
│   │                                                                                                                                                       │        │                                 │                                                                                                               │ }                                                                                                                                                                                                │
│ - │ ${CognitoAuth/UserManagementServices.Arn}                                                                                                             │ Allow  │ lambda:InvokeFunction           │ Service:apigateway.amazonaws.com                                                                              │ "ArnLike": {                                                                                                                                                                                     │
│   │                                                                                                                                                       │        │                                 │                                                                                                               │   "AWS:SourceArn": "arn:${AWS::Partition}:execute-api:${AWS::Region}:${AWS::AccountId}:${controlplanesbtcontrolPlaneApicontrolPlaneAPI0727026B}/*/*/users"                                       │
│   │                                                                                                                                                       │        │                                 │                                                                                                               │ }                                                                                                                                                                                                │
│ - │ ${CognitoAuth/UserManagementServices.Arn}                                                                                                             │ Allow  │ lambda:InvokeFunction           │ Service:apigateway.amazonaws.com                                                                              │ "ArnLike": {                                                                                                                                                                                     │
│   │                                                                                                                                                       │        │                                 │                                                                                                               │   "AWS:SourceArn": "arn:${AWS::Partition}:execute-api:${AWS::Region}:${AWS::AccountId}:${controlplanesbtcontrolPlaneApicontrolPlaneAPI0727026B}/*/*/users/{userId}"                              │
│   │                                                                                                                                                       │        │                                 │                                                                                                               │ }                                                                                                                                                                                                │
│ - │ ${CognitoAuth/UserManagementServices.Arn}                                                                                                             │ Allow  │ lambda:InvokeFunction           │ Service:apigateway.amazonaws.com                                                                              │ "ArnLike": {                                                                                                                                                                                     │
│   │                                                                                                                                                       │        │                                 │                                                                                                               │   "AWS:SourceArn": "arn:${AWS::Partition}:execute-api:${AWS::Region}:${AWS::AccountId}:${controlplanesbtcontrolPlaneApicontrolPlaneAPI0727026B}/*/*/users/{userId}"                              │
│   │                                                                                                                                                       │        │                                 │                                                                                                               │ }                                                                                                                                                                                                │
│ - │ ${CognitoAuth/UserManagementServices.Arn}                                                                                                             │ Allow  │ lambda:InvokeFunction           │ Service:apigateway.amazonaws.com                                                                              │ "ArnLike": {                                                                                                                                                                                     │
│   │                                                                                                                                                       │        │                                 │                                                                                                               │   "AWS:SourceArn": "arn:${AWS::Partition}:execute-api:${AWS::Region}:${AWS::AccountId}:${controlplanesbtcontrolPlaneApicontrolPlaneAPI0727026B}/*/*/users/{userId}"                              │
│   │                                                                                                                                                       │        │                                 │                                                                                                               │ }                                                                                                                                                                                                │
├───┼───────────────────────────────────────────────────────────────────────────────────────────────────────────────────────────────────────────────────────┼────────┼─────────────────────────────────┼───────────────────────────────────────────────────────────────────────────────────────────────────────────────┼──────────────────────────────────────────────────────────────────────────────────────────────────────────────────────────────────────────────────────────────────────────────────────────────────┤
│ + │ ${controlplane-sbt/tenantConfigService/tenantConfigLambda/TenantConfigServiceLambda.Arn}                                                              │ Allow  │ lambda:InvokeFunction           │ Service:apigateway.amazonaws.com                                                                              │ "ArnLike": {                                                                                                                                                                                     │
│   │                                                                                                                                                       │        │                                 │                                                                                                               │   "AWS:SourceArn": "arn:aws:execute-api:ap-south-1:257526644020:${controlplane-sbt/controlPlaneApi/controlPlaneAPI}/*/*/tenant-config"                                                           │
│   │                                                                                                                                                       │        │                                 │                                                                                                               │ }                                                                                                                                                                                                │
│ + │ ${controlplane-sbt/tenantConfigService/tenantConfigLambda/TenantConfigServiceLambda.Arn}                                                              │ Allow  │ lambda:InvokeFunction           │ Service:apigateway.amazonaws.com                                                                              │ "ArnLike": {                                                                                                                                                                                     │
│   │                                                                                                                                                       │        │                                 │                                                                                                               │   "AWS:SourceArn": "arn:aws:execute-api:ap-south-1:257526644020:${controlplane-sbt/controlPlaneApi/controlPlaneAPI}/*/*/tenant-config/{tenantName}"                                              │
│   │                                                                                                                                                       │        │                                 │                                                                                                               │ }                                                                                                                                                                                                │
│ - │ ${controlplane-sbt/tenantConfigService/tenantConfigLambda/TenantConfigServiceLambda.Arn}                                                              │ Allow  │ lambda:InvokeFunction           │ Service:apigateway.amazonaws.com                                                                              │ "ArnLike": {                                                                                                                                                                                     │
│   │                                                                                                                                                       │        │                                 │                                                                                                               │   "AWS:SourceArn": "arn:${AWS::Partition}:execute-api:${AWS::Region}:${AWS::AccountId}:${controlplanesbtcontrolPlaneApicontrolPlaneAPI0727026B}/*/*/tenant-config"                               │
│   │                                                                                                                                                       │        │                                 │                                                                                                               │ }                                                                                                                                                                                                │
│ - │ ${controlplane-sbt/tenantConfigService/tenantConfigLambda/TenantConfigServiceLambda.Arn}                                                              │ Allow  │ lambda:InvokeFunction           │ Service:apigateway.amazonaws.com                                                                              │ "ArnLike": {                                                                                                                                                                                     │
│   │                                                                                                                                                       │        │                                 │                                                                                                               │   "AWS:SourceArn": "arn:${AWS::Partition}:execute-api:${AWS::Region}:${AWS::AccountId}:${controlplanesbtcontrolPlaneApicontrolPlaneAPI0727026B}/*/*/tenant-config/{tenantName}"                  │
│   │                                                                                                                                                       │        │                                 │                                                                                                               │ }                                                                                                                                                                                                │
├───┼───────────────────────────────────────────────────────────────────────────────────────────────────────────────────────────────────────────────────────┼────────┼─────────────────────────────────┼───────────────────────────────────────────────────────────────────────────────────────────────────────────────┼──────────────────────────────────────────────────────────────────────────────────────────────────────────────────────────────────────────────────────────────────────────────────────────────────┤
│ + │ ${controlplane-sbt/tenantManagementService/tenantManagementLambda/TenantManagementServices.Arn}                                                       │ Allow  │ lambda:InvokeFunction           │ Service:apigateway.amazonaws.com                                                                              │ "ArnLike": {                                                                                                                                                                                     │
│   │                                                                                                                                                       │        │                                 │                                                                                                               │   "AWS:SourceArn": "arn:aws:execute-api:ap-south-1:257526644020:${controlplane-sbt/controlPlaneApi/controlPlaneAPI}/*/*/tenants"                                                                 │
│   │                                                                                                                                                       │        │                                 │                                                                                                               │ }                                                                                                                                                                                                │
│ + │ ${controlplane-sbt/tenantManagementService/tenantManagementLambda/TenantManagementServices.Arn}                                                       │ Allow  │ lambda:InvokeFunction           │ Service:apigateway.amazonaws.com                                                                              │ "ArnLike": {                                                                                                                                                                                     │
│   │                                                                                                                                                       │        │                                 │                                                                                                               │   "AWS:SourceArn": "arn:aws:execute-api:ap-south-1:257526644020:${controlplane-sbt/controlPlaneApi/controlPlaneAPI}/*/*/tenants"                                                                 │
│   │                                                                                                                                                       │        │                                 │                                                                                                               │ }                                                                                                                                                                                                │
│ + │ ${controlplane-sbt/tenantManagementService/tenantManagementLambda/TenantManagementServices.Arn}                                                       │ Allow  │ lambda:InvokeFunction           │ Service:apigateway.amazonaws.com                                                                              │ "ArnLike": {                                                                                                                                                                                     │
│   │                                                                                                                                                       │        │                                 │                                                                                                               │   "AWS:SourceArn": "arn:aws:execute-api:ap-south-1:257526644020:${controlplane-sbt/controlPlaneApi/controlPlaneAPI}/*/*/tenants/{tenantId}"                                                      │
│   │                                                                                                                                                       │        │                                 │                                                                                                               │ }                                                                                                                                                                                                │
│ + │ ${controlplane-sbt/tenantManagementService/tenantManagementLambda/TenantManagementServices.Arn}                                                       │ Allow  │ lambda:InvokeFunction           │ Service:apigateway.amazonaws.com                                                                              │ "ArnLike": {                                                                                                                                                                                     │
│   │                                                                                                                                                       │        │                                 │                                                                                                               │   "AWS:SourceArn": "arn:aws:execute-api:ap-south-1:257526644020:${controlplane-sbt/controlPlaneApi/controlPlaneAPI}/*/*/tenants/{tenantId}"                                                      │
│   │                                                                                                                                                       │        │                                 │                                                                                                               │ }                                                                                                                                                                                                │
│ + │ ${controlplane-sbt/tenantManagementService/tenantManagementLambda/TenantManagementServices.Arn}                                                       │ Allow  │ lambda:InvokeFunction           │ Service:apigateway.amazonaws.com                                                                              │ "ArnLike": {                                                                                                                                                                                     │
│   │                                                                                                                                                       │        │                                 │                                                                                                               │   "AWS:SourceArn": "arn:aws:execute-api:ap-south-1:257526644020:${controlplane-sbt/controlPlaneApi/controlPlaneAPI}/*/*/tenants/{tenantId}"                                                      │
│   │                                                                                                                                                       │        │                                 │                                                                                                               │ }                                                                                                                                                                                                │
│ - │ ${controlplane-sbt/tenantManagementService/tenantManagementLambda/TenantManagementServices.Arn}                                                       │ Allow  │ lambda:InvokeFunction           │ Service:apigateway.amazonaws.com                                                                              │ "ArnLike": {                                                                                                                                                                                     │
│   │                                                                                                                                                       │        │                                 │                                                                                                               │   "AWS:SourceArn": "arn:${AWS::Partition}:execute-api:${AWS::Region}:${AWS::AccountId}:${controlplanesbtcontrolPlaneApicontrolPlaneAPI0727026B}/*/*/tenants"                                     │
│   │                                                                                                                                                       │        │                                 │                                                                                                               │ }                                                                                                                                                                                                │
│ - │ ${controlplane-sbt/tenantManagementService/tenantManagementLambda/TenantManagementServices.Arn}                                                       │ Allow  │ lambda:InvokeFunction           │ Service:apigateway.amazonaws.com                                                                              │ "ArnLike": {                                                                                                                                                                                     │
│   │                                                                                                                                                       │        │                                 │                                                                                                               │   "AWS:SourceArn": "arn:${AWS::Partition}:execute-api:${AWS::Region}:${AWS::AccountId}:${controlplanesbtcontrolPlaneApicontrolPlaneAPI0727026B}/*/*/tenants"                                     │
│   │                                                                                                                                                       │        │                                 │                                                                                                               │ }                                                                                                                                                                                                │
│ - │ ${controlplane-sbt/tenantManagementService/tenantManagementLambda/TenantManagementServices.Arn}                                                       │ Allow  │ lambda:InvokeFunction           │ Service:apigateway.amazonaws.com                                                                              │ "ArnLike": {                                                                                                                                                                                     │
│   │                                                                                                                                                       │        │                                 │                                                                                                               │   "AWS:SourceArn": "arn:${AWS::Partition}:execute-api:${AWS::Region}:${AWS::AccountId}:${controlplanesbtcontrolPlaneApicontrolPlaneAPI0727026B}/*/*/tenants/{tenantId}"                          │
│   │                                                                                                                                                       │        │                                 │                                                                                                               │ }                                                                                                                                                                                                │
│ - │ ${controlplane-sbt/tenantManagementService/tenantManagementLambda/TenantManagementServices.Arn}                                                       │ Allow  │ lambda:InvokeFunction           │ Service:apigateway.amazonaws.com                                                                              │ "ArnLike": {                                                                                                                                                                                     │
│   │                                                                                                                                                       │        │                                 │                                                                                                               │   "AWS:SourceArn": "arn:${AWS::Partition}:execute-api:${AWS::Region}:${AWS::AccountId}:${controlplanesbtcontrolPlaneApicontrolPlaneAPI0727026B}/*/*/tenants/{tenantId}"                          │
│   │                                                                                                                                                       │        │                                 │                                                                                                               │ }                                                                                                                                                                                                │
│ - │ ${controlplane-sbt/tenantManagementService/tenantManagementLambda/TenantManagementServices.Arn}                                                       │ Allow  │ lambda:InvokeFunction           │ Service:apigateway.amazonaws.com                                                                              │ "ArnLike": {                                                                                                                                                                                     │
│   │                                                                                                                                                       │        │                                 │                                                                                                               │   "AWS:SourceArn": "arn:${AWS::Partition}:execute-api:${AWS::Region}:${AWS::AccountId}:${controlplanesbtcontrolPlaneApicontrolPlaneAPI0727026B}/*/*/tenants/{tenantId}"                          │
│   │                                                                                                                                                       │        │                                 │                                                                                                               │ }                                                                                                                                                                                                │
├───┼───────────────────────────────────────────────────────────────────────────────────────────────────────────────────────────────────────────────────────┼────────┼─────────────────────────────────┼───────────────────────────────────────────────────────────────────────────────────────────────────────────────┼──────────────────────────────────────────────────────────────────────────────────────────────────────────────────────────────────────────────────────────────────────────────────────────────────┤
│ + │ ${controlplane-sbt/tenantRegistrationService/tenantRegistrationLambda/TenantRegistrationFunc.Arn}                                                     │ Allow  │ lambda:InvokeFunction           │ Service:apigateway.amazonaws.com                                                                              │ "ArnLike": {                                                                                                                                                                                     │
│   │                                                                                                                                                       │        │                                 │                                                                                                               │   "AWS:SourceArn": "arn:aws:execute-api:ap-south-1:257526644020:${controlplane-sbt/controlPlaneApi/controlPlaneAPI}/*/*/tenant-registrations"                                                    │
│   │                                                                                                                                                       │        │                                 │                                                                                                               │ }                                                                                                                                                                                                │
│ + │ ${controlplane-sbt/tenantRegistrationService/tenantRegistrationLambda/TenantRegistrationFunc.Arn}                                                     │ Allow  │ lambda:InvokeFunction           │ Service:apigateway.amazonaws.com                                                                              │ "ArnLike": {                                                                                                                                                                                     │
│   │                                                                                                                                                       │        │                                 │                                                                                                               │   "AWS:SourceArn": "arn:aws:execute-api:ap-south-1:257526644020:${controlplane-sbt/controlPlaneApi/controlPlaneAPI}/*/*/tenant-registrations"                                                    │
│   │                                                                                                                                                       │        │                                 │                                                                                                               │ }                                                                                                                                                                                                │
│ + │ ${controlplane-sbt/tenantRegistrationService/tenantRegistrationLambda/TenantRegistrationFunc.Arn}                                                     │ Allow  │ lambda:InvokeFunction           │ Service:apigateway.amazonaws.com                                                                              │ "ArnLike": {                                                                                                                                                                                     │
│   │                                                                                                                                                       │        │                                 │                                                                                                               │   "AWS:SourceArn": "arn:aws:execute-api:ap-south-1:257526644020:${controlplane-sbt/controlPlaneApi/controlPlaneAPI}/*/*/tenant-registrations/{tenantRegistrationId}"                             │
│   │                                                                                                                                                       │        │                                 │                                                                                                               │ }                                                                                                                                                                                                │
│ + │ ${controlplane-sbt/tenantRegistrationService/tenantRegistrationLambda/TenantRegistrationFunc.Arn}                                                     │ Allow  │ lambda:InvokeFunction           │ Service:apigateway.amazonaws.com                                                                              │ "ArnLike": {                                                                                                                                                                                     │
│   │                                                                                                                                                       │        │                                 │                                                                                                               │   "AWS:SourceArn": "arn:aws:execute-api:ap-south-1:257526644020:${controlplane-sbt/controlPlaneApi/controlPlaneAPI}/*/*/tenant-registrations/{tenantRegistrationId}"                             │
│   │                                                                                                                                                       │        │                                 │                                                                                                               │ }                                                                                                                                                                                                │
│ + │ ${controlplane-sbt/tenantRegistrationService/tenantRegistrationLambda/TenantRegistrationFunc.Arn}                                                     │ Allow  │ lambda:InvokeFunction           │ Service:apigateway.amazonaws.com                                                                              │ "ArnLike": {                                                                                                                                                                                     │
│   │                                                                                                                                                       │        │                                 │                                                                                                               │   "AWS:SourceArn": "arn:aws:execute-api:ap-south-1:257526644020:${controlplane-sbt/controlPlaneApi/controlPlaneAPI}/*/*/tenant-registrations/{tenantRegistrationId}"                             │
│   │                                                                                                                                                       │        │                                 │                                                                                                               │ }                                                                                                                                                                                                │
│ - │ ${controlplane-sbt/tenantRegistrationService/tenantRegistrationLambda/TenantRegistrationFunc.Arn}                                                     │ Allow  │ lambda:InvokeFunction           │ Service:apigateway.amazonaws.com                                                                              │ "ArnLike": {                                                                                                                                                                                     │
│   │                                                                                                                                                       │        │                                 │                                                                                                               │   "AWS:SourceArn": "arn:${AWS::Partition}:execute-api:${AWS::Region}:${AWS::AccountId}:${controlplanesbtcontrolPlaneApicontrolPlaneAPI0727026B}/*/*/tenant-registrations"                        │
│   │                                                                                                                                                       │        │                                 │                                                                                                               │ }                                                                                                                                                                                                │
│ - │ ${controlplane-sbt/tenantRegistrationService/tenantRegistrationLambda/TenantRegistrationFunc.Arn}                                                     │ Allow  │ lambda:InvokeFunction           │ Service:apigateway.amazonaws.com                                                                              │ "ArnLike": {                                                                                                                                                                                     │
│   │                                                                                                                                                       │        │                                 │                                                                                                               │   "AWS:SourceArn": "arn:${AWS::Partition}:execute-api:${AWS::Region}:${AWS::AccountId}:${controlplanesbtcontrolPlaneApicontrolPlaneAPI0727026B}/*/*/tenant-registrations"                        │
│   │                                                                                                                                                       │        │                                 │                                                                                                               │ }                                                                                                                                                                                                │
│ - │ ${controlplane-sbt/tenantRegistrationService/tenantRegistrationLambda/TenantRegistrationFunc.Arn}                                                     │ Allow  │ lambda:InvokeFunction           │ Service:apigateway.amazonaws.com                                                                              │ "ArnLike": {                                                                                                                                                                                     │
│   │                                                                                                                                                       │        │                                 │                                                                                                               │   "AWS:SourceArn": "arn:${AWS::Partition}:execute-api:${AWS::Region}:${AWS::AccountId}:${controlplanesbtcontrolPlaneApicontrolPlaneAPI0727026B}/*/*/tenant-registrations/{tenantRegistrationId}" │
│   │                                                                                                                                                       │        │                                 │                                                                                                               │ }                                                                                                                                                                                                │
│ - │ ${controlplane-sbt/tenantRegistrationService/tenantRegistrationLambda/TenantRegistrationFunc.Arn}                                                     │ Allow  │ lambda:InvokeFunction           │ Service:apigateway.amazonaws.com                                                                              │ "ArnLike": {                                                                                                                                                                                     │
│   │                                                                                                                                                       │        │                                 │                                                                                                               │   "AWS:SourceArn": "arn:${AWS::Partition}:execute-api:${AWS::Region}:${AWS::AccountId}:${controlplanesbtcontrolPlaneApicontrolPlaneAPI0727026B}/*/*/tenant-registrations/{tenantRegistrationId}" │
│   │                                                                                                                                                       │        │                                 │                                                                                                               │ }                                                                                                                                                                                                │
│ - │ ${controlplane-sbt/tenantRegistrationService/tenantRegistrationLambda/TenantRegistrationFunc.Arn}                                                     │ Allow  │ lambda:InvokeFunction           │ Service:apigateway.amazonaws.com                                                                              │ "ArnLike": {                                                                                                                                                                                     │
│   │                                                                                                                                                       │        │                                 │                                                                                                               │   "AWS:SourceArn": "arn:${AWS::Partition}:execute-api:${AWS::Region}:${AWS::AccountId}:${controlplanesbtcontrolPlaneApicontrolPlaneAPI0727026B}/*/*/tenant-registrations/{tenantRegistrationId}" │
│   │                                                                                                                                                       │        │                                 │                                                                                                               │ }                                                                                                                                                                                                │
├───┼───────────────────────────────────────────────────────────────────────────────────────────────────────────────────────────────────────────────────────┼────────┼─────────────────────────────────┼───────────────────────────────────────────────────────────────────────────────────────────────────────────────┼──────────────────────────────────────────────────────────────────────────────────────────────────────────────────────────────────────────────────────────────────────────────────────────────────┤
│ - │ arn:${AWS::Partition}:codebuild:${AWS::Region}:${AWS::AccountId}:report-group/${AdminWebUiAdminWebUiReactBuildProjectC8D6BA9F}-*                      │ Allow  │ codebuild:BatchPutCodeCoverages │ AWS:${AdminWebUi/AdminWebUiReactBuildProject/Role}                                                            │                                                                                                                                                                                                  │
│   │                                                                                                                                                       │        │ codebuild:BatchPutTestCases     │                                                                                                               │                                                                                                                                                                                                  │
│   │                                                                                                                                                       │        │ codebuild:CreateReport          │                                                                                                               │                                                                                                                                                                                                  │
│   │                                                                                                                                                       │        │ codebuild:CreateReportGroup     │                                                                                                               │                                                                                                                                                                                                  │
│   │                                                                                                                                                       │        │ codebuild:UpdateReport          │                                                                                                               │                                                                                                                                                                                                  │
├───┼───────────────────────────────────────────────────────────────────────────────────────────────────────────────────────────────────────────────────────┼────────┼─────────────────────────────────┼───────────────────────────────────────────────────────────────────────────────────────────────────────────────┼──────────────────────────────────────────────────────────────────────────────────────────────────────────────────────────────────────────────────────────────────────────────────────────────────┤
│ - │ arn:${AWS::Partition}:execute-api:${AWS::Region}:${AWS::AccountId}:${controlplanesbtcontrolPlaneApicontrolPlaneAPI0727026B}/$default/DELETE/tenants/* │ Allow  │ execute-api:Invoke              │ AWS:${controlplane-sbt/tenantRegistrationService/tenantRegistrationLambda/TenantRegistrationFunc/ServiceRole} │                                                                                                                                                                                                  │
│   │ arn:${AWS::Partition}:execute-api:${AWS::Region}:${AWS::AccountId}:${controlplanesbtcontrolPlaneApicontrolPlaneAPI0727026B}/$default/POST/tenants     │        │                                 │                                                                                                               │                                                                                                                                                                                                  │
│   │ arn:${AWS::Partition}:execute-api:${AWS::Region}:${AWS::AccountId}:${controlplanesbtcontrolPlaneApicontrolPlaneAPI0727026B}/$default/PUT/tenants/*    │        │                                 │                                                                                                               │                                                                                                                                                                                                  │
├───┼───────────────────────────────────────────────────────────────────────────────────────────────────────────────────────────────────────────────────────┼────────┼─────────────────────────────────┼───────────────────────────────────────────────────────────────────────────────────────────────────────────────┼──────────────────────────────────────────────────────────────────────────────────────────────────────────────────────────────────────────────────────────────────────────────────────────────────┤
│ - │ arn:${AWS::Partition}:logs:${AWS::Region}:${AWS::AccountId}:log-group:/aws/codebuild/${AdminWebUiAdminWebUiReactBuildProjectC8D6BA9F}                 │ Allow  │ logs:CreateLogGroup             │ AWS:${AdminWebUi/AdminWebUiReactBuildProject/Role}                                                            │                                                                                                                                                                                                  │
│   │ arn:${AWS::Partition}:logs:${AWS::Region}:${AWS::AccountId}:log-group:/aws/codebuild/${AdminWebUiAdminWebUiReactBuildProjectC8D6BA9F}:*               │        │ logs:CreateLogStream            │                                                                                                               │                                                                                                                                                                                                  │
│   │                                                                                                                                                       │        │ logs:PutLogEvents               │                                                                                                               │                                                                                                                                                                                                  │
├───┼───────────────────────────────────────────────────────────────────────────────────────────────────────────────────────────────────────────────────────┼────────┼─────────────────────────────────┼───────────────────────────────────────────────────────────────────────────────────────────────────────────────┼──────────────────────────────────────────────────────────────────────────────────────────────────────────────────────────────────────────────────────────────────────────────────────────────────┤
│ - │ arn:${AWS::Partition}:s3:::{"Fn::Sub":"cdk-hnb659fds-assets-${AWS::AccountId}-${AWS::Region}"}                                                        │ Allow  │ s3:GetBucket*                   │ AWS:${Custom::CDKBucketDeployment8693BB64968944B69AAFB0CC9EB8756C1024MiB/ServiceRole}                         │                                                                                                                                                                                                  │
│   │ arn:${AWS::Partition}:s3:::{"Fn::Sub":"cdk-hnb659fds-assets-${AWS::AccountId}-${AWS::Region}"}/*                                                      │        │ s3:GetObject*                   │                                                                                                               │                                                                                                                                                                                                  │
│   │                                                                                                                                                       │        │ s3:List*                        │                                                                                                               │                                                                                                                                                                                                  │
├───┼───────────────────────────────────────────────────────────────────────────────────────────────────────────────────────────────────────────────────────┼────────┼─────────────────────────────────┼───────────────────────────────────────────────────────────────────────────────────────────────────────────────┼──────────────────────────────────────────────────────────────────────────────────────────────────────────────────────────────────────────────────────────────────────────────────────────────────┤
│ + │ arn:aws:codebuild:ap-south-1:257526644020:report-group/${AdminWebUi/AdminWebUiReactBuildProject}-*                                                    │ Allow  │ codebuild:BatchPutCodeCoverages │ AWS:${AdminWebUi/AdminWebUiReactBuildProject/Role}                                                            │                                                                                                                                                                                                  │
│   │                                                                                                                                                       │        │ codebuild:BatchPutTestCases     │                                                                                                               │                                                                                                                                                                                                  │
│   │                                                                                                                                                       │        │ codebuild:CreateReport          │                                                                                                               │                                                                                                                                                                                                  │
│   │                                                                                                                                                       │        │ codebuild:CreateReportGroup     │                                                                                                               │                                                                                                                                                                                                  │
│   │                                                                                                                                                       │        │ codebuild:UpdateReport          │                                                                                                               │                                                                                                                                                                                                  │
├───┼───────────────────────────────────────────────────────────────────────────────────────────────────────────────────────────────────────────────────────┼────────┼─────────────────────────────────┼───────────────────────────────────────────────────────────────────────────────────────────────────────────────┼──────────────────────────────────────────────────────────────────────────────────────────────────────────────────────────────────────────────────────────────────────────────────────────────────┤
│ - │ arn:aws:dynamodb:${AWS::Region}:${AWS::AccountId}:table/edforge-identity-advanced                                                                     │ Allow  │ dynamodb:GetItem                │ AWS:${TenantSeeder/TenantSeederFn/ServiceRole}                                                                │                                                                                                                                                                                                  │
│   │ arn:aws:dynamodb:${AWS::Region}:${AWS::AccountId}:table/edforge-identity-basic                                                                        │        │ dynamodb:PutItem                │                                                                                                               │                                                                                                                                                                                                  │
│   │ arn:aws:dynamodb:${AWS::Region}:${AWS::AccountId}:table/edforge-identity-premium                                                                      │        │ dynamodb:UpdateItem             │                                                                                                               │                                                                                                                                                                                                  │
├───┼───────────────────────────────────────────────────────────────────────────────────────────────────────────────────────────────────────────────────────┼────────┼─────────────────────────────────┼───────────────────────────────────────────────────────────────────────────────────────────────────────────────┼──────────────────────────────────────────────────────────────────────────────────────────────────────────────────────────────────────────────────────────────────────────────────────────────────┤
│ + │ arn:aws:dynamodb:ap-south-1:257526644020:table/edforge-identity-advanced                                                                              │ Allow  │ dynamodb:GetItem                │ AWS:${TenantSeeder/TenantSeederFn/ServiceRole}                                                                │                                                                                                                                                                                                  │
│   │ arn:aws:dynamodb:ap-south-1:257526644020:table/edforge-identity-basic                                                                                 │        │ dynamodb:PutItem                │                                                                                                               │                                                                                                                                                                                                  │
│   │ arn:aws:dynamodb:ap-south-1:257526644020:table/edforge-identity-premium                                                                               │        │ dynamodb:UpdateItem             │                                                                                                               │                                                                                                                                                                                                  │
├───┼───────────────────────────────────────────────────────────────────────────────────────────────────────────────────────────────────────────────────────┼────────┼─────────────────────────────────┼───────────────────────────────────────────────────────────────────────────────────────────────────────────────┼──────────────────────────────────────────────────────────────────────────────────────────────────────────────────────────────────────────────────────────────────────────────────────────────────┤
│ - │ arn:aws:events:${AWS::Region}:${AWS::AccountId}:event-bus/${controlplane-sbt/EventManager/SbtEventBus}                                                │ Allow  │ events:PutEvents                │ AWS:${EventDLQ/DLQProcessor/ServiceRole}                                                                      │                                                                                                                                                                                                  │
├───┼───────────────────────────────────────────────────────────────────────────────────────────────────────────────────────────────────────────────────────┼────────┼─────────────────────────────────┼───────────────────────────────────────────────────────────────────────────────────────────────────────────────┼──────────────────────────────────────────────────────────────────────────────────────────────────────────────────────────────────────────────────────────────────────────────────────────────────┤
│ + │ arn:aws:events:ap-south-1:257526644020:event-bus/${controlplane-sbt/EventManager/SbtEventBus}                                                         │ Allow  │ events:PutEvents                │ AWS:${EventDLQ/DLQProcessor/ServiceRole}                                                                      │                                                                                                                                                                                                  │
├───┼───────────────────────────────────────────────────────────────────────────────────────────────────────────────────────────────────────────────────────┼────────┼─────────────────────────────────┼───────────────────────────────────────────────────────────────────────────────────────────────────────────────┼──────────────────────────────────────────────────────────────────────────────────────────────────────────────────────────────────────────────────────────────────────────────────────────────────┤
│ + │ arn:aws:execute-api:ap-south-1:257526644020:${controlplane-sbt/controlPlaneApi/controlPlaneAPI}/$default/DELETE/tenants/*                             │ Allow  │ execute-api:Invoke              │ AWS:${controlplane-sbt/tenantRegistrationService/tenantRegistrationLambda/TenantRegistrationFunc/ServiceRole} │                                                                                                                                                                                                  │
│   │ arn:aws:execute-api:ap-south-1:257526644020:${controlplanesbtcontrolPlaneApicontrolPlaneAPI0727026B}/$default/POST/tenants                            │        │                                 │                                                                                                               │                                                                                                                                                                                                  │
│   │ arn:aws:execute-api:ap-south-1:257526644020:${controlplane-sbt/controlPlaneApi/controlPlaneAPI}/$default/PUT/tenants/*                                │        │                                 │                                                                                                               │                                                                                                                                                                                                  │
├───┼───────────────────────────────────────────────────────────────────────────────────────────────────────────────────────────────────────────────────────┼────────┼─────────────────────────────────┼───────────────────────────────────────────────────────────────────────────────────────────────────────────────┼──────────────────────────────────────────────────────────────────────────────────────────────────────────────────────────────────────────────────────────────────────────────────────────────────┤
│ + │ arn:aws:logs:ap-south-1:257526644020:log-group:/aws/codebuild/${AdminWebUi/AdminWebUiReactBuildProject}                                               │ Allow  │ logs:CreateLogGroup             │ AWS:${AdminWebUi/AdminWebUiReactBuildProject/Role}                                                            │                                                                                                                                                                                                  │
│   │ arn:aws:logs:ap-south-1:257526644020:log-group:/aws/codebuild/${AdminWebUiAdminWebUiReactBuildProjectC8D6BA9F}:*                                      │        │ logs:CreateLogStream            │                                                                                                               │                                                                                                                                                                                                  │
│   │                                                                                                                                                       │        │ logs:PutLogEvents               │                                                                                                               │                                                                                                                                                                                                  │
├───┼───────────────────────────────────────────────────────────────────────────────────────────────────────────────────────────────────────────────────────┼────────┼─────────────────────────────────┼───────────────────────────────────────────────────────────────────────────────────────────────────────────────┼──────────────────────────────────────────────────────────────────────────────────────────────────────────────────────────────────────────────────────────────────────────────────────────────────┤
│ + │ arn:aws:s3:::cdk-hnb659fds-assets-257526644020-ap-south-1                                                                                             │ Allow  │ s3:GetBucket*                   │ AWS:${Custom::CDKBucketDeployment8693BB64968944B69AAFB0CC9EB8756C1024MiB/ServiceRole}                         │                                                                                                                                                                                                  │
│   │ arn:aws:s3:::cdk-hnb659fds-assets-257526644020-ap-south-1/*                                                                                           │        │ s3:GetObject*                   │                                                                                                               │                                                                                                                                                                                                  │
│   │                                                                                                                                                       │        │ s3:List*                        │                                                                                                               │                                                                                                                                                                                                  │
└───┴───────────────────────────────────────────────────────────────────────────────────────────────────────────────────────────────────────────────────────┴────────┴─────────────────────────────────┴───────────────────────────────────────────────────────────────────────────────────────────────────────────────┴──────────────────────────────────────────────────────────────────────────────────────────────────────────────────────────────────────────────────────────────────────────────────────────────────┘
(NOTE: There may be security-related changes not in this list. See https://github.com/aws/aws-cdk/issues/1299)

Conditions
[-] Condition CDKMetadataAvailable: {"Fn::Or":[{"Fn::Or":[{"Fn::Equals":[{"Ref":"AWS::Region"},"af-south-1"]},{"Fn::Equals":[{"Ref":"AWS::Region"},"ap-east-1"]},{"Fn::Equals":[{"Ref":"AWS::Region"},"ap-northeast-1"]},{"Fn::Equals":[{"Ref":"AWS::Region"},"ap-northeast-2"]},{"Fn::Equals":[{"Ref":"AWS::Region"},"ap-northeast-3"]},{"Fn::Equals":[{"Ref":"AWS::Region"},"ap-south-1"]},{"Fn::Equals":[{"Ref":"AWS::Region"},"ap-south-2"]},{"Fn::Equals":[{"Ref":"AWS::Region"},"ap-southeast-1"]},{"Fn::Equals":[{"Ref":"AWS::Region"},"ap-southeast-2"]},{"Fn::Equals":[{"Ref":"AWS::Region"},"ap-southeast-3"]}]},{"Fn::Or":[{"Fn::Equals":[{"Ref":"AWS::Region"},"ap-southeast-4"]},{"Fn::Equals":[{"Ref":"AWS::Region"},"ca-central-1"]},{"Fn::Equals":[{"Ref":"AWS::Region"},"ca-west-1"]},{"Fn::Equals":[{"Ref":"AWS::Region"},"cn-north-1"]},{"Fn::Equals":[{"Ref":"AWS::Region"},"cn-northwest-1"]},{"Fn::Equals":[{"Ref":"AWS::Region"},"eu-central-1"]},{"Fn::Equals":[{"Ref":"AWS::Region"},"eu-central-2"]},{"Fn::Equals":[{"Ref":"AWS::Region"},"eu-north-1"]},{"Fn::Equals":[{"Ref":"AWS::Region"},"eu-south-1"]},{"Fn::Equals":[{"Ref":"AWS::Region"},"eu-south-2"]}]},{"Fn::Or":[{"Fn::Equals":[{"Ref":"AWS::Region"},"eu-west-1"]},{"Fn::Equals":[{"Ref":"AWS::Region"},"eu-west-2"]},{"Fn::Equals":[{"Ref":"AWS::Region"},"eu-west-3"]},{"Fn::Equals":[{"Ref":"AWS::Region"},"il-central-1"]},{"Fn::Equals":[{"Ref":"AWS::Region"},"me-central-1"]},{"Fn::Equals":[{"Ref":"AWS::Region"},"me-south-1"]},{"Fn::Equals":[{"Ref":"AWS::Region"},"sa-east-1"]},{"Fn::Equals":[{"Ref":"AWS::Region"},"us-east-1"]},{"Fn::Equals":[{"Ref":"AWS::Region"},"us-east-2"]},{"Fn::Equals":[{"Ref":"AWS::Region"},"us-west-1"]}]},{"Fn::Equals":[{"Ref":"AWS::Region"},"us-west-2"]}]}

Resources
[~] Custom::DescribeCognitoUserPoolClient CognitoAuth/UserPoolMachineClient/DescribeCognitoUserPoolClient/Resource CognitoAuthUserPoolMachineClientDescribeCognitoUserPoolClientA2620E4D may be replaced
 ├─ [~] Create (may cause replacement)
 │   └─ [~] .Fn::Join:
 │       └─ @@ -1,12 +1,8 @@
 │          [ ] [
 │          [ ]   "",
 │          [ ]   [
 │          [-]     "{\"region\":\"",
 │          [+]     "{\"region\":\"ap-south-1\",\"service\":\"CognitoIdentityServiceProvider\",\"action\":\"describeUserPoolClient\",\"parameters\":{\"UserPoolId\":\"",
 │          [ ]     {
 │          [-]       "Ref": "AWS::Region"
 │          [-]     },
 │          [-]     "\",\"service\":\"CognitoIdentityServiceProvider\",\"action\":\"describeUserPoolClient\",\"parameters\":{\"UserPoolId\":\"",
 │          [-]     {
 │          [ ]       "Ref": "CognitoAuthUserPool9F7F9231"
 │          [ ]     },
 │          [ ]     "\",\"ClientId\":\"",
 └─ [~] Update (may cause replacement)
     └─ [~] .Fn::Join:
         └─ @@ -1,12 +1,8 @@
            [ ] [
            [ ]   "",
            [ ]   [
            [-]     "{\"region\":\"",
            [+]     "{\"region\":\"ap-south-1\",\"service\":\"CognitoIdentityServiceProvider\",\"action\":\"describeUserPoolClient\",\"parameters\":{\"UserPoolId\":\"",
            [ ]     {
            [-]       "Ref": "AWS::Region"
            [-]     },
            [-]     "\",\"service\":\"CognitoIdentityServiceProvider\",\"action\":\"describeUserPoolClient\",\"parameters\":{\"UserPoolId\":\"",
            [-]     {
            [ ]       "Ref": "CognitoAuthUserPool9F7F9231"
            [ ]     },
            [ ]     "\",\"ClientId\":\"",
[~] AWS::Lambda::Permission controlplane-sbt/controlPlaneApi/controlPlaneAPI/GET--tenants/tenantsHttpLambdaIntegration-Permission controlplanesbtcontrolPlaneApicontrolPlaneAPIGETtenantstenantsHttpLambdaIntegrationPermission5261403B replace
 └─ [~] SourceArn (requires replacement)
     └─ [~] .Fn::Join:
         └─ @@ -1,20 +1,8 @@
            [ ] [
            [ ]   "",
            [ ]   [
            [-]     "arn:",
            [+]     "arn:aws:execute-api:ap-south-1:257526644020:",
            [ ]     {
            [-]       "Ref": "AWS::Partition"
            [-]     },
            [-]     ":execute-api:",
            [-]     {
            [-]       "Ref": "AWS::Region"
            [-]     },
            [-]     ":",
            [-]     {
            [-]       "Ref": "AWS::AccountId"
            [-]     },
            [-]     ":",
            [-]     {
            [ ]       "Ref": "controlplanesbtcontrolPlaneApicontrolPlaneAPI0727026B"
            [ ]     },
            [ ]     "/*/*/tenants"
[~] AWS::ApiGatewayV2::Authorizer controlplane-sbt/controlPlaneApi/controlPlaneAPI/tenantsAuthorizer controlplanesbtcontrolPlaneApicontrolPlaneAPItenantsAuthorizer98A1C219
 └─ [~] JwtConfiguration
     └─ [~] .Issuer:
         └─ [~] .Fn::Join:
             └─ @@ -1,12 +1,8 @@
                [ ] [
                [ ]   "",
                [ ]   [
                [-]     "https://cognito-idp.",
                [+]     "https://cognito-idp.ap-south-1.amazonaws.com/",
                [ ]     {
                [-]       "Ref": "AWS::Region"
                [-]     },
                [-]     ".amazonaws.com/",
                [-]     {
                [ ]       "Ref": "CognitoAuthUserPool9F7F9231"
                [ ]     }
                [ ]   ]
[~] AWS::Lambda::Permission controlplane-sbt/controlPlaneApi/controlPlaneAPI/POST--tenants/tenantsHttpLambdaIntegration-Permission controlplanesbtcontrolPlaneApicontrolPlaneAPIPOSTtenantstenantsHttpLambdaIntegrationPermission4825B13A replace
 └─ [~] SourceArn (requires replacement)
     └─ [~] .Fn::Join:
         └─ @@ -1,20 +1,8 @@
            [ ] [
            [ ]   "",
            [ ]   [
            [-]     "arn:",
            [+]     "arn:aws:execute-api:ap-south-1:257526644020:",
            [ ]     {
            [-]       "Ref": "AWS::Partition"
            [-]     },
            [-]     ":execute-api:",
            [-]     {
            [-]       "Ref": "AWS::Region"
            [-]     },
            [-]     ":",
            [-]     {
            [-]       "Ref": "AWS::AccountId"
            [-]     },
            [-]     ":",
            [-]     {
            [ ]       "Ref": "controlplanesbtcontrolPlaneApicontrolPlaneAPI0727026B"
            [ ]     },
            [ ]     "/*/*/tenants"
[~] AWS::Lambda::Permission controlplane-sbt/controlPlaneApi/controlPlaneAPI/DELETE--tenants--{tenantId}/tenantsHttpLambdaIntegration-Permission controlplanesbtcontrolPlaneApicontrolPlaneAPIDELETEtenantstenantIdtenantsHttpLambdaIntegrationPermission5E9C6B02 replace
 └─ [~] SourceArn (requires replacement)
     └─ [~] .Fn::Join:
         └─ @@ -1,20 +1,8 @@
            [ ] [
            [ ]   "",
            [ ]   [
            [-]     "arn:",
            [+]     "arn:aws:execute-api:ap-south-1:257526644020:",
            [ ]     {
            [-]       "Ref": "AWS::Partition"
            [-]     },
            [-]     ":execute-api:",
            [-]     {
            [-]       "Ref": "AWS::Region"
            [-]     },
            [-]     ":",
            [-]     {
            [-]       "Ref": "AWS::AccountId"
            [-]     },
            [-]     ":",
            [-]     {
            [ ]       "Ref": "controlplanesbtcontrolPlaneApicontrolPlaneAPI0727026B"
            [ ]     },
            [ ]     "/*/*/tenants/{tenantId}"
[~] AWS::Lambda::Permission controlplane-sbt/controlPlaneApi/controlPlaneAPI/GET--tenants--{tenantId}/tenantsHttpLambdaIntegration-Permission controlplanesbtcontrolPlaneApicontrolPlaneAPIGETtenantstenantIdtenantsHttpLambdaIntegrationPermission7618B4CE replace
 └─ [~] SourceArn (requires replacement)
     └─ [~] .Fn::Join:
         └─ @@ -1,20 +1,8 @@
            [ ] [
            [ ]   "",
            [ ]   [
            [-]     "arn:",
            [+]     "arn:aws:execute-api:ap-south-1:257526644020:",
            [ ]     {
            [-]       "Ref": "AWS::Partition"
            [-]     },
            [-]     ":execute-api:",
            [-]     {
            [-]       "Ref": "AWS::Region"
            [-]     },
            [-]     ":",
            [-]     {
            [-]       "Ref": "AWS::AccountId"
            [-]     },
            [-]     ":",
            [-]     {
            [ ]       "Ref": "controlplanesbtcontrolPlaneApicontrolPlaneAPI0727026B"
            [ ]     },
            [ ]     "/*/*/tenants/{tenantId}"
[~] AWS::Lambda::Permission controlplane-sbt/controlPlaneApi/controlPlaneAPI/PUT--tenants--{tenantId}/tenantsHttpLambdaIntegration-Permission controlplanesbtcontrolPlaneApicontrolPlaneAPIPUTtenantstenantIdtenantsHttpLambdaIntegrationPermission3678E74C replace
 └─ [~] SourceArn (requires replacement)
     └─ [~] .Fn::Join:
         └─ @@ -1,20 +1,8 @@
            [ ] [
            [ ]   "",
            [ ]   [
            [-]     "arn:",
            [+]     "arn:aws:execute-api:ap-south-1:257526644020:",
            [ ]     {
            [-]       "Ref": "AWS::Partition"
            [-]     },
            [-]     ":execute-api:",
            [-]     {
            [-]       "Ref": "AWS::Region"
            [-]     },
            [-]     ":",
            [-]     {
            [-]       "Ref": "AWS::AccountId"
            [-]     },
            [-]     ":",
            [-]     {
            [ ]       "Ref": "controlplanesbtcontrolPlaneApicontrolPlaneAPI0727026B"
            [ ]     },
            [ ]     "/*/*/tenants/{tenantId}"
[~] AWS::Lambda::Permission controlplane-sbt/controlPlaneApi/controlPlaneAPI/GET--tenant-registrations/tenantsHttpLambdaIntegration-Permission controlplanesbtcontrolPlaneApicontrolPlaneAPIGETtenantregistrationstenantsHttpLambdaIntegrationPermissionB5FB4FB5 replace
 └─ [~] SourceArn (requires replacement)
     └─ [~] .Fn::Join:
         └─ @@ -1,20 +1,8 @@
            [ ] [
            [ ]   "",
            [ ]   [
            [-]     "arn:",
            [+]     "arn:aws:execute-api:ap-south-1:257526644020:",
            [ ]     {
            [-]       "Ref": "AWS::Partition"
            [-]     },
            [-]     ":execute-api:",
            [-]     {
            [-]       "Ref": "AWS::Region"
            [-]     },
            [-]     ":",
            [-]     {
            [-]       "Ref": "AWS::AccountId"
            [-]     },
            [-]     ":",
            [-]     {
            [ ]       "Ref": "controlplanesbtcontrolPlaneApicontrolPlaneAPI0727026B"
            [ ]     },
            [ ]     "/*/*/tenant-registrations"
[~] AWS::Lambda::Permission controlplane-sbt/controlPlaneApi/controlPlaneAPI/POST--tenant-registrations/tenantsHttpLambdaIntegration-Permission controlplanesbtcontrolPlaneApicontrolPlaneAPIPOSTtenantregistrationstenantsHttpLambdaIntegrationPermissionD14542B3 replace
 └─ [~] SourceArn (requires replacement)
     └─ [~] .Fn::Join:
         └─ @@ -1,20 +1,8 @@
            [ ] [
            [ ]   "",
            [ ]   [
            [-]     "arn:",
            [+]     "arn:aws:execute-api:ap-south-1:257526644020:",
            [ ]     {
            [-]       "Ref": "AWS::Partition"
            [-]     },
            [-]     ":execute-api:",
            [-]     {
            [-]       "Ref": "AWS::Region"
            [-]     },
            [-]     ":",
            [-]     {
            [-]       "Ref": "AWS::AccountId"
            [-]     },
            [-]     ":",
            [-]     {
            [ ]       "Ref": "controlplanesbtcontrolPlaneApicontrolPlaneAPI0727026B"
            [ ]     },
            [ ]     "/*/*/tenant-registrations"
[~] AWS::Lambda::Permission controlplane-sbt/controlPlaneApi/controlPlaneAPI/DELETE--tenant-registrations--{tenantRegistrationId}/tenantsHttpLambdaIntegration-Permission controlplanesbtcontrolPlaneApicontrolPlaneAPIDELETEtenantregistrationstenantRegistrationIdtenantsHttpLambdaIntegrationPermission6F74BA21 replace
 └─ [~] SourceArn (requires replacement)
     └─ [~] .Fn::Join:
         └─ @@ -1,20 +1,8 @@
            [ ] [
            [ ]   "",
            [ ]   [
            [-]     "arn:",
            [+]     "arn:aws:execute-api:ap-south-1:257526644020:",
            [ ]     {
            [-]       "Ref": "AWS::Partition"
            [-]     },
            [-]     ":execute-api:",
            [-]     {
            [-]       "Ref": "AWS::Region"
            [-]     },
            [-]     ":",
            [-]     {
            [-]       "Ref": "AWS::AccountId"
            [-]     },
            [-]     ":",
            [-]     {
            [ ]       "Ref": "controlplanesbtcontrolPlaneApicontrolPlaneAPI0727026B"
            [ ]     },
            [ ]     "/*/*/tenant-registrations/{tenantRegistrationId}"
[~] AWS::Lambda::Permission controlplane-sbt/controlPlaneApi/controlPlaneAPI/GET--tenant-registrations--{tenantRegistrationId}/tenantsHttpLambdaIntegration-Permission controlplanesbtcontrolPlaneApicontrolPlaneAPIGETtenantregistrationstenantRegistrationIdtenantsHttpLambdaIntegrationPermission9085C72D replace
 └─ [~] SourceArn (requires replacement)
     └─ [~] .Fn::Join:
         └─ @@ -1,20 +1,8 @@
            [ ] [
            [ ]   "",
            [ ]   [
            [-]     "arn:",
            [+]     "arn:aws:execute-api:ap-south-1:257526644020:",
            [ ]     {
            [-]       "Ref": "AWS::Partition"
            [-]     },
            [-]     ":execute-api:",
            [-]     {
            [-]       "Ref": "AWS::Region"
            [-]     },
            [-]     ":",
            [-]     {
            [-]       "Ref": "AWS::AccountId"
            [-]     },
            [-]     ":",
            [-]     {
            [ ]       "Ref": "controlplanesbtcontrolPlaneApicontrolPlaneAPI0727026B"
            [ ]     },
            [ ]     "/*/*/tenant-registrations/{tenantRegistrationId}"
[~] AWS::Lambda::Permission controlplane-sbt/controlPlaneApi/controlPlaneAPI/PATCH--tenant-registrations--{tenantRegistrationId}/tenantsHttpLambdaIntegration-Permission controlplanesbtcontrolPlaneApicontrolPlaneAPIPATCHtenantregistrationstenantRegistrationIdtenantsHttpLambdaIntegrationPermissionE6AFC2D7 replace
 └─ [~] SourceArn (requires replacement)
     └─ [~] .Fn::Join:
         └─ @@ -1,20 +1,8 @@
            [ ] [
            [ ]   "",
            [ ]   [
            [-]     "arn:",
            [+]     "arn:aws:execute-api:ap-south-1:257526644020:",
            [ ]     {
            [-]       "Ref": "AWS::Partition"
            [-]     },
            [-]     ":execute-api:",
            [-]     {
            [-]       "Ref": "AWS::Region"
            [-]     },
            [-]     ":",
            [-]     {
            [-]       "Ref": "AWS::AccountId"
            [-]     },
            [-]     ":",
            [-]     {
            [ ]       "Ref": "controlplanesbtcontrolPlaneApicontrolPlaneAPI0727026B"
            [ ]     },
            [ ]     "/*/*/tenant-registrations/{tenantRegistrationId}"
[~] AWS::Lambda::Permission controlplane-sbt/controlPlaneApi/controlPlaneAPI/GET--tenant-config/tenantConfigServiceHttpLambdaIntegration-Permission controlplanesbtcontrolPlaneApicontrolPlaneAPIGETtenantconfigtenantConfigServiceHttpLambdaIntegrationPermission68279E46 replace
 └─ [~] SourceArn (requires replacement)
     └─ [~] .Fn::Join:
         └─ @@ -1,20 +1,8 @@
            [ ] [
            [ ]   "",
            [ ]   [
            [-]     "arn:",
            [+]     "arn:aws:execute-api:ap-south-1:257526644020:",
            [ ]     {
            [-]       "Ref": "AWS::Partition"
            [-]     },
            [-]     ":execute-api:",
            [-]     {
            [-]       "Ref": "AWS::Region"
            [-]     },
            [-]     ":",
            [-]     {
            [-]       "Ref": "AWS::AccountId"
            [-]     },
            [-]     ":",
            [-]     {
            [ ]       "Ref": "controlplanesbtcontrolPlaneApicontrolPlaneAPI0727026B"
            [ ]     },
            [ ]     "/*/*/tenant-config"
[~] AWS::Lambda::Permission controlplane-sbt/controlPlaneApi/controlPlaneAPI/GET--tenant-config--{tenantName}/tenantConfigServiceHttpLambdaIntegration-Permission controlplanesbtcontrolPlaneApicontrolPlaneAPIGETtenantconfigtenantNametenantConfigServiceHttpLambdaIntegrationPermission0E7E15F7 replace
 └─ [~] SourceArn (requires replacement)
     └─ [~] .Fn::Join:
         └─ @@ -1,20 +1,8 @@
            [ ] [
            [ ]   "",
            [ ]   [
            [-]     "arn:",
            [+]     "arn:aws:execute-api:ap-south-1:257526644020:",
            [ ]     {
            [-]       "Ref": "AWS::Partition"
            [-]     },
            [-]     ":execute-api:",
            [-]     {
            [-]       "Ref": "AWS::Region"
            [-]     },
            [-]     ":",
            [-]     {
            [-]       "Ref": "AWS::AccountId"
            [-]     },
            [-]     ":",
            [-]     {
            [ ]       "Ref": "controlplanesbtcontrolPlaneApicontrolPlaneAPI0727026B"
            [ ]     },
            [ ]     "/*/*/tenant-config/{tenantName}"
[~] AWS::Lambda::Permission controlplane-sbt/controlPlaneApi/controlPlaneAPI/POST--users/tenantsHttpLambdaIntegration-Permission controlplanesbtcontrolPlaneApicontrolPlaneAPIPOSTuserstenantsHttpLambdaIntegrationPermissionAE41AC7D replace
 └─ [~] SourceArn (requires replacement)
     └─ [~] .Fn::Join:
         └─ @@ -1,20 +1,8 @@
            [ ] [
            [ ]   "",
            [ ]   [
            [-]     "arn:",
            [+]     "arn:aws:execute-api:ap-south-1:257526644020:",
            [ ]     {
            [-]       "Ref": "AWS::Partition"
            [-]     },
            [-]     ":execute-api:",
            [-]     {
            [-]       "Ref": "AWS::Region"
            [-]     },
            [-]     ":",
            [-]     {
            [-]       "Ref": "AWS::AccountId"
            [-]     },
            [-]     ":",
            [-]     {
            [ ]       "Ref": "controlplanesbtcontrolPlaneApicontrolPlaneAPI0727026B"
            [ ]     },
            [ ]     "/*/*/users"
[~] AWS::Lambda::Permission controlplane-sbt/controlPlaneApi/controlPlaneAPI/GET--users/tenantsHttpLambdaIntegration-Permission controlplanesbtcontrolPlaneApicontrolPlaneAPIGETuserstenantsHttpLambdaIntegrationPermission836CEB16 replace
 └─ [~] SourceArn (requires replacement)
     └─ [~] .Fn::Join:
         └─ @@ -1,20 +1,8 @@
            [ ] [
            [ ]   "",
            [ ]   [
            [-]     "arn:",
            [+]     "arn:aws:execute-api:ap-south-1:257526644020:",
            [ ]     {
            [-]       "Ref": "AWS::Partition"
            [-]     },
            [-]     ":execute-api:",
            [-]     {
            [-]       "Ref": "AWS::Region"
            [-]     },
            [-]     ":",
            [-]     {
            [-]       "Ref": "AWS::AccountId"
            [-]     },
            [-]     ":",
            [-]     {
            [ ]       "Ref": "controlplanesbtcontrolPlaneApicontrolPlaneAPI0727026B"
            [ ]     },
            [ ]     "/*/*/users"
[~] AWS::Lambda::Permission controlplane-sbt/controlPlaneApi/controlPlaneAPI/GET--users--{userId}/tenantsHttpLambdaIntegration-Permission controlplanesbtcontrolPlaneApicontrolPlaneAPIGETusersuserIdtenantsHttpLambdaIntegrationPermission75468268 replace
 └─ [~] SourceArn (requires replacement)
     └─ [~] .Fn::Join:
         └─ @@ -1,20 +1,8 @@
            [ ] [
            [ ]   "",
            [ ]   [
            [-]     "arn:",
            [+]     "arn:aws:execute-api:ap-south-1:257526644020:",
            [ ]     {
            [-]       "Ref": "AWS::Partition"
            [-]     },
            [-]     ":execute-api:",
            [-]     {
            [-]       "Ref": "AWS::Region"
            [-]     },
            [-]     ":",
            [-]     {
            [-]       "Ref": "AWS::AccountId"
            [-]     },
            [-]     ":",
            [-]     {
            [ ]       "Ref": "controlplanesbtcontrolPlaneApicontrolPlaneAPI0727026B"
            [ ]     },
            [ ]     "/*/*/users/{userId}"
[~] AWS::Lambda::Permission controlplane-sbt/controlPlaneApi/controlPlaneAPI/PUT--users--{userId}/tenantsHttpLambdaIntegration-Permission controlplanesbtcontrolPlaneApicontrolPlaneAPIPUTusersuserIdtenantsHttpLambdaIntegrationPermissionFC83BFD3 replace
 └─ [~] SourceArn (requires replacement)
     └─ [~] .Fn::Join:
         └─ @@ -1,20 +1,8 @@
            [ ] [
            [ ]   "",
            [ ]   [
            [-]     "arn:",
            [+]     "arn:aws:execute-api:ap-south-1:257526644020:",
            [ ]     {
            [-]       "Ref": "AWS::Partition"
            [-]     },
            [-]     ":execute-api:",
            [-]     {
            [-]       "Ref": "AWS::Region"
            [-]     },
            [-]     ":",
            [-]     {
            [-]       "Ref": "AWS::AccountId"
            [-]     },
            [-]     ":",
            [-]     {
            [ ]       "Ref": "controlplanesbtcontrolPlaneApicontrolPlaneAPI0727026B"
            [ ]     },
            [ ]     "/*/*/users/{userId}"
[~] AWS::Lambda::Permission controlplane-sbt/controlPlaneApi/controlPlaneAPI/DELETE--users--{userId}/tenantsHttpLambdaIntegration-Permission controlplanesbtcontrolPlaneApicontrolPlaneAPIDELETEusersuserIdtenantsHttpLambdaIntegrationPermission367F5FCF replace
 └─ [~] SourceArn (requires replacement)
     └─ [~] .Fn::Join:
         └─ @@ -1,20 +1,8 @@
            [ ] [
            [ ]   "",
            [ ]   [
            [-]     "arn:",
            [+]     "arn:aws:execute-api:ap-south-1:257526644020:",
            [ ]     {
            [-]       "Ref": "AWS::Partition"
            [-]     },
            [-]     ":execute-api:",
            [-]     {
            [-]       "Ref": "AWS::Region"
            [-]     },
            [-]     ":",
            [-]     {
            [-]       "Ref": "AWS::AccountId"
            [-]     },
            [-]     ":",
            [-]     {
            [ ]       "Ref": "controlplanesbtcontrolPlaneApicontrolPlaneAPI0727026B"
            [ ]     },
            [ ]     "/*/*/users/{userId}"
[~] AWS::IAM::Policy controlplane-sbt/tenantRegistrationService/tenantRegistrationLambda/TenantRegistrationFunc/ServiceRole/DefaultPolicy controlplanesbttenantRegistrationServicetenantRegistrationLambdaTenantRegistrationFuncServiceRoleDefaultPolicy302347DD
 └─ [~] PolicyDocument
     └─ [~] .Statement:
         └─ @@ -45,20 +45,8 @@
            [ ] "Fn::Join": [
            [ ]   "",
            [ ]   [
            [-]     "arn:",
            [+]     "arn:aws:execute-api:ap-south-1:257526644020:",
            [ ]     {
            [-]       "Ref": "AWS::Partition"
            [-]     },
            [-]     ":execute-api:",
            [-]     {
            [-]       "Ref": "AWS::Region"
            [-]     },
            [-]     ":",
            [-]     {
            [-]       "Ref": "AWS::AccountId"
            [-]     },
            [-]     ":",
            [-]     {
            [ ]       "Ref": "controlplanesbtcontrolPlaneApicontrolPlaneAPI0727026B"
            [ ]     },
            [ ]     "/$default/DELETE/tenants/*"
            @@ -69,20 +57,8 @@
            [ ] "Fn::Join": [
            [ ]   "",
            [ ]   [
            [-]     "arn:",
            [+]     "arn:aws:execute-api:ap-south-1:257526644020:",
            [ ]     {
            [-]       "Ref": "AWS::Partition"
            [-]     },
            [-]     ":execute-api:",
            [-]     {
            [-]       "Ref": "AWS::Region"
            [-]     },
            [-]     ":",
            [-]     {
            [-]       "Ref": "AWS::AccountId"
            [-]     },
            [-]     ":",
            [-]     {
            [ ]       "Ref": "controlplanesbtcontrolPlaneApicontrolPlaneAPI0727026B"
            [ ]     },
            [ ]     "/$default/POST/tenants"
            @@ -93,20 +69,8 @@
            [ ] "Fn::Join": [
            [ ]   "",
            [ ]   [
            [-]     "arn:",
            [+]     "arn:aws:execute-api:ap-south-1:257526644020:",
            [ ]     {
            [-]       "Ref": "AWS::Partition"
            [-]     },
            [-]     ":execute-api:",
            [-]     {
            [-]       "Ref": "AWS::Region"
            [-]     },
            [-]     ":",
            [-]     {
            [-]       "Ref": "AWS::AccountId"
            [-]     },
            [-]     ":",
            [-]     {
            [ ]       "Ref": "controlplanesbtcontrolPlaneApicontrolPlaneAPI0727026B"
            [ ]     },
            [ ]     "/$default/PUT/tenants/*"
[~] AWS::Lambda::Function controlplane-sbt/tenantRegistrationService/tenantRegistrationLambda/TenantRegistrationFunc controlplanesbttenantRegistrationServicetenantRegistrationLambdaTenantRegistrationFunc48A324A1
 └─ [~] Environment
     └─ [~] .Variables:
         └─ [~] .TENANT_API_URL:
             └─ [~] .Fn::Join:
                 └─ @@ -5,12 +5,8 @@
                    [ ] {
                    [ ]   "Ref": "controlplanesbtcontrolPlaneApicontrolPlaneAPI0727026B"
                    [ ] },
                    [-] ".execute-api.",
                    [+] ".execute-api.ap-south-1.",
                    [ ] {
                    [-]   "Ref": "AWS::Region"
                    [-] },
                    [-] ".",
                    [-] {
                    [ ]   "Ref": "AWS::URLSuffix"
                    [ ] },
                    [ ] "/"
[~] AWS::Events::Connection controlplane-sbt/tenantRegistrationService/connection/Connection controlplanesbttenantRegistrationServiceconnectionConnection4EF316F0
 └─ [~] AuthParameters
     └─ [~] .OAuthParameters:
         └─ [~] .AuthorizationEndpoint:
             └─ [~] .Fn::Join:
                 └─ @@ -5,10 +5,6 @@
                    [ ]     {
                    [ ]       "Ref": "CognitoAuthUserPoolDomain01556BC6"
                    [ ]     },
                    [-]     ".auth.",
                    [-]     {
                    [-]       "Ref": "AWS::Region"
                    [-]     },
                    [-]     ".amazoncognito.com/oauth2/token"
                    [+]     ".auth.ap-south-1.amazoncognito.com/oauth2/token"
                    [ ]   ]
                    [ ] ]
[~] AWS::Events::ApiDestination controlplane-sbt/tenantRegistrationService/destination/ApiDestination controlplanesbttenantRegistrationServicedestinationApiDestination2698A127
 └─ [~] InvocationEndpoint
     └─ [~] .Fn::Join:
         └─ @@ -5,12 +5,8 @@
            [ ] {
            [ ]   "Ref": "controlplanesbtcontrolPlaneApicontrolPlaneAPI0727026B"
            [ ] },
            [-] ".execute-api.",
            [+] ".execute-api.ap-south-1.",
            [ ] {
            [-]   "Ref": "AWS::Region"
            [-] },
            [-] ".",
            [-] {
            [ ]   "Ref": "AWS::URLSuffix"
            [ ] },
            [ ] "/tenant-registrations/*"
[~] AWS::IAM::Policy EventDLQ/DLQProcessor/ServiceRole/DefaultPolicy EventDLQDLQProcessorServiceRoleDefaultPolicyBF812DE4
 └─ [~] PolicyDocument
     └─ [~] .Statement:
         └─ @@ -30,16 +30,8 @@
            [ ] "Fn::Join": [
            [ ]   "",
            [ ]   [
            [-]     "arn:aws:events:",
            [+]     "arn:aws:events:ap-south-1:257526644020:event-bus/",
            [ ]     {
            [-]       "Ref": "AWS::Region"
            [-]     },
            [-]     ":",
            [-]     {
            [-]       "Ref": "AWS::AccountId"
            [-]     },
            [-]     ":event-bus/",
            [-]     {
            [ ]       "Ref": "controlplanesbtEventManagerSbtEventBus84ECD1F3"
            [ ]     }
            [ ]   ]
[~] Custom::CDKBucketDeployment AdminWebUi/AdminSite/CustomResource-1024MiB AdminWebUiAdminSiteCustomResource1024MiBB5360447 may be replaced
 └─ [~] SourceObjectKeys (may cause replacement)
     └─ @@ -1,3 +1,3 @@
        [ ] [
        [-]   "9b8d4e9a77d8aa3792d938aac316afe0d6446f317948e3663aee2590c83f9655.zip"
        [+]   "a94769c0360dedfb787d1fc389b79447f0233668c08bbf4bc5bdc9b67be3373d.zip"
        [ ] ]
[~] AWS::IAM::Policy AdminWebUi/AdminWebUiReactBuildProject/Role/DefaultPolicy AdminWebUiAdminWebUiReactBuildProjectRoleDefaultPolicyAC957AE1
 └─ [~] PolicyDocument
     └─ [~] .Statement:
         └─ @@ -11,20 +11,8 @@
            [ ] "Fn::Join": [
            [ ]   "",
            [ ]   [
            [-]     "arn:",
            [+]     "arn:aws:logs:ap-south-1:257526644020:log-group:/aws/codebuild/",
            [ ]     {
            [-]       "Ref": "AWS::Partition"
            [-]     },
            [-]     ":logs:",
            [-]     {
            [-]       "Ref": "AWS::Region"
            [-]     },
            [-]     ":",
            [-]     {
            [-]       "Ref": "AWS::AccountId"
            [-]     },
            [-]     ":log-group:/aws/codebuild/",
            [-]     {
            [ ]       "Ref": "AdminWebUiAdminWebUiReactBuildProjectC8D6BA9F"
            [ ]     },
            [ ]     ":*"
            @@ -35,20 +23,8 @@
            [ ] "Fn::Join": [
            [ ]   "",
            [ ]   [
            [-]     "arn:",
            [+]     "arn:aws:logs:ap-south-1:257526644020:log-group:/aws/codebuild/",
            [ ]     {
            [-]       "Ref": "AWS::Partition"
            [-]     },
            [-]     ":logs:",
            [-]     {
            [-]       "Ref": "AWS::Region"
            [-]     },
            [-]     ":",
            [-]     {
            [-]       "Ref": "AWS::AccountId"
            [-]     },
            [-]     ":log-group:/aws/codebuild/",
            [-]     {
            [ ]       "Ref": "AdminWebUiAdminWebUiReactBuildProjectC8D6BA9F"
            [ ]     }
            [ ]   ]
            @@ -69,20 +45,8 @@
            [ ] "Fn::Join": [
            [ ]   "",
            [ ]   [
            [-]     "arn:",
            [+]     "arn:aws:codebuild:ap-south-1:257526644020:report-group/",
            [ ]     {
            [-]       "Ref": "AWS::Partition"
            [-]     },
            [-]     ":codebuild:",
            [-]     {
            [-]       "Ref": "AWS::Region"
            [-]     },
            [-]     ":",
            [-]     {
            [-]       "Ref": "AWS::AccountId"
            [-]     },
            [-]     ":report-group/",
            [-]     {
            [ ]       "Ref": "AdminWebUiAdminWebUiReactBuildProjectC8D6BA9F"
            [ ]     },
            [ ]     "-*"
[~] AWS::CodeBuild::Project AdminWebUi/AdminWebUiReactBuildProject AdminWebUiAdminWebUiReactBuildProjectC8D6BA9F may be replaced
 └─ [~] Source (may cause replacement)
     └─ [~] .BuildSpec:
         └─ [~] .Fn::Join:
             └─ @@ -9,28 +9,16 @@
                [ ] {
                [ ]   "Ref": "CognitoAuthUserPoolDomain01556BC6"
                [ ] },
                [-] ".auth.",
                [+] ".auth.ap-south-1.amazoncognito.com/oauth2/token\\\",\\n  \\\"apiUrl\\\": \\\"https://",
                [ ] {
                [-]   "Ref": "AWS::Region"
                [-] },
                [-] ".amazoncognito.com/oauth2/token\\\",\\n  \\\"apiUrl\\\": \\\"https://",
                [-] {
                [ ]   "Ref": "controlplanesbtcontrolPlaneApicontrolPlaneAPI0727026B"
                [ ] },
                [-] ".execute-api.",
                [+] ".execute-api.ap-south-1.",
                [ ] {
                [-]   "Ref": "AWS::Region"
                [-] },
                [-] ".",
                [-] {
                [ ]   "Ref": "AWS::URLSuffix"
                [ ] },
                [-] "/\\\",\\n  \\\"wellKnownEndpointUrl\\\": \\\"https://cognito-idp.",
                [+] "/\\\",\\n  \\\"wellKnownEndpointUrl\\\": \\\"https://cognito-idp.ap-south-1.amazonaws.com/",
                [ ] {
                [-]   "Ref": "AWS::Region"
                [-] },
                [-] ".amazonaws.com/",
                [-] {
                [ ]   "Ref": "CognitoAuthUserPool9F7F9231"
                [ ] },
                [ ] "/.well-known/openid-configuration\\\"\\n};\\n\\nexport { environment };\\nexport default environment;\\nEOF\",\n        \"npm run build || npm run build:fallback || GENERATE_SOURCEMAP=false npm run build\"\n      ]\n    }\n  },\n  \"artifacts\": {\n    \"files\": [\n      \"**/*\"\n    ],\n    \"base-directory\": \"build\"\n  }\n}"
[~] AWS::IAM::Policy Custom::CDKBucketDeployment8693BB64968944B69AAFB0CC9EB8756C1024MiB/ServiceRole/DefaultPolicy CustomCDKBucketDeployment8693BB64968944B69AAFB0CC9EB8756C1024MiBServiceRoleDefaultPolicy0801355D
 └─ [~] PolicyDocument
     └─ [~] .Statement:
         └─ @@ -7,37 +7,8 @@
            [ ]   ],
            [ ]   "Effect": "Allow",
            [ ]   "Resource": [
            [-]     {
            [-]       "Fn::Join": [
            [-]         "",
            [-]         [
            [-]           "arn:",
            [-]           {
            [-]             "Ref": "AWS::Partition"
            [-]           },
            [-]           ":s3:::",
            [-]           {
            [-]             "Fn::Sub": "cdk-hnb659fds-assets-${AWS::AccountId}-${AWS::Region}"
            [-]           },
            [-]           "/*"
            [-]         ]
            [-]       ]
            [-]     },
            [-]     {
            [-]       "Fn::Join": [
            [-]         "",
            [-]         [
            [-]           "arn:",
            [-]           {
            [-]             "Ref": "AWS::Partition"
            [-]           },
            [-]           ":s3:::",
            [-]           {
            [-]             "Fn::Sub": "cdk-hnb659fds-assets-${AWS::AccountId}-${AWS::Region}"
            [-]           }
            [-]         ]
            [-]       ]
            [-]     }
            [+]     "arn:aws:s3:::cdk-hnb659fds-assets-257526644020-ap-south-1",
            [+]     "arn:aws:s3:::cdk-hnb659fds-assets-257526644020-ap-south-1/*"
            [ ]   ]
            [ ] },
            [ ] {

Outputs
[~] Output controlPlaneAPIEndpoint: {"Value":{"Fn::Join":["",["https://",{"Ref":"controlplanesbtcontrolPlaneApicontrolPlaneAPI0727026B"},".execute-api.",{"Ref":"AWS::Region"},".",{"Ref":"AWS::URLSuffix"},"/"]]}} to {"Value":{"Fn::Join":["",["https://",{"Ref":"controlplanesbtcontrolPlaneApicontrolPlaneAPI0727026B"},".execute-api.ap-south-1.",{"Ref":"AWS::URLSuffix"},"/"]]}}
[~] Output ControlPlaneApiUrl ControlPlaneApiUrl: {"Description":"Control Plane API Gateway URL for AdminWeb NextJS application","Value":{"Fn::Join":["",["https://",{"Ref":"controlplanesbtcontrolPlaneApicontrolPlaneAPI0727026B"},".execute-api.",{"Ref":"AWS::Region"},".",{"Ref":"AWS::URLSuffix"},"/"]]},"Export":{"Name":"ControlPlaneApiUrl"}} to {"Description":"Control Plane API Gateway URL for AdminWeb NextJS application","Value":{"Fn::Join":["",["https://",{"Ref":"controlplanesbtcontrolPlaneApicontrolPlaneAPI0727026B"},".execute-api.ap-south-1.",{"Ref":"AWS::URLSuffix"},"/"]]},"Export":{"Name":"ControlPlaneApiUrl"}}
[~] Output CognitoWellKnownUrl CognitoWellKnownUrl: {"Description":"Cognito OIDC Well-Known Endpoint URL (contains user pool ID)","Value":{"Fn::Join":["",["https://cognito-idp.",{"Ref":"AWS::Region"},".amazonaws.com/",{"Ref":"CognitoAuthUserPool9F7F9231"},"/.well-known/openid-configuration"]]},"Export":{"Name":"CognitoWellKnownUrl"}} to {"Description":"Cognito OIDC Well-Known Endpoint URL (contains user pool ID)","Value":{"Fn::Join":["",["https://cognito-idp.ap-south-1.amazonaws.com/",{"Ref":"CognitoAuthUserPool9F7F9231"},"/.well-known/openid-configuration"]]},"Export":{"Name":"CognitoWellKnownUrl"}}
[~] Output CognitoTokenEndpoint CognitoTokenEndpoint: {"Description":"Cognito OAuth2 Token Endpoint","Value":{"Fn::Join":["",["https://",{"Ref":"CognitoAuthUserPoolDomain01556BC6"},".auth.",{"Ref":"AWS::Region"},".amazoncognito.com/oauth2/token"]]},"Export":{"Name":"CognitoTokenEndpoint"}} to {"Description":"Cognito OAuth2 Token Endpoint","Value":{"Fn::Join":["",["https://",{"Ref":"CognitoAuthUserPoolDomain01556BC6"},".auth.ap-south-1.amazoncognito.com/oauth2/token"]]},"Export":{"Name":"CognitoTokenEndpoint"}}


start: Building analytics-stack Template
success: Built analytics-stack Template
start: Publishing analytics-stack Template (257526644020-ap-south-1)
success: Published analytics-stack Template (257526644020-ap-south-1)
Hold on while we create a read-only change set to get a diff with accurate replacement information (use --method=template to use a less accurate but faster template-only diff)

Stack analytics-stack
IAM Statement Changes
┌───┬───────────────────────────────────────────────────────────────────────────────────────────────────────────────────────────────────────────────────────────────────────────┬────────┬───────────────────────┬──────────────────────────────────────────────────────┬────────────────────────────────────────────────────────────────────────────────────────────────────────────────────────────────────────────────────────────────────────────────────────────────┐
│   │ Resource                                                                                                                                                                  │ Effect │ Action                │ Principal                                            │ Condition                                                                                                                                                                                      │
├───┼───────────────────────────────────────────────────────────────────────────────────────────────────────────────────────────────────────────────────────────────────────────┼────────┼───────────────────────┼──────────────────────────────────────────────────────┼────────────────────────────────────────────────────────────────────────────────────────────────────────────────────────────────────────────────────────────────────────────────────────────────┤
│ + │ ${ApiLambda.Arn}                                                                                                                                                          │ Allow  │ lambda:InvokeFunction │ Service:apigateway.amazonaws.com                     │ "ArnLike": {                                                                                                                                                                                   │
│   │                                                                                                                                                                           │        │                       │                                                      │   "AWS:SourceArn": "arn:aws:execute-api:ap-south-1:257526644020:{\"Fn::ImportValue\":\"TenantApiRestApiId\"}/*/GET/analytics/tenants/*/adoption-report"                                        │
│   │                                                                                                                                                                           │        │                       │                                                      │ }                                                                                                                                                                                              │
│ + │ ${ApiLambda.Arn}                                                                                                                                                          │ Allow  │ lambda:InvokeFunction │ Service:apigateway.amazonaws.com                     │ "ArnLike": {                                                                                                                                                                                   │
│   │                                                                                                                                                                           │        │                       │                                                      │   "AWS:SourceArn": "arn:aws:execute-api:ap-south-1:257526644020:{\"Fn::ImportValue\":\"TenantApiRestApiId\"}/test-invoke-stage/GET/analytics/tenants/*/adoption-report"                        │
│   │                                                                                                                                                                           │        │                       │                                                      │ }                                                                                                                                                                                              │
│ + │ ${ApiLambda.Arn}                                                                                                                                                          │ Allow  │ lambda:InvokeFunction │ Service:apigateway.amazonaws.com                     │ "ArnLike": {                                                                                                                                                                                   │
│   │                                                                                                                                                                           │        │                       │                                                      │   "AWS:SourceArn": "arn:aws:execute-api:ap-south-1:257526644020:{\"Fn::ImportValue\":\"TenantApiRestApiId\"}/*/GET/analytics/tenants/*/export-csv-url"                                         │
│   │                                                                                                                                                                           │        │                       │                                                      │ }                                                                                                                                                                                              │
│ + │ ${ApiLambda.Arn}                                                                                                                                                          │ Allow  │ lambda:InvokeFunction │ Service:apigateway.amazonaws.com                     │ "ArnLike": {                                                                                                                                                                                   │
│   │                                                                                                                                                                           │        │                       │                                                      │   "AWS:SourceArn": "arn:aws:execute-api:ap-south-1:257526644020:{\"Fn::ImportValue\":\"TenantApiRestApiId\"}/test-invoke-stage/GET/analytics/tenants/*/export-csv-url"                         │
│   │                                                                                                                                                                           │        │                       │                                                      │ }                                                                                                                                                                                              │
│ + │ ${ApiLambda.Arn}                                                                                                                                                          │ Allow  │ lambda:InvokeFunction │ Service:apigateway.amazonaws.com                     │ "ArnLike": {                                                                                                                                                                                   │
│   │                                                                                                                                                                           │        │                       │                                                      │   "AWS:SourceArn": "arn:aws:execute-api:ap-south-1:257526644020:{\"Fn::ImportValue\":\"TenantApiRestApiId\"}/*/GET/analytics/tenants/*"                                                        │
│   │                                                                                                                                                                           │        │                       │                                                      │ }                                                                                                                                                                                              │
│ + │ ${ApiLambda.Arn}                                                                                                                                                          │ Allow  │ lambda:InvokeFunction │ Service:apigateway.amazonaws.com                     │ "ArnLike": {                                                                                                                                                                                   │
│   │                                                                                                                                                                           │        │                       │                                                      │   "AWS:SourceArn": "arn:aws:execute-api:ap-south-1:257526644020:{\"Fn::ImportValue\":\"TenantApiRestApiId\"}/test-invoke-stage/GET/analytics/tenants/*"                                        │
│   │                                                                                                                                                                           │        │                       │                                                      │ }                                                                                                                                                                                              │
│ + │ ${ApiLambda.Arn}                                                                                                                                                          │ Allow  │ lambda:InvokeFunction │ Service:apigateway.amazonaws.com                     │ "ArnLike": {                                                                                                                                                                                   │
│   │                                                                                                                                                                           │        │                       │                                                      │   "AWS:SourceArn": "arn:aws:execute-api:ap-south-1:257526644020:{\"Fn::ImportValue\":\"TenantApiRestApiId\"}/*/GET/analytics/fleet"                                                            │
│   │                                                                                                                                                                           │        │                       │                                                      │ }                                                                                                                                                                                              │
│ + │ ${ApiLambda.Arn}                                                                                                                                                          │ Allow  │ lambda:InvokeFunction │ Service:apigateway.amazonaws.com                     │ "ArnLike": {                                                                                                                                                                                   │
│   │                                                                                                                                                                           │        │                       │                                                      │   "AWS:SourceArn": "arn:aws:execute-api:ap-south-1:257526644020:{\"Fn::ImportValue\":\"TenantApiRestApiId\"}/test-invoke-stage/GET/analytics/fleet"                                            │
│   │                                                                                                                                                                           │        │                       │                                                      │ }                                                                                                                                                                                              │
│ + │ ${ApiLambda.Arn}                                                                                                                                                          │ Allow  │ lambda:InvokeFunction │ Service:apigateway.amazonaws.com                     │ "ArnLike": {                                                                                                                                                                                   │
│   │                                                                                                                                                                           │        │                       │                                                      │   "AWS:SourceArn": "arn:aws:execute-api:ap-south-1:257526644020:{\"Fn::ImportValue\":\"TenantApiRestApiId\"}/*/GET/analytics/me/session-history"                                               │
│   │                                                                                                                                                                           │        │                       │                                                      │ }                                                                                                                                                                                              │
│ + │ ${ApiLambda.Arn}                                                                                                                                                          │ Allow  │ lambda:InvokeFunction │ Service:apigateway.amazonaws.com                     │ "ArnLike": {                                                                                                                                                                                   │
│   │                                                                                                                                                                           │        │                       │                                                      │   "AWS:SourceArn": "arn:aws:execute-api:ap-south-1:257526644020:{\"Fn::ImportValue\":\"TenantApiRestApiId\"}/test-invoke-stage/GET/analytics/me/session-history"                               │
│   │                                                                                                                                                                           │        │                       │                                                      │ }                                                                                                                                                                                              │
│ - │ ${ApiLambda.Arn}                                                                                                                                                          │ Allow  │ lambda:InvokeFunction │ Service:apigateway.amazonaws.com                     │ "ArnLike": {                                                                                                                                                                                   │
│   │                                                                                                                                                                           │        │                       │                                                      │   "AWS:SourceArn": "arn:${AWS::Partition}:execute-api:${AWS::Region}:${AWS::AccountId}:{\"Fn::ImportValue\":\"TenantApiRestApiId\"}/*/GET/analytics/tenants/*/adoption-report"                 │
│   │                                                                                                                                                                           │        │                       │                                                      │ }                                                                                                                                                                                              │
│ - │ ${ApiLambda.Arn}                                                                                                                                                          │ Allow  │ lambda:InvokeFunction │ Service:apigateway.amazonaws.com                     │ "ArnLike": {                                                                                                                                                                                   │
│   │                                                                                                                                                                           │        │                       │                                                      │   "AWS:SourceArn": "arn:${AWS::Partition}:execute-api:${AWS::Region}:${AWS::AccountId}:{\"Fn::ImportValue\":\"TenantApiRestApiId\"}/test-invoke-stage/GET/analytics/tenants/*/adoption-report" │
│   │                                                                                                                                                                           │        │                       │                                                      │ }                                                                                                                                                                                              │
│ - │ ${ApiLambda.Arn}                                                                                                                                                          │ Allow  │ lambda:InvokeFunction │ Service:apigateway.amazonaws.com                     │ "ArnLike": {                                                                                                                                                                                   │
│   │                                                                                                                                                                           │        │                       │                                                      │   "AWS:SourceArn": "arn:${AWS::Partition}:execute-api:${AWS::Region}:${AWS::AccountId}:{\"Fn::ImportValue\":\"TenantApiRestApiId\"}/*/GET/analytics/tenants/*/export-csv-url"                  │
│   │                                                                                                                                                                           │        │                       │                                                      │ }                                                                                                                                                                                              │
│ - │ ${ApiLambda.Arn}                                                                                                                                                          │ Allow  │ lambda:InvokeFunction │ Service:apigateway.amazonaws.com                     │ "ArnLike": {                                                                                                                                                                                   │
│   │                                                                                                                                                                           │        │                       │                                                      │   "AWS:SourceArn": "arn:${AWS::Partition}:execute-api:${AWS::Region}:${AWS::AccountId}:{\"Fn::ImportValue\":\"TenantApiRestApiId\"}/test-invoke-stage/GET/analytics/tenants/*/export-csv-url"  │
│   │                                                                                                                                                                           │        │                       │                                                      │ }                                                                                                                                                                                              │
│ - │ ${ApiLambda.Arn}                                                                                                                                                          │ Allow  │ lambda:InvokeFunction │ Service:apigateway.amazonaws.com                     │ "ArnLike": {                                                                                                                                                                                   │
│   │                                                                                                                                                                           │        │                       │                                                      │   "AWS:SourceArn": "arn:${AWS::Partition}:execute-api:${AWS::Region}:${AWS::AccountId}:{\"Fn::ImportValue\":\"TenantApiRestApiId\"}/*/GET/analytics/tenants/*"                                 │
│   │                                                                                                                                                                           │        │                       │                                                      │ }                                                                                                                                                                                              │
│ - │ ${ApiLambda.Arn}                                                                                                                                                          │ Allow  │ lambda:InvokeFunction │ Service:apigateway.amazonaws.com                     │ "ArnLike": {                                                                                                                                                                                   │
│   │                                                                                                                                                                           │        │                       │                                                      │   "AWS:SourceArn": "arn:${AWS::Partition}:execute-api:${AWS::Region}:${AWS::AccountId}:{\"Fn::ImportValue\":\"TenantApiRestApiId\"}/test-invoke-stage/GET/analytics/tenants/*"                 │
│   │                                                                                                                                                                           │        │                       │                                                      │ }                                                                                                                                                                                              │
│ - │ ${ApiLambda.Arn}                                                                                                                                                          │ Allow  │ lambda:InvokeFunction │ Service:apigateway.amazonaws.com                     │ "ArnLike": {                                                                                                                                                                                   │
│   │                                                                                                                                                                           │        │                       │                                                      │   "AWS:SourceArn": "arn:${AWS::Partition}:execute-api:${AWS::Region}:${AWS::AccountId}:{\"Fn::ImportValue\":\"TenantApiRestApiId\"}/*/GET/analytics/fleet"                                     │
│   │                                                                                                                                                                           │        │                       │                                                      │ }                                                                                                                                                                                              │
│ - │ ${ApiLambda.Arn}                                                                                                                                                          │ Allow  │ lambda:InvokeFunction │ Service:apigateway.amazonaws.com                     │ "ArnLike": {                                                                                                                                                                                   │
│   │                                                                                                                                                                           │        │                       │                                                      │   "AWS:SourceArn": "arn:${AWS::Partition}:execute-api:${AWS::Region}:${AWS::AccountId}:{\"Fn::ImportValue\":\"TenantApiRestApiId\"}/test-invoke-stage/GET/analytics/fleet"                     │
│   │                                                                                                                                                                           │        │                       │                                                      │ }                                                                                                                                                                                              │
│ - │ ${ApiLambda.Arn}                                                                                                                                                          │ Allow  │ lambda:InvokeFunction │ Service:apigateway.amazonaws.com                     │ "ArnLike": {                                                                                                                                                                                   │
│   │                                                                                                                                                                           │        │                       │                                                      │   "AWS:SourceArn": "arn:${AWS::Partition}:execute-api:${AWS::Region}:${AWS::AccountId}:{\"Fn::ImportValue\":\"TenantApiRestApiId\"}/*/GET/analytics/me/session-history"                        │
│   │                                                                                                                                                                           │        │                       │                                                      │ }                                                                                                                                                                                              │
│ - │ ${ApiLambda.Arn}                                                                                                                                                          │ Allow  │ lambda:InvokeFunction │ Service:apigateway.amazonaws.com                     │ "ArnLike": {                                                                                                                                                                                   │
│   │                                                                                                                                                                           │        │                       │                                                      │   "AWS:SourceArn": "arn:${AWS::Partition}:execute-api:${AWS::Region}:${AWS::AccountId}:{\"Fn::ImportValue\":\"TenantApiRestApiId\"}/test-invoke-stage/GET/analytics/me/session-history"        │
│   │                                                                                                                                                                           │        │                       │                                                      │ }                                                                                                                                                                                              │
├───┼───────────────────────────────────────────────────────────────────────────────────────────────────────────────────────────────────────────────────────────────────────────┼────────┼───────────────────────┼──────────────────────────────────────────────────────┼────────────────────────────────────────────────────────────────────────────────────────────────────────────────────────────────────────────────────────────────────────────────────────────────┤
│ + │ ${PdfAssetsBucket.Arn}                                                                                                                                                    │ Deny   │ s3:*                  │ AWS:*                                                │ "Bool": {                                                                                                                                                                                      │
│   │ ${PdfAssetsBucket.Arn}/*                                                                                                                                                  │        │                       │                                                      │   "aws:SecureTransport": "false"                                                                                                                                                               │
│   │                                                                                                                                                                           │        │                       │                                                      │ }                                                                                                                                                                                              │
├───┼───────────────────────────────────────────────────────────────────────────────────────────────────────────────────────────────────────────────────────────────────────────┼────────┼───────────────────────┼──────────────────────────────────────────────────────┼────────────────────────────────────────────────────────────────────────────────────────────────────────────────────────────────────────────────────────────────────────────────────────────────┤
│ + │ ${PdfsBucket.Arn}                                                                                                                                                         │ Deny   │ s3:*                  │ AWS:*                                                │ "Bool": {                                                                                                                                                                                      │
│   │ ${PdfsBucket.Arn}/*                                                                                                                                                       │        │                       │                                                      │   "aws:SecureTransport": "false"                                                                                                                                                               │
│   │                                                                                                                                                                           │        │                       │                                                      │ }                                                                                                                                                                                              │
├───┼───────────────────────────────────────────────────────────────────────────────────────────────────────────────────────────────────────────────────────────────────────────┼────────┼───────────────────────┼──────────────────────────────────────────────────────┼────────────────────────────────────────────────────────────────────────────────────────────────────────────────────────────────────────────────────────────────────────────────────────────────┤
│ - │ arn:aws:dynamodb:${AWS::Region}:${AWS::AccountId}:table/edforge-academics-basic                                                                                           │ Allow  │ dynamodb:Scan         │ AWS:${IemisJobJanitorLambda/Function/ServiceRole}    │                                                                                                                                                                                                │
│   │                                                                                                                                                                           │        │ dynamodb:UpdateItem   │                                                      │                                                                                                                                                                                                │
├───┼───────────────────────────────────────────────────────────────────────────────────────────────────────────────────────────────────────────────────────────────────────────┼────────┼───────────────────────┼──────────────────────────────────────────────────────┼────────────────────────────────────────────────────────────────────────────────────────────────────────────────────────────────────────────────────────────────────────────────────────────────┤
│ - │ arn:aws:dynamodb:${AWS::Region}:${AWS::AccountId}:table/edforge-academics-basic                                                                                           │ Allow  │ dynamodb:GetItem      │ AWS:${ReportAggregatorLambda/ServiceRole}            │                                                                                                                                                                                                │
│   │ arn:aws:dynamodb:${AWS::Region}:${AWS::AccountId}:table/edforge-academics-basic/index/*                                                                                   │        │ dynamodb:Query        │                                                      │                                                                                                                                                                                                │
├───┼───────────────────────────────────────────────────────────────────────────────────────────────────────────────────────────────────────────────────────────────────────────┼────────┼───────────────────────┼──────────────────────────────────────────────────────┼────────────────────────────────────────────────────────────────────────────────────────────────────────────────────────────────────────────────────────────────────────────────────────────────┤
│ - │ arn:aws:dynamodb:${AWS::Region}:${AWS::AccountId}:table/edforge-identity-basic                                                                                            │ Allow  │ dynamodb:GetItem      │ AWS:${AggregatorFunction/ServiceRole}                │                                                                                                                                                                                                │
│ - │ arn:aws:dynamodb:${AWS::Region}:${AWS::AccountId}:table/edforge-identity-basic                                                                                            │ Allow  │ dynamodb:GetItem      │ AWS:${ApiLambda/ServiceRole}                         │                                                                                                                                                                                                │
│ - │ arn:aws:dynamodb:${AWS::Region}:${AWS::AccountId}:table/edforge-identity-basic                                                                                            │ Allow  │ dynamodb:Query        │ AWS:${RollupLambda/Function/ServiceRole}             │                                                                                                                                                                                                │
│   │                                                                                                                                                                           │        │ dynamodb:Scan         │                                                      │                                                                                                                                                                                                │
│ - │ arn:aws:dynamodb:${AWS::Region}:${AWS::AccountId}:table/edforge-identity-basic                                                                                            │ Allow  │ dynamodb:Query        │ AWS:${ReportingSchedulerLambda/Function/ServiceRole} │                                                                                                                                                                                                │
│   │                                                                                                                                                                           │        │ dynamodb:Scan         │                                                      │                                                                                                                                                                                                │
├───┼───────────────────────────────────────────────────────────────────────────────────────────────────────────────────────────────────────────────────────────────────────────┼────────┼───────────────────────┼──────────────────────────────────────────────────────┼────────────────────────────────────────────────────────────────────────────────────────────────────────────────────────────────────────────────────────────────────────────────────────────────┤
│ - │ arn:aws:dynamodb:${AWS::Region}:${AWS::AccountId}:table/edforge-identity-basic                                                                                            │ Allow  │ dynamodb:GetItem      │ AWS:${ReportAggregatorLambda/ServiceRole}            │                                                                                                                                                                                                │
│   │ arn:aws:dynamodb:${AWS::Region}:${AWS::AccountId}:table/edforge-identity-basic/index/*                                                                                    │        │ dynamodb:Query        │                                                      │                                                                                                                                                                                                │
│   │                                                                                                                                                                           │        │ dynamodb:UpdateItem   │                                                      │                                                                                                                                                                                                │
├───┼───────────────────────────────────────────────────────────────────────────────────────────────────────────────────────────────────────────────────────────────────────────┼────────┼───────────────────────┼──────────────────────────────────────────────────────┼────────────────────────────────────────────────────────────────────────────────────────────────────────────────────────────────────────────────────────────────────────────────────────────────┤
│ + │ arn:aws:dynamodb:ap-south-1:257526644020:table/edforge-academics-basic                                                                                                    │ Allow  │ dynamodb:Scan         │ AWS:${IemisJobJanitorLambda/Function/ServiceRole}    │                                                                                                                                                                                                │
│   │                                                                                                                                                                           │        │ dynamodb:UpdateItem   │                                                      │                                                                                                                                                                                                │
├───┼───────────────────────────────────────────────────────────────────────────────────────────────────────────────────────────────────────────────────────────────────────────┼────────┼───────────────────────┼──────────────────────────────────────────────────────┼────────────────────────────────────────────────────────────────────────────────────────────────────────────────────────────────────────────────────────────────────────────────────────────────┤
│ + │ arn:aws:dynamodb:ap-south-1:257526644020:table/edforge-academics-basic                                                                                                    │ Allow  │ dynamodb:GetItem      │ AWS:${ReportAggregatorLambda/ServiceRole}            │                                                                                                                                                                                                │
│   │ arn:aws:dynamodb:ap-south-1:257526644020:table/edforge-academics-basic/index/*                                                                                            │        │ dynamodb:Query        │                                                      │                                                                                                                                                                                                │
├───┼───────────────────────────────────────────────────────────────────────────────────────────────────────────────────────────────────────────────────────────────────────────┼────────┼───────────────────────┼──────────────────────────────────────────────────────┼────────────────────────────────────────────────────────────────────────────────────────────────────────────────────────────────────────────────────────────────────────────────────────────────┤
│ + │ arn:aws:dynamodb:ap-south-1:257526644020:table/edforge-identity-basic                                                                                                     │ Allow  │ dynamodb:GetItem      │ AWS:${AggregatorFunction/ServiceRole}                │                                                                                                                                                                                                │
│ + │ arn:aws:dynamodb:ap-south-1:257526644020:table/edforge-identity-basic                                                                                                     │ Allow  │ dynamodb:GetItem      │ AWS:${ApiLambda/ServiceRole}                         │                                                                                                                                                                                                │
│ + │ arn:aws:dynamodb:ap-south-1:257526644020:table/edforge-identity-basic                                                                                                     │ Allow  │ dynamodb:Query        │ AWS:${RollupLambda/Function/ServiceRole}             │                                                                                                                                                                                                │
│   │                                                                                                                                                                           │        │ dynamodb:Scan         │                                                      │                                                                                                                                                                                                │
│ + │ arn:aws:dynamodb:ap-south-1:257526644020:table/edforge-identity-basic                                                                                                     │ Allow  │ dynamodb:Query        │ AWS:${ReportingSchedulerLambda/Function/ServiceRole} │                                                                                                                                                                                                │
│   │                                                                                                                                                                           │        │ dynamodb:Scan         │                                                      │                                                                                                                                                                                                │
├───┼───────────────────────────────────────────────────────────────────────────────────────────────────────────────────────────────────────────────────────────────────────────┼────────┼───────────────────────┼──────────────────────────────────────────────────────┼────────────────────────────────────────────────────────────────────────────────────────────────────────────────────────────────────────────────────────────────────────────────────────────────┤
│ + │ arn:aws:dynamodb:ap-south-1:257526644020:table/edforge-identity-basic                                                                                                     │ Allow  │ dynamodb:GetItem      │ AWS:${ReportAggregatorLambda/ServiceRole}            │                                                                                                                                                                                                │
│   │ arn:aws:dynamodb:ap-south-1:257526644020:table/edforge-identity-basic/index/*                                                                                             │        │ dynamodb:Query        │                                                      │                                                                                                                                                                                                │
│   │                                                                                                                                                                           │        │ dynamodb:UpdateItem   │                                                      │                                                                                                                                                                                                │
├───┼───────────────────────────────────────────────────────────────────────────────────────────────────────────────────────────────────────────────────────────────────────────┼────────┼───────────────────────┼──────────────────────────────────────────────────────┼────────────────────────────────────────────────────────────────────────────────────────────────────────────────────────────────────────────────────────────────────────────────────────────────┤
│ - │ arn:aws:events:${AWS::Region}:${AWS::AccountId}:event-bus/{"Fn::ImportValue":"controlplane-stack:ExportsOutputRefcontrolplanesbtEventManagerSbtEventBus84ECD1F3FE22559E"} │ Allow  │ events:PutEvents      │ AWS:${AggregatorFunction/ServiceRole}                │                                                                                                                                                                                                │
│ - │ arn:aws:events:${AWS::Region}:${AWS::AccountId}:event-bus/{"Fn::ImportValue":"controlplane-stack:ExportsOutputRefcontrolplanesbtEventManagerSbtEventBus84ECD1F3FE22559E"} │ Allow  │ events:PutEvents      │ AWS:${RollupLambda/Function/ServiceRole}             │                                                                                                                                                                                                │
│ - │ arn:aws:events:${AWS::Region}:${AWS::AccountId}:event-bus/{"Fn::ImportValue":"controlplane-stack:ExportsOutputRefcontrolplanesbtEventManagerSbtEventBus84ECD1F3FE22559E"} │ Allow  │ events:PutEvents      │ AWS:${ReportAggregatorLambda/ServiceRole}            │                                                                                                                                                                                                │
├───┼───────────────────────────────────────────────────────────────────────────────────────────────────────────────────────────────────────────────────────────────────────────┼────────┼───────────────────────┼──────────────────────────────────────────────────────┼────────────────────────────────────────────────────────────────────────────────────────────────────────────────────────────────────────────────────────────────────────────────────────────────┤
│ + │ arn:aws:events:ap-south-1:257526644020:event-bus/{"Fn::ImportValue":"controlplane-stack:ExportsOutputRefcontrolplanesbtEventManagerSbtEventBus84ECD1F3FE22559E"}          │ Allow  │ events:PutEvents      │ AWS:${AggregatorFunction/ServiceRole}                │                                                                                                                                                                                                │
│ + │ arn:aws:events:ap-south-1:257526644020:event-bus/{"Fn::ImportValue":"controlplane-stack:ExportsOutputRefcontrolplanesbtEventManagerSbtEventBus84ECD1F3FE22559E"}          │ Allow  │ events:PutEvents      │ AWS:${RollupLambda/Function/ServiceRole}             │                                                                                                                                                                                                │
│ + │ arn:aws:events:ap-south-1:257526644020:event-bus/{"Fn::ImportValue":"controlplane-stack:ExportsOutputRefcontrolplanesbtEventManagerSbtEventBus84ECD1F3FE22559E"}          │ Allow  │ events:PutEvents      │ AWS:${ReportAggregatorLambda/ServiceRole}            │                                                                                                                                                                                                │
├───┼───────────────────────────────────────────────────────────────────────────────────────────────────────────────────────────────────────────────────────────────────────────┼────────┼───────────────────────┼──────────────────────────────────────────────────────┼────────────────────────────────────────────────────────────────────────────────────────────────────────────────────────────────────────────────────────────────────────────────────────────────┤
│ + │ {"Fn::ImportValue":"TenantApiAuthorizerArn"}                                                                                                                              │ Allow  │ lambda:InvokeFunction │ Service:apigateway.amazonaws.com                     │ "ArnLike": {                                                                                                                                                                                   │
│   │                                                                                                                                                                           │        │                       │                                                      │   "AWS:SourceArn": "arn:aws:execute-api:ap-south-1:257526644020:{\"Fn::ImportValue\":\"TenantApiRestApiId\"}/authorizers/${SharedTenantTokenAuthorizer}"                                       │
│   │                                                                                                                                                                           │        │                       │                                                      │ }                                                                                                                                                                                              │
│ - │ {"Fn::ImportValue":"TenantApiAuthorizerArn"}                                                                                                                              │ Allow  │ lambda:InvokeFunction │ Service:apigateway.amazonaws.com                     │ "ArnLike": {                                                                                                                                                                                   │
│   │                                                                                                                                                                           │        │                       │                                                      │   "AWS:SourceArn": "arn:${AWS::Partition}:execute-api:${AWS::Region}:${AWS::AccountId}:{\"Fn::ImportValue\":\"TenantApiRestApiId\"}/authorizers/${SharedTenantTokenAuthorizer}"                │
│   │                                                                                                                                                                           │        │                       │                                                      │ }                                                                                                                                                                                              │
└───┴───────────────────────────────────────────────────────────────────────────────────────────────────────────────────────────────────────────────────────────────────────────┴────────┴───────────────────────┴──────────────────────────────────────────────────────┴────────────────────────────────────────────────────────────────────────────────────────────────────────────────────────────────────────────────────────────────────────────────────────────────┘
(NOTE: There may be security-related changes not in this list. See https://github.com/aws/aws-cdk/issues/1299)

Conditions
[-] Condition CDKMetadataAvailable: {"Fn::Or":[{"Fn::Or":[{"Fn::Equals":[{"Ref":"AWS::Region"},"af-south-1"]},{"Fn::Equals":[{"Ref":"AWS::Region"},"ap-east-1"]},{"Fn::Equals":[{"Ref":"AWS::Region"},"ap-northeast-1"]},{"Fn::Equals":[{"Ref":"AWS::Region"},"ap-northeast-2"]},{"Fn::Equals":[{"Ref":"AWS::Region"},"ap-northeast-3"]},{"Fn::Equals":[{"Ref":"AWS::Region"},"ap-south-1"]},{"Fn::Equals":[{"Ref":"AWS::Region"},"ap-south-2"]},{"Fn::Equals":[{"Ref":"AWS::Region"},"ap-southeast-1"]},{"Fn::Equals":[{"Ref":"AWS::Region"},"ap-southeast-2"]},{"Fn::Equals":[{"Ref":"AWS::Region"},"ap-southeast-3"]}]},{"Fn::Or":[{"Fn::Equals":[{"Ref":"AWS::Region"},"ap-southeast-4"]},{"Fn::Equals":[{"Ref":"AWS::Region"},"ca-central-1"]},{"Fn::Equals":[{"Ref":"AWS::Region"},"ca-west-1"]},{"Fn::Equals":[{"Ref":"AWS::Region"},"cn-north-1"]},{"Fn::Equals":[{"Ref":"AWS::Region"},"cn-northwest-1"]},{"Fn::Equals":[{"Ref":"AWS::Region"},"eu-central-1"]},{"Fn::Equals":[{"Ref":"AWS::Region"},"eu-central-2"]},{"Fn::Equals":[{"Ref":"AWS::Region"},"eu-north-1"]},{"Fn::Equals":[{"Ref":"AWS::Region"},"eu-south-1"]},{"Fn::Equals":[{"Ref":"AWS::Region"},"eu-south-2"]}]},{"Fn::Or":[{"Fn::Equals":[{"Ref":"AWS::Region"},"eu-west-1"]},{"Fn::Equals":[{"Ref":"AWS::Region"},"eu-west-2"]},{"Fn::Equals":[{"Ref":"AWS::Region"},"eu-west-3"]},{"Fn::Equals":[{"Ref":"AWS::Region"},"il-central-1"]},{"Fn::Equals":[{"Ref":"AWS::Region"},"me-central-1"]},{"Fn::Equals":[{"Ref":"AWS::Region"},"me-south-1"]},{"Fn::Equals":[{"Ref":"AWS::Region"},"sa-east-1"]},{"Fn::Equals":[{"Ref":"AWS::Region"},"us-east-1"]},{"Fn::Equals":[{"Ref":"AWS::Region"},"us-east-2"]},{"Fn::Equals":[{"Ref":"AWS::Region"},"us-west-1"]}]},{"Fn::Equals":[{"Ref":"AWS::Region"},"us-west-2"]}]}

Resources
[+] AWS::S3::Bucket PdfsBucket PdfsBucketFA0EA892
[+] AWS::S3::BucketPolicy PdfsBucket/Policy PdfsBucketPolicy82A05E11
[+] AWS::S3::Bucket PdfAssetsBucket PdfAssetsBucket838FC56C
[+] AWS::S3::BucketPolicy PdfAssetsBucket/Policy PdfAssetsBucketPolicy83D5D089
[~] AWS::IAM::Policy AggregatorFunction/ServiceRole/DefaultPolicy AggregatorFunctionServiceRoleDefaultPolicyCC9E0BDC
 └─ [~] PolicyDocument
     └─ [~] .Statement:
         └─ @@ -49,22 +49,7 @@
            [ ] {
            [ ]   "Action": "dynamodb:GetItem",
            [ ]   "Effect": "Allow",
            [-]   "Resource": {
            [-]     "Fn::Join": [
            [-]       "",
            [-]       [
            [-]         "arn:aws:dynamodb:",
            [-]         {
            [-]           "Ref": "AWS::Region"
            [-]         },
            [-]         ":",
            [-]         {
            [-]           "Ref": "AWS::AccountId"
            [-]         },
            [-]         ":table/edforge-identity-basic"
            [-]       ]
            [-]     ]
            [-]   },
            [+]   "Resource": "arn:aws:dynamodb:ap-south-1:257526644020:table/edforge-identity-basic",
            [ ]   "Sid": "TenantSettingsRead"
            [ ] },
            [ ] {
            @@ -84,16 +69,8 @@
            [ ] "Fn::Join": [
            [ ]   "",
            [ ]   [
            [-]     "arn:aws:events:",
            [+]     "arn:aws:events:ap-south-1:257526644020:event-bus/",
            [ ]     {
            [-]       "Ref": "AWS::Region"
            [-]     },
            [-]     ":",
            [-]     {
            [-]       "Ref": "AWS::AccountId"
            [-]     },
            [-]     ":event-bus/",
            [-]     {
            [ ]       "Fn::ImportValue": "controlplane-stack:ExportsOutputRefcontrolplanesbtEventManagerSbtEventBus84ECD1F3FE22559E"
            [ ]     }
            [ ]   ]
[~] AWS::Lambda::Function AggregatorFunction AggregatorFunction2682E9E9
 └─ [~] Code
     ├─ [~] .S3Bucket:
     │   └─ @@ -1,3 +1,1 @@
     │      [-] {
     │      [-]   "Fn::Sub": "cdk-hnb659fds-assets-${AWS::AccountId}-${AWS::Region}"
     │      [-] }
     │      [+] "cdk-hnb659fds-assets-257526644020-ap-south-1"
     └─ [~] .S3Key:
         ├─ [-] 26bc3a9cecfed78afe1e68604a424cff2bd4914357aef89a96227ce73064d86d.zip
         └─ [+] 29fcd83292a730b73dbcd127b7fd20b9916dc835a014e95123c366090488dccf.zip
[~] AWS::Lambda::Function ApiLambda ApiLambda91D2282D
 └─ [~] Code
     ├─ [~] .S3Bucket:
     │   └─ @@ -1,3 +1,1 @@
     │      [-] {
     │      [-]   "Fn::Sub": "cdk-hnb659fds-assets-${AWS::AccountId}-${AWS::Region}"
     │      [-] }
     │      [+] "cdk-hnb659fds-assets-257526644020-ap-south-1"
     └─ [~] .S3Key:
         ├─ [-] 07f060632c6aed4e3ae3e7204250006012465a2d1d56c753eb1b4e79744860a5.zip
         └─ [+] 1fcd32631e2bb7658622b6d34fc806d8f0abf1ed83c04b94d788d98e4d17838a.zip
[~] AWS::Lambda::Permission TenantApiImport/Default/analytics/tenants/{tenantId}/adoption-report/GET/ApiPermission.analyticsstackTenantApiImportBEC41717.GET..analytics.tenants.{tenantId}.adoption-report TenantApiImportanalyticstenantstenantIdadoptionreportGETApiPermissionanalyticsstackTenantApiImportBEC41717GETanalyticstenantstenantIdadoptionreport1AB5B1C1 replace
 └─ [~] SourceArn (requires replacement)
     └─ [~] .Fn::Join:
         └─ @@ -1,20 +1,8 @@
            [ ] [
            [ ]   "",
            [ ]   [
            [-]     "arn:",
            [+]     "arn:aws:execute-api:ap-south-1:257526644020:",
            [ ]     {
            [-]       "Ref": "AWS::Partition"
            [-]     },
            [-]     ":execute-api:",
            [-]     {
            [-]       "Ref": "AWS::Region"
            [-]     },
            [-]     ":",
            [-]     {
            [-]       "Ref": "AWS::AccountId"
            [-]     },
            [-]     ":",
            [-]     {
            [ ]       "Fn::ImportValue": "TenantApiRestApiId"
            [ ]     },
            [ ]     "/*/GET/analytics/tenants/*/adoption-report"
[~] AWS::Lambda::Permission TenantApiImport/Default/analytics/tenants/{tenantId}/adoption-report/GET/ApiPermission.Test.analyticsstackTenantApiImportBEC41717.GET..analytics.tenants.{tenantId}.adoption-report TenantApiImportanalyticstenantstenantIdadoptionreportGETApiPermissionTestanalyticsstackTenantApiImportBEC41717GETanalyticstenantstenantIdadoptionreportE6F8ABFA replace
 └─ [~] SourceArn (requires replacement)
     └─ [~] .Fn::Join:
         └─ @@ -1,20 +1,8 @@
            [ ] [
            [ ]   "",
            [ ]   [
            [-]     "arn:",
            [+]     "arn:aws:execute-api:ap-south-1:257526644020:",
            [ ]     {
            [-]       "Ref": "AWS::Partition"
            [-]     },
            [-]     ":execute-api:",
            [-]     {
            [-]       "Ref": "AWS::Region"
            [-]     },
            [-]     ":",
            [-]     {
            [-]       "Ref": "AWS::AccountId"
            [-]     },
            [-]     ":",
            [-]     {
            [ ]       "Fn::ImportValue": "TenantApiRestApiId"
            [ ]     },
            [ ]     "/test-invoke-stage/GET/analytics/tenants/*/adoption-report"
[~] AWS::ApiGateway::Method TenantApiImport/Default/analytics/tenants/{tenantId}/adoption-report/GET TenantApiImportanalyticstenantstenantIdadoptionreportGET1BCCD165
 └─ [~] Integration
     └─ [~] .Uri:
         └─ [~] .Fn::Join:
             └─ @@ -1,16 +1,8 @@
                [ ] [
                [ ]   "",
                [ ]   [
                [-]     "arn:",
                [+]     "arn:aws:apigateway:ap-south-1:lambda:path/2015-03-31/functions/",
                [ ]     {
                [-]       "Ref": "AWS::Partition"
                [-]     },
                [-]     ":apigateway:",
                [-]     {
                [-]       "Ref": "AWS::Region"
                [-]     },
                [-]     ":lambda:path/2015-03-31/functions/",
                [-]     {
                [ ]       "Fn::GetAtt": [
                [ ]         "ApiLambda91D2282D",
                [ ]         "Arn"
[~] AWS::Lambda::Permission TenantApiImport/Default/analytics/tenants/{tenantId}/export-csv-url/GET/ApiPermission.analyticsstackTenantApiImportBEC41717.GET..analytics.tenants.{tenantId}.export-csv-url TenantApiImportanalyticstenantstenantIdexportcsvurlGETApiPermissionanalyticsstackTenantApiImportBEC41717GETanalyticstenantstenantIdexportcsvurl1A568CB8 replace
 └─ [~] SourceArn (requires replacement)
     └─ [~] .Fn::Join:
         └─ @@ -1,20 +1,8 @@
            [ ] [
            [ ]   "",
            [ ]   [
            [-]     "arn:",
            [+]     "arn:aws:execute-api:ap-south-1:257526644020:",
            [ ]     {
            [-]       "Ref": "AWS::Partition"
            [-]     },
            [-]     ":execute-api:",
            [-]     {
            [-]       "Ref": "AWS::Region"
            [-]     },
            [-]     ":",
            [-]     {
            [-]       "Ref": "AWS::AccountId"
            [-]     },
            [-]     ":",
            [-]     {
            [ ]       "Fn::ImportValue": "TenantApiRestApiId"
            [ ]     },
            [ ]     "/*/GET/analytics/tenants/*/export-csv-url"
[~] AWS::Lambda::Permission TenantApiImport/Default/analytics/tenants/{tenantId}/export-csv-url/GET/ApiPermission.Test.analyticsstackTenantApiImportBEC41717.GET..analytics.tenants.{tenantId}.export-csv-url TenantApiImportanalyticstenantstenantIdexportcsvurlGETApiPermissionTestanalyticsstackTenantApiImportBEC41717GETanalyticstenantstenantIdexportcsvurl34416783 replace
 └─ [~] SourceArn (requires replacement)
     └─ [~] .Fn::Join:
         └─ @@ -1,20 +1,8 @@
            [ ] [
            [ ]   "",
            [ ]   [
            [-]     "arn:",
            [+]     "arn:aws:execute-api:ap-south-1:257526644020:",
            [ ]     {
            [-]       "Ref": "AWS::Partition"
            [-]     },
            [-]     ":execute-api:",
            [-]     {
            [-]       "Ref": "AWS::Region"
            [-]     },
            [-]     ":",
            [-]     {
            [-]       "Ref": "AWS::AccountId"
            [-]     },
            [-]     ":",
            [-]     {
            [ ]       "Fn::ImportValue": "TenantApiRestApiId"
            [ ]     },
            [ ]     "/test-invoke-stage/GET/analytics/tenants/*/export-csv-url"
[~] AWS::ApiGateway::Method TenantApiImport/Default/analytics/tenants/{tenantId}/export-csv-url/GET TenantApiImportanalyticstenantstenantIdexportcsvurlGET4B5F371F
 └─ [~] Integration
     └─ [~] .Uri:
         └─ [~] .Fn::Join:
             └─ @@ -1,16 +1,8 @@
                [ ] [
                [ ]   "",
                [ ]   [
                [-]     "arn:",
                [+]     "arn:aws:apigateway:ap-south-1:lambda:path/2015-03-31/functions/",
                [ ]     {
                [-]       "Ref": "AWS::Partition"
                [-]     },
                [-]     ":apigateway:",
                [-]     {
                [-]       "Ref": "AWS::Region"
                [-]     },
                [-]     ":lambda:path/2015-03-31/functions/",
                [-]     {
                [ ]       "Fn::GetAtt": [
                [ ]         "ApiLambda91D2282D",
                [ ]         "Arn"
[~] AWS::Lambda::Permission TenantApiImport/Default/analytics/tenants/{tenantId}/GET/ApiPermission.analyticsstackTenantApiImportBEC41717.GET..analytics.tenants.{tenantId} TenantApiImportanalyticstenantstenantIdGETApiPermissionanalyticsstackTenantApiImportBEC41717GETanalyticstenantstenantIdD317AE2E replace
 └─ [~] SourceArn (requires replacement)
     └─ [~] .Fn::Join:
         └─ @@ -1,20 +1,8 @@
            [ ] [
            [ ]   "",
            [ ]   [
            [-]     "arn:",
            [+]     "arn:aws:execute-api:ap-south-1:257526644020:",
            [ ]     {
            [-]       "Ref": "AWS::Partition"
            [-]     },
            [-]     ":execute-api:",
            [-]     {
            [-]       "Ref": "AWS::Region"
            [-]     },
            [-]     ":",
            [-]     {
            [-]       "Ref": "AWS::AccountId"
            [-]     },
            [-]     ":",
            [-]     {
            [ ]       "Fn::ImportValue": "TenantApiRestApiId"
            [ ]     },
            [ ]     "/*/GET/analytics/tenants/*"
[~] AWS::Lambda::Permission TenantApiImport/Default/analytics/tenants/{tenantId}/GET/ApiPermission.Test.analyticsstackTenantApiImportBEC41717.GET..analytics.tenants.{tenantId} TenantApiImportanalyticstenantstenantIdGETApiPermissionTestanalyticsstackTenantApiImportBEC41717GETanalyticstenantstenantId5B55AF23 replace
 └─ [~] SourceArn (requires replacement)
     └─ [~] .Fn::Join:
         └─ @@ -1,20 +1,8 @@
            [ ] [
            [ ]   "",
            [ ]   [
            [-]     "arn:",
            [+]     "arn:aws:execute-api:ap-south-1:257526644020:",
            [ ]     {
            [-]       "Ref": "AWS::Partition"
            [-]     },
            [-]     ":execute-api:",
            [-]     {
            [-]       "Ref": "AWS::Region"
            [-]     },
            [-]     ":",
            [-]     {
            [-]       "Ref": "AWS::AccountId"
            [-]     },
            [-]     ":",
            [-]     {
            [ ]       "Fn::ImportValue": "TenantApiRestApiId"
            [ ]     },
            [ ]     "/test-invoke-stage/GET/analytics/tenants/*"
[~] AWS::ApiGateway::Method TenantApiImport/Default/analytics/tenants/{tenantId}/GET TenantApiImportanalyticstenantstenantIdGETDFABBBF1
 └─ [~] Integration
     └─ [~] .Uri:
         └─ [~] .Fn::Join:
             └─ @@ -1,16 +1,8 @@
                [ ] [
                [ ]   "",
                [ ]   [
                [-]     "arn:",
                [+]     "arn:aws:apigateway:ap-south-1:lambda:path/2015-03-31/functions/",
                [ ]     {
                [-]       "Ref": "AWS::Partition"
                [-]     },
                [-]     ":apigateway:",
                [-]     {
                [-]       "Ref": "AWS::Region"
                [-]     },
                [-]     ":lambda:path/2015-03-31/functions/",
                [-]     {
                [ ]       "Fn::GetAtt": [
                [ ]         "ApiLambda91D2282D",
                [ ]         "Arn"
[~] AWS::Lambda::Permission TenantApiImport/Default/analytics/fleet/GET/ApiPermission.analyticsstackTenantApiImportBEC41717.GET..analytics.fleet TenantApiImportanalyticsfleetGETApiPermissionanalyticsstackTenantApiImportBEC41717GETanalyticsfleet146112E9 replace
 └─ [~] SourceArn (requires replacement)
     └─ [~] .Fn::Join:
         └─ @@ -1,20 +1,8 @@
            [ ] [
            [ ]   "",
            [ ]   [
            [-]     "arn:",
            [+]     "arn:aws:execute-api:ap-south-1:257526644020:",
            [ ]     {
            [-]       "Ref": "AWS::Partition"
            [-]     },
            [-]     ":execute-api:",
            [-]     {
            [-]       "Ref": "AWS::Region"
            [-]     },
            [-]     ":",
            [-]     {
            [-]       "Ref": "AWS::AccountId"
            [-]     },
            [-]     ":",
            [-]     {
            [ ]       "Fn::ImportValue": "TenantApiRestApiId"
            [ ]     },
            [ ]     "/*/GET/analytics/fleet"
[~] AWS::Lambda::Permission TenantApiImport/Default/analytics/fleet/GET/ApiPermission.Test.analyticsstackTenantApiImportBEC41717.GET..analytics.fleet TenantApiImportanalyticsfleetGETApiPermissionTestanalyticsstackTenantApiImportBEC41717GETanalyticsfleetE81F5292 replace
 └─ [~] SourceArn (requires replacement)
     └─ [~] .Fn::Join:
         └─ @@ -1,20 +1,8 @@
            [ ] [
            [ ]   "",
            [ ]   [
            [-]     "arn:",
            [+]     "arn:aws:execute-api:ap-south-1:257526644020:",
            [ ]     {
            [-]       "Ref": "AWS::Partition"
            [-]     },
            [-]     ":execute-api:",
            [-]     {
            [-]       "Ref": "AWS::Region"
            [-]     },
            [-]     ":",
            [-]     {
            [-]       "Ref": "AWS::AccountId"
            [-]     },
            [-]     ":",
            [-]     {
            [ ]       "Fn::ImportValue": "TenantApiRestApiId"
            [ ]     },
            [ ]     "/test-invoke-stage/GET/analytics/fleet"
[~] AWS::ApiGateway::Method TenantApiImport/Default/analytics/fleet/GET TenantApiImportanalyticsfleetGETC892D7E5
 └─ [~] Integration
     └─ [~] .Uri:
         └─ [~] .Fn::Join:
             └─ @@ -1,16 +1,8 @@
                [ ] [
                [ ]   "",
                [ ]   [
                [-]     "arn:",
                [+]     "arn:aws:apigateway:ap-south-1:lambda:path/2015-03-31/functions/",
                [ ]     {
                [-]       "Ref": "AWS::Partition"
                [-]     },
                [-]     ":apigateway:",
                [-]     {
                [-]       "Ref": "AWS::Region"
                [-]     },
                [-]     ":lambda:path/2015-03-31/functions/",
                [-]     {
                [ ]       "Fn::GetAtt": [
                [ ]         "ApiLambda91D2282D",
                [ ]         "Arn"
[~] AWS::Lambda::Permission TenantApiImport/Default/analytics/me/session-history/GET/ApiPermission.analyticsstackTenantApiImportBEC41717.GET..analytics.me.session-history TenantApiImportanalyticsmesessionhistoryGETApiPermissionanalyticsstackTenantApiImportBEC41717GETanalyticsmesessionhistory59F97A92 replace
 └─ [~] SourceArn (requires replacement)
     └─ [~] .Fn::Join:
         └─ @@ -1,20 +1,8 @@
            [ ] [
            [ ]   "",
            [ ]   [
            [-]     "arn:",
            [+]     "arn:aws:execute-api:ap-south-1:257526644020:",
            [ ]     {
            [-]       "Ref": "AWS::Partition"
            [-]     },
            [-]     ":execute-api:",
            [-]     {
            [-]       "Ref": "AWS::Region"
            [-]     },
            [-]     ":",
            [-]     {
            [-]       "Ref": "AWS::AccountId"
            [-]     },
            [-]     ":",
            [-]     {
            [ ]       "Fn::ImportValue": "TenantApiRestApiId"
            [ ]     },
            [ ]     "/*/GET/analytics/me/session-history"
[~] AWS::Lambda::Permission TenantApiImport/Default/analytics/me/session-history/GET/ApiPermission.Test.analyticsstackTenantApiImportBEC41717.GET..analytics.me.session-history TenantApiImportanalyticsmesessionhistoryGETApiPermissionTestanalyticsstackTenantApiImportBEC41717GETanalyticsmesessionhistory52CDFBCD replace
 └─ [~] SourceArn (requires replacement)
     └─ [~] .Fn::Join:
         └─ @@ -1,20 +1,8 @@
            [ ] [
            [ ]   "",
            [ ]   [
            [-]     "arn:",
            [+]     "arn:aws:execute-api:ap-south-1:257526644020:",
            [ ]     {
            [-]       "Ref": "AWS::Partition"
            [-]     },
            [-]     ":execute-api:",
            [-]     {
            [-]       "Ref": "AWS::Region"
            [-]     },
            [-]     ":",
            [-]     {
            [-]       "Ref": "AWS::AccountId"
            [-]     },
            [-]     ":",
            [-]     {
            [ ]       "Fn::ImportValue": "TenantApiRestApiId"
            [ ]     },
            [ ]     "/test-invoke-stage/GET/analytics/me/session-history"
[~] AWS::ApiGateway::Method TenantApiImport/Default/analytics/me/session-history/GET TenantApiImportanalyticsmesessionhistoryGET0B6DD7B3
 └─ [~] Integration
     └─ [~] .Uri:
         └─ [~] .Fn::Join:
             └─ @@ -1,16 +1,8 @@
                [ ] [
                [ ]   "",
                [ ]   [
                [-]     "arn:",
                [+]     "arn:aws:apigateway:ap-south-1:lambda:path/2015-03-31/functions/",
                [ ]     {
                [-]       "Ref": "AWS::Partition"
                [-]     },
                [-]     ":apigateway:",
                [-]     {
                [-]       "Ref": "AWS::Region"
                [-]     },
                [-]     ":lambda:path/2015-03-31/functions/",
                [-]     {
                [ ]       "Fn::GetAtt": [
                [ ]         "ApiLambda91D2282D",
                [ ]         "Arn"
[~] AWS::Lambda::Permission TenantApiAuthorizerImport/analyticsstackSharedTenantTokenAuthorizerC3F1C76D:Permissions TenantApiAuthorizerImportanalyticsstackSharedTenantTokenAuthorizerC3F1C76DPermissions8B2B5252 replace
 └─ [~] SourceArn (requires replacement)
     └─ [~] .Fn::Join:
         └─ @@ -1,20 +1,8 @@
            [ ] [
            [ ]   "",
            [ ]   [
            [-]     "arn:",
            [+]     "arn:aws:execute-api:ap-south-1:257526644020:",
            [ ]     {
            [-]       "Ref": "AWS::Partition"
            [-]     },
            [-]     ":execute-api:",
            [-]     {
            [-]       "Ref": "AWS::Region"
            [-]     },
            [-]     ":",
            [-]     {
            [-]       "Ref": "AWS::AccountId"
            [-]     },
            [-]     ":",
            [-]     {
            [ ]       "Fn::ImportValue": "TenantApiRestApiId"
            [ ]     },
            [ ]     "/authorizers/",
[~] AWS::IAM::Policy RollupLambda/Function/ServiceRole/DefaultPolicy RollupLambdaFunctionServiceRoleDefaultPolicyE10C4586
 └─ [~] PolicyDocument
     └─ [~] .Statement:
         └─ @@ -44,22 +44,7 @@
            [ ]     "dynamodb:Scan"
            [ ]   ],
            [ ]   "Effect": "Allow",
            [-]   "Resource": {
            [-]     "Fn::Join": [
            [-]       "",
            [-]       [
            [-]         "arn:aws:dynamodb:",
            [-]         {
            [-]           "Ref": "AWS::Region"
            [-]         },
            [-]         ":",
            [-]         {
            [-]           "Ref": "AWS::AccountId"
            [-]         },
            [-]         ":table/edforge-identity-basic"
            [-]       ]
            [-]     ]
            [-]   }
            [+]   "Resource": "arn:aws:dynamodb:ap-south-1:257526644020:table/edforge-identity-basic"
            [ ] },
            [ ] {
            [ ]   "Action": "events:PutEvents",
            @@ -68,16 +53,8 @@
            [ ] "Fn::Join": [
            [ ]   "",
            [ ]   [
            [-]     "arn:aws:events:",
            [+]     "arn:aws:events:ap-south-1:257526644020:event-bus/",
            [ ]     {
            [-]       "Ref": "AWS::Region"
            [-]     },
            [-]     ":",
            [-]     {
            [-]       "Ref": "AWS::AccountId"
            [-]     },
            [-]     ":event-bus/",
            [-]     {
            [ ]       "Fn::ImportValue": "controlplane-stack:ExportsOutputRefcontrolplanesbtEventManagerSbtEventBus84ECD1F3FE22559E"
            [ ]     }
            [ ]   ]
[~] AWS::IAM::Policy ReportAggregatorLambda/ServiceRole/DefaultPolicy ReportAggregatorLambdaServiceRoleDefaultPolicy711EC2E5
 └─ [~] PolicyDocument
     └─ [~] .Statement:
         └─ @@ -7,38 +7,8 @@
            [ ]   ],
            [ ]   "Effect": "Allow",
            [ ]   "Resource": [
            [-]     {
            [-]       "Fn::Join": [
            [-]         "",
            [-]         [
            [-]           "arn:aws:dynamodb:",
            [-]           {
            [-]             "Ref": "AWS::Region"
            [-]           },
            [-]           ":",
            [-]           {
            [-]             "Ref": "AWS::AccountId"
            [-]           },
            [-]           ":table/edforge-identity-basic"
            [-]         ]
            [-]       ]
            [-]     },
            [-]     {
            [-]       "Fn::Join": [
            [-]         "",
            [-]         [
            [-]           "arn:aws:dynamodb:",
            [-]           {
            [-]             "Ref": "AWS::Region"
            [-]           },
            [-]           ":",
            [-]           {
            [-]             "Ref": "AWS::AccountId"
            [-]           },
            [-]           ":table/edforge-identity-basic/index/*"
            [-]         ]
            [-]       ]
            [-]     }
            [+]     "arn:aws:dynamodb:ap-south-1:257526644020:table/edforge-identity-basic",
            [+]     "arn:aws:dynamodb:ap-south-1:257526644020:table/edforge-identity-basic/index/*"
            [ ]   ]
            [ ] },
            [ ] {
            @@ -48,38 +18,8 @@
            [ ]   ],
            [ ]   "Effect": "Allow",
            [ ]   "Resource": [
            [-]     {
            [-]       "Fn::Join": [
            [-]         "",
            [-]         [
            [-]           "arn:aws:dynamodb:",
            [-]           {
            [-]             "Ref": "AWS::Region"
            [-]           },
            [-]           ":",
            [-]           {
            [-]             "Ref": "AWS::AccountId"
            [-]           },
            [-]           ":table/edforge-academics-basic"
            [-]         ]
            [-]       ]
            [-]     },
            [-]     {
            [-]       "Fn::Join": [
            [-]         "",
            [-]         [
            [-]           "arn:aws:dynamodb:",
            [-]           {
            [-]             "Ref": "AWS::Region"
            [-]           },
            [-]           ":",
            [-]           {
            [-]             "Ref": "AWS::AccountId"
            [-]           },
            [-]           ":table/edforge-academics-basic/index/*"
            [-]         ]
            [-]       ]
            [-]     }
            [+]     "arn:aws:dynamodb:ap-south-1:257526644020:table/edforge-academics-basic",
            [+]     "arn:aws:dynamodb:ap-south-1:257526644020:table/edforge-academics-basic/index/*"
            [ ]   ]
            [ ] },
            [ ] {
            @@ -114,16 +54,8 @@
            [ ] "Fn::Join": [
            [ ]   "",
            [ ]   [
            [-]     "arn:aws:events:",
            [+]     "arn:aws:events:ap-south-1:257526644020:event-bus/",
            [ ]     {
            [-]       "Ref": "AWS::Region"
            [-]     },
            [-]     ":",
            [-]     {
            [-]       "Ref": "AWS::AccountId"
            [-]     },
            [-]     ":event-bus/",
            [-]     {
            [ ]       "Fn::ImportValue": "controlplane-stack:ExportsOutputRefcontrolplanesbtEventManagerSbtEventBus84ECD1F3FE22559E"
            [ ]     }
            [ ]   ]
[~] AWS::Lambda::Function ReportAggregatorLambda ReportAggregatorLambda7D868919
 └─ [~] Code
     ├─ [~] .S3Bucket:
     │   └─ @@ -1,3 +1,1 @@
     │      [-] {
     │      [-]   "Fn::Sub": "cdk-hnb659fds-assets-${AWS::AccountId}-${AWS::Region}"
     │      [-] }
     │      [+] "cdk-hnb659fds-assets-257526644020-ap-south-1"
     └─ [~] .S3Key:
         ├─ [-] ed7ed6c26c5e0915d0d18fab3eaff051bcbcc49f8c99539ddbde130cbe4eba9b.zip
         └─ [+] 2126feefc3097c0f837cfc68306935b091315bbf61cd762ab63f7c1852184aa6.zip



✨  Number of stacks with differences: 2

