Project root found at: /Users/shoaibrain/edforge
Sun May  3 14:23:30 CDT 2026 disabling access logging to prevent new logs during cleanup...
Sun May  3 14:23:32 CDT 2026 disabling access logging for bucket s3://controlplane-stack-adminwebuiadminsitesourcecodebu-ysoi7dj5q8ge...
Sun May  3 14:23:33 CDT 2026 disabling access logging for bucket s3://controlplane-stack-adminwebuiadminwebuicodepipelin-ibfzdtmoml4d...
Sun May  3 14:23:34 CDT 2026 disabling access logging for bucket s3://saas-reference-architecture-ecs-715860911762-us-east-2...
Sun May  3 14:23:36 CDT 2026 waiting 10 seconds for access logging to stop...
Sun May  3 14:23:46 CDT 2026 emptying out buckets...
Sun May  3 14:23:47 CDT 2026 emptying out s3 bucket with name s3://controlplane-stack-adminwebuiadminsitesourcecodebu-ysoi7dj5q8ge...
Sun May  3 14:23:48 CDT 2026 emptying out s3 bucket with name s3://controlplane-stack-adminwebuiadminwebuicodepipelin-ibfzdtmoml4d...
Sun May  3 14:23:50 CDT 2026 emptying out s3 bucket with name s3://saas-reference-architecture-ecs-715860911762-us-east-2...
Sun May  3 14:23:51 CDT 2026 emptying out s3 bucket with name s3://shared-infra-stack-accesslogsbucket83982689-yxaposqaksmu...
remove_bucket: shared-infra-stack-accesslogsbucket83982689-yxaposqaksmu

added 23 packages, and audited 2935 packages in 7s

359 packages are looking for funding
  run `npm fund` for details

11 vulnerabilities (1 low, 8 moderate, 2 high)

To address issues that do not require attention, run:
  npm audit fix

To address all issues (including breaking changes), run:
  npm audit fix --force

Run `npm audit` for details.
Deleting Provision sourcecode Object Versions...
{
    "Deleted": [
        {
            "Key": "source.tar.gz",
            "VersionId": "nRX13jzzbGTsXFl5Rngi4v42onwr6HCt"
        },
        {
            "Key": "source.tar.gz",
            "VersionId": "ar_fieVEqH42GKFbFRFtVbGLD_JextQk"
        }
    ]
}
Deleting Provision sourcecode Object Markers...
{
    "Deleted": [
        {
            "Key": "source.tar.gz",
            "VersionId": "AEAAMWDKGbhcm7edVkg88JJSCXsIwzhq",
            "DeleteMarker": true,
            "DeleteMarkerVersionId": "AEAAMWDKGbhcm7edVkg88JJSCXsIwzhq"
        }
    ]
}
Sun May  3 14:24:16 CDT 2026 force deleting all ECS services...
Sun May  3 14:24:17 CDT 2026 deleting all services in cluster: prod-advanced-715860911762
Sun May  3 14:24:18 CDT 2026 deleting all services in cluster: prod-basic
{
    "service": {
        "serviceArn": "arn:aws:ecs:us-east-2:715860911762:service/prod-basic/rproxybasic",
        "serviceName": "rproxybasic",
        "clusterArn": "arn:aws:ecs:us-east-2:715860911762:cluster/prod-basic",
        "loadBalancers": [
            {
                "targetGroupArn": "arn:aws:elasticloadbalancing:us-east-2:715860911762:targetgroup/tenant-rprox-KJBHWCFISAUT/5db4dd85cca59633",
                "containerName": "rproxy",
                "containerPort": 80
            }
        ],
        "serviceRegistries": [],
        "status": "DRAINING",
        "desiredCount": 0,
        "runningCount": 2,
        "pendingCount": 0,
        "launchType": "FARGATE",
        "platformVersion": "LATEST",
        "platformFamily": "Linux",
        "taskDefinition": "arn:aws:ecs:us-east-2:715860911762:task-definition/rproxy-TaskDef:9",
        "deploymentConfiguration": {
            "deploymentCircuitBreaker": {
                "enable": false,
                "rollback": false
            },
            "maximumPercent": 200,
            "minimumHealthyPercent": 50,
            "alarms": {
                "alarmNames": [],
                "rollback": false,
                "enable": false
            },
            "strategy": "ROLLING"
        },
        "deployments": [
            {
                "id": "ecs-svc/1617797293867712427",
                "status": "PRIMARY",
                "taskDefinition": "arn:aws:ecs:us-east-2:715860911762:task-definition/rproxy-TaskDef:9",
                "desiredCount": 0,
                "pendingCount": 0,
                "runningCount": 2,
                "failedTasks": 0,
                "createdAt": "2026-04-23T20:52:57.343000-05:00",
                "updatedAt": "2026-04-23T21:01:53.279000-05:00",
                "launchType": "FARGATE",
                "platformVersion": "1.4.0",
                "platformFamily": "Linux",
                "networkConfiguration": {
                    "awsvpcConfiguration": {
                        "subnets": [
                            "subnet-0d21d98426e3638f6",
                            "subnet-0dc3db8d5609a9396",
                            "subnet-08e95eb9a3f3db1b8"
                        ],
                        "securityGroups": [
                            "sg-00ae4c06abb94a97b"
                        ],
                        "assignPublicIp": "DISABLED"
                    }
                },
                "rolloutState": "COMPLETED",
                "rolloutStateReason": "ECS deployment ecs-svc/1617797293867712427 completed."
            }
        ],
        "roleArn": "arn:aws:iam::715860911762:role/aws-service-role/ecs.amazonaws.com/AWSServiceRoleForECS",
        "events": [
            {
                "id": "98131a01-a449-4ca8-a771-9738d45ca332",
                "createdAt": "2026-05-03T09:18:11.757000-05:00",
                "message": "(service rproxybasic) has reached a steady state."
            },
            {
                "id": "fc2718c5-4c64-4e2b-bf9b-c78c86e9bba7",
                "createdAt": "2026-05-03T03:17:53.145000-05:00",
                "message": "(service rproxybasic) has reached a steady state."
            },
            {
                "id": "fe35ebc0-a6f0-4df7-b731-973435af9f6c",
                "createdAt": "2026-05-02T21:17:06.678000-05:00",
                "message": "(service rproxybasic) has reached a steady state."
            },
            {
                "id": "636c9bcf-2879-41d6-815f-3451d466e0e8",
                "createdAt": "2026-05-02T15:16:19.988000-05:00",
                "message": "(service rproxybasic) has reached a steady state."
            },
            {
                "id": "9d949636-635f-47fb-a540-a596066788fe",
                "createdAt": "2026-05-02T09:15:56.446000-05:00",
                "message": "(service rproxybasic) has reached a steady state."
            },
            {
                "id": "a6c8206e-728e-4b9a-bd16-8004cc40880e",
                "createdAt": "2026-05-02T03:15:52.324000-05:00",
                "message": "(service rproxybasic) has reached a steady state."
            },
            {
                "id": "f2b84b0e-b793-4b51-a9fb-e2b590efd6c7",
                "createdAt": "2026-05-01T21:15:24.980000-05:00",
                "message": "(service rproxybasic) has reached a steady state."
            },
            {
                "id": "bd30cc4c-7209-409c-b2e2-735e09132d4b",
                "createdAt": "2026-05-01T15:15:19.935000-05:00",
                "message": "(service rproxybasic) has reached a steady state."
            },
            {
                "id": "13eb1dd8-7546-4596-9f85-3c93d2cb3e1b",
                "createdAt": "2026-05-01T09:15:03.759000-05:00",
                "message": "(service rproxybasic) has reached a steady state."
            },
            {
                "id": "f79254a4-4e53-4b1d-9bba-1e3cc87f94ae",
                "createdAt": "2026-05-01T03:15:03.286000-05:00",
                "message": "(service rproxybasic) has reached a steady state."
            },
            {
                "id": "25f723de-4817-4daa-83e3-a5173c9aa912",
                "createdAt": "2026-04-30T21:14:56.157000-05:00",
                "message": "(service rproxybasic) has reached a steady state."
            },
            {
                "id": "a2c7d1db-9ed5-40ba-a64f-c6deba35cccf",
                "createdAt": "2026-04-30T15:14:20.212000-05:00",
                "message": "(service rproxybasic) has reached a steady state."
            },
            {
                "id": "d82489da-d27b-4e26-a9f0-9e402cb840b9",
                "createdAt": "2026-04-30T09:14:04.719000-05:00",
                "message": "(service rproxybasic) has reached a steady state."
            },
            {
                "id": "3bb031b6-6d21-4bba-aab1-bab931cf44fd",
                "createdAt": "2026-04-30T03:13:46.793000-05:00",
                "message": "(service rproxybasic) has reached a steady state."
            },
            {
                "id": "fcca4f2a-567f-4953-9206-cbe15566c0f8",
                "createdAt": "2026-04-29T21:13:16.611000-05:00",
                "message": "(service rproxybasic) has reached a steady state."
            },
            {
                "id": "5473a182-c7d8-4852-9448-656396f65546",
                "createdAt": "2026-04-29T15:12:32.245000-05:00",
                "message": "(service rproxybasic) has reached a steady state."
            },
            {
                "id": "05eb6086-5b47-4ec5-b3a0-57e591894c24",
                "createdAt": "2026-04-29T09:11:56.559000-05:00",
                "message": "(service rproxybasic) has reached a steady state."
            },
            {
                "id": "4c4f0af5-1361-4f53-8f5e-3f5aab4da5ac",
                "createdAt": "2026-04-29T03:11:53.611000-05:00",
                "message": "(service rproxybasic) has reached a steady state."
            },
            {
                "id": "0800f647-9d16-4bbe-8693-973f0a37b27d",
                "createdAt": "2026-04-28T21:11:06.257000-05:00",
                "message": "(service rproxybasic) has reached a steady state."
            },
            {
                "id": "ae57ce62-9a7e-4ab2-bb2d-d1a2740fe0c3",
                "createdAt": "2026-04-28T15:10:45.403000-05:00",
                "message": "(service rproxybasic) has reached a steady state."
            },
            {
                "id": "76b06246-b808-4852-a76e-d629f2637060",
                "createdAt": "2026-04-28T09:10:04.674000-05:00",
                "message": "(service rproxybasic) has reached a steady state."
            },
            {
                "id": "70392883-53a7-4910-a629-3da847c399a2",
                "createdAt": "2026-04-28T03:10:01.164000-05:00",
                "message": "(service rproxybasic) has reached a steady state."
            },
            {
                "id": "5802bc66-8260-40dc-8ced-a47ec62b947f",
                "createdAt": "2026-04-27T21:09:33.193000-05:00",
                "message": "(service rproxybasic) has reached a steady state."
            },
            {
                "id": "be1191e9-2add-470f-85dd-3f6ca7ff4bc5",
                "createdAt": "2026-04-27T15:08:59.928000-05:00",
                "message": "(service rproxybasic) has reached a steady state."
            },
            {
                "id": "ab1b5658-0538-49f8-8df4-e3e9f0b18fa3",
                "createdAt": "2026-04-27T09:08:35.388000-05:00",
                "message": "(service rproxybasic) has reached a steady state."
            },
            {
                "id": "84d6d9ec-fb0e-4179-971e-576cb264ce42",
                "createdAt": "2026-04-27T03:08:01.535000-05:00",
                "message": "(service rproxybasic) has reached a steady state."
            },
            {
                "id": "d7dd557d-89d4-43bd-98c1-c589ade89458",
                "createdAt": "2026-04-26T21:07:32.843000-05:00",
                "message": "(service rproxybasic) has reached a steady state."
            },
            {
                "id": "5acdb99f-8b7f-40db-892a-dc0637c76c5c",
                "createdAt": "2026-04-26T15:06:50.576000-05:00",
                "message": "(service rproxybasic) has reached a steady state."
            },
            {
                "id": "323745ed-0e56-4d5a-b527-b3ff645ed203",
                "createdAt": "2026-04-26T09:06:48.198000-05:00",
                "message": "(service rproxybasic) has reached a steady state."
            },
            {
                "id": "d1ff8a88-0d5c-425b-826c-31c5169ed5c8",
                "createdAt": "2026-04-26T03:06:19.221000-05:00",
                "message": "(service rproxybasic) has reached a steady state."
            },
            {
                "id": "0326dffc-caf3-475c-aeb4-bd603208c02e",
                "createdAt": "2026-04-25T21:05:44.768000-05:00",
                "message": "(service rproxybasic) has reached a steady state."
            },
            {
                "id": "25b9b24e-0177-40f4-90d8-59ed1221540c",
                "createdAt": "2026-04-25T15:05:23.693000-05:00",
                "message": "(service rproxybasic) has reached a steady state."
            },
            {
                "id": "1b1b4c7e-8513-4cf2-94fd-28523a8834c7",
                "createdAt": "2026-04-25T09:04:40.765000-05:00",
                "message": "(service rproxybasic) has reached a steady state."
            },
            {
                "id": "7d1f56b4-e20c-4760-84a0-6fb5aa194472",
                "createdAt": "2026-04-25T03:03:56.916000-05:00",
                "message": "(service rproxybasic) has reached a steady state."
            },
            {
                "id": "add396d2-3568-4bb9-85dd-f51dc723c3cb",
                "createdAt": "2026-04-24T21:03:15.264000-05:00",
                "message": "(service rproxybasic) has reached a steady state."
            },
            {
                "id": "d7c8a079-d5f3-4006-91fc-ebf4581996cb",
                "createdAt": "2026-04-24T15:02:59.683000-05:00",
                "message": "(service rproxybasic) has reached a steady state."
            },
            {
                "id": "4f01cf19-bd56-4700-a3ae-a63df975a5bf",
                "createdAt": "2026-04-24T09:02:39.610000-05:00",
                "message": "(service rproxybasic) has reached a steady state."
            },
            {
                "id": "5ac3b88e-f479-4222-b771-b793fb7e68bd",
                "createdAt": "2026-04-24T03:02:23.134000-05:00",
                "message": "(service rproxybasic) has reached a steady state."
            },
            {
                "id": "7a74dffe-dca8-48b9-b958-3bd21a194b9a",
                "createdAt": "2026-04-23T21:01:53.286000-05:00",
                "message": "(service rproxybasic) has reached a steady state."
            },
            {
                "id": "e7ffb2bf-6a68-4ea9-86dd-078e8332284e",
                "createdAt": "2026-04-23T21:01:53.285000-05:00",
                "message": "(service rproxybasic) (deployment ecs-svc/1617797293867712427) deployment completed."
            },
            {
                "id": "e2a1d218-d971-49aa-b572-683338e4e346",
                "createdAt": "2026-04-23T20:54:59.015000-05:00",
                "message": "(service rproxybasic, taskSet ecs-svc/7070097444878261504) has begun draining connections on 1 tasks."
            },
            {
                "id": "baeca786-575c-4dc6-8bdb-5f69c2f2382f",
                "createdAt": "2026-04-23T20:54:59.010000-05:00",
                "message": "(service rproxybasic) deregistered 1 targets in (target-group arn:aws:elasticloadbalancing:us-east-2:715860911762:targetgroup/tenant-rprox-KJBHWCFISAUT/5db4dd85cca59633)"
            },
            {
                "id": "f44a4f3b-362e-434c-8758-e0dfaf2d6a5c",
                "createdAt": "2026-04-23T20:54:58.963000-05:00",
                "message": "(service rproxybasic) registered 1 targets in (target-group arn:aws:elasticloadbalancing:us-east-2:715860911762:targetgroup/tenant-rprox-KJBHWCFISAUT/5db4dd85cca59633)"
            },
            {
                "id": "95e67404-da70-424f-a3ae-934ccccf3213",
                "createdAt": "2026-04-23T20:54:48.919000-05:00",
                "message": "(service rproxybasic) has stopped 1 running tasks: (task 468a546298804bd9852f78142b501794)."
            },
            {
                "id": "5e98c3ae-fbdd-4962-8e76-a5d5e055305b",
                "createdAt": "2026-04-23T20:54:27.376000-05:00",
                "message": "(service rproxybasic) registered 1 targets in (target-group arn:aws:elasticloadbalancing:us-east-2:715860911762:targetgroup/tenant-rprox-KJBHWCFISAUT/5db4dd85cca59633)"
            },
            {
                "id": "2ea453f2-5d0e-4638-b604-4b682f9bb63f",
                "createdAt": "2026-04-23T20:54:18.193000-05:00",
                "message": "(service rproxybasic) has started 1 tasks: (task 5643511ee2a447acbc6dc4f49b2fba72)."
            },
            {
                "id": "7f681fc1-691f-41f6-b51f-f12a5121f1d9",
                "createdAt": "2026-04-23T20:53:55.433000-05:00",
                "message": "(service rproxybasic, taskSet ecs-svc/7070097444878261504) has begun draining connections on 1 tasks."
            },
            {
                "id": "0b880e05-39f6-4329-aac7-b394587a1558",
                "createdAt": "2026-04-23T20:53:55.430000-05:00",
                "message": "(service rproxybasic) deregistered 1 targets in (target-group arn:aws:elasticloadbalancing:us-east-2:715860911762:targetgroup/tenant-rprox-KJBHWCFISAUT/5db4dd85cca59633)"
            },
            {
                "id": "3462caea-f144-4183-940a-6a3992da9ef4",
                "createdAt": "2026-04-23T20:53:47.529000-05:00",
                "message": "(service rproxybasic) has started 1 tasks: (task 2d565a328cea449f95dc4a57acfe6913)."
            },
            {
                "id": "d5eb54a5-87a1-4223-a77f-a5366cc7b2af",
                "createdAt": "2026-04-23T20:53:46.664000-05:00",
                "message": "(service rproxybasic) has stopped 1 running tasks: (task 57ad8451ceeb4c50851f372845b6afc1)."
            },
            {
                "id": "78ff2d4c-98b1-4148-9dab-3239d0e9e030",
                "createdAt": "2026-04-23T20:05:46.087000-05:00",
                "message": "(service rproxybasic) has reached a steady state."
            },
            {
                "id": "4b9d49fb-c838-4b41-921f-32b6099dd892",
                "createdAt": "2026-04-23T14:05:39.586000-05:00",
                "message": "(service rproxybasic) has reached a steady state."
            },
            {
                "id": "24e89725-60f3-419b-a7cb-f11ec422777e",
                "createdAt": "2026-04-23T08:04:59.459000-05:00",
                "message": "(service rproxybasic) has reached a steady state."
            },
            {
                "id": "d58242f9-8cb5-4037-aa99-82f117674e47",
                "createdAt": "2026-04-23T02:04:24.290000-05:00",
                "message": "(service rproxybasic) has reached a steady state."
            },
            {
                "id": "f09db72b-fbb0-4382-b8c8-5f25abdcf0e2",
                "createdAt": "2026-04-22T20:03:49.758000-05:00",
                "message": "(service rproxybasic) has reached a steady state."
            },
            {
                "id": "5849597a-9365-4198-8ed3-7fbb3a03256a",
                "createdAt": "2026-04-22T14:03:12.669000-05:00",
                "message": "(service rproxybasic) has reached a steady state."
            },
            {
                "id": "69cfd457-edb1-45a4-84c4-17c8c3ead2fb",
                "createdAt": "2026-04-22T08:02:42.980000-05:00",
                "message": "(service rproxybasic) has reached a steady state."
            },
            {
                "id": "6c77915e-a456-4ab5-88c4-7460b8425ca6",
                "createdAt": "2026-04-22T02:02:02.837000-05:00",
                "message": "(service rproxybasic) has reached a steady state."
            },
            {
                "id": "b737c198-ce5d-441a-b67c-22131bb50412",
                "createdAt": "2026-04-21T20:01:34.790000-05:00",
                "message": "(service rproxybasic) has reached a steady state."
            },
            {
                "id": "ef5efdbe-bcc2-48c2-aa2c-3a531e743636",
                "createdAt": "2026-04-21T14:01:27.185000-05:00",
                "message": "(service rproxybasic) has reached a steady state."
            },
            {
                "id": "2904ee06-c4c9-4fcd-a118-04980ba96466",
                "createdAt": "2026-04-21T08:01:04.236000-05:00",
                "message": "(service rproxybasic) has reached a steady state."
            },
            {
                "id": "65392534-2581-4889-9775-300f8838c859",
                "createdAt": "2026-04-21T02:00:48.111000-05:00",
                "message": "(service rproxybasic) has reached a steady state."
            },
            {
                "id": "b94600c6-d907-4c7c-864a-959288297788",
                "createdAt": "2026-04-20T20:00:45.228000-05:00",
                "message": "(service rproxybasic) has reached a steady state."
            },
            {
                "id": "e435caaa-bac3-4703-848e-d20e1e1bbd67",
                "createdAt": "2026-04-20T14:00:26.204000-05:00",
                "message": "(service rproxybasic) has reached a steady state."
            },
            {
                "id": "316f6170-f525-467a-8d8a-4107c74cc5a2",
                "createdAt": "2026-04-20T07:59:50.760000-05:00",
                "message": "(service rproxybasic) has reached a steady state."
            },
            {
                "id": "b6d95dd6-5aef-4f62-8e6a-76752bde103e",
                "createdAt": "2026-04-20T01:59:30.128000-05:00",
                "message": "(service rproxybasic) has reached a steady state."
            },
            {
                "id": "98f46f90-c360-425d-b15f-7b785948563d",
                "createdAt": "2026-04-19T19:58:44.610000-05:00",
                "message": "(service rproxybasic) has reached a steady state."
            },
            {
                "id": "488c6bd4-8b3c-4ae8-aab7-188478e6d59c",
                "createdAt": "2026-04-19T13:58:20.679000-05:00",
                "message": "(service rproxybasic) has reached a steady state."
            },
            {
                "id": "9f0444de-131e-42eb-b451-8a142a3c81b1",
                "createdAt": "2026-04-19T07:57:47.586000-05:00",
                "message": "(service rproxybasic) has reached a steady state."
            },
            {
                "id": "9c939968-2ae7-4521-9759-43b568861da8",
                "createdAt": "2026-04-19T01:57:30.725000-05:00",
                "message": "(service rproxybasic) has reached a steady state."
            },
            {
                "id": "035716c0-b6bc-43ad-b802-0a87f4b1842f",
                "createdAt": "2026-04-18T19:56:54.871000-05:00",
                "message": "(service rproxybasic) has reached a steady state."
            },
            {
                "id": "c83471a2-0f72-4261-bf91-8bd06f77490c",
                "createdAt": "2026-04-18T19:56:54.869000-05:00",
                "message": "(service rproxybasic) (deployment ecs-svc/7070097444878261504) deployment completed."
            },
            {
                "id": "74de3a66-40fd-463f-b2d3-36eec781929b",
                "createdAt": "2026-04-18T19:50:01.406000-05:00",
                "message": "(service rproxybasic, taskSet ecs-svc/4980314270833916743) has begun draining connections on 1 tasks."
            },
            {
                "id": "64913f4c-e5d0-46e8-98ca-b62e9456c207",
                "createdAt": "2026-04-18T19:50:01.402000-05:00",
                "message": "(service rproxybasic) deregistered 1 targets in (target-group arn:aws:elasticloadbalancing:us-east-2:715860911762:targetgroup/tenant-rprox-KJBHWCFISAUT/5db4dd85cca59633)"
            },
            {
                "id": "56ee544a-f8e0-4d96-affd-ed3d4dd8107d",
                "createdAt": "2026-04-18T19:50:01.344000-05:00",
                "message": "(service rproxybasic) registered 1 targets in (target-group arn:aws:elasticloadbalancing:us-east-2:715860911762:targetgroup/tenant-rprox-KJBHWCFISAUT/5db4dd85cca59633)"
            },
            {
                "id": "bd78fe58-21c2-4a27-98a6-280bbd5bf3dc",
                "createdAt": "2026-04-18T19:49:50.958000-05:00",
                "message": "(service rproxybasic) has stopped 1 running tasks: (task 4aa239a7db984d698a46ddc03050000e)."
            },
            {
                "id": "5882e865-2bb0-41c7-aa18-6b5001c8da92",
                "createdAt": "2026-04-18T19:49:40.462000-05:00",
                "message": "(service rproxybasic) registered 1 targets in (target-group arn:aws:elasticloadbalancing:us-east-2:715860911762:targetgroup/tenant-rprox-KJBHWCFISAUT/5db4dd85cca59633)"
            },
            {
                "id": "d6bb2fee-f9d9-4f63-bc2c-e32879039f65",
                "createdAt": "2026-04-18T19:49:21.008000-05:00",
                "message": "(service rproxybasic) has started 1 tasks: (task 57ad8451ceeb4c50851f372845b6afc1)."
            },
            {
                "id": "ef0d473c-8654-4c38-92f5-fda9c7fccd87",
                "createdAt": "2026-04-18T19:49:09.718000-05:00",
                "message": "(service rproxybasic, taskSet ecs-svc/4980314270833916743) has begun draining connections on 1 tasks."
            },
            {
                "id": "14276bd2-325e-4d85-a63c-e79b84896cbb",
                "createdAt": "2026-04-18T19:49:09.713000-05:00",
                "message": "(service rproxybasic) deregistered 1 targets in (target-group arn:aws:elasticloadbalancing:us-east-2:715860911762:targetgroup/tenant-rprox-KJBHWCFISAUT/5db4dd85cca59633)"
            },
            {
                "id": "a18e4e7c-6283-41db-8ca3-31ab7a8b3409",
                "createdAt": "2026-04-18T19:49:00.034000-05:00",
                "message": "(service rproxybasic) has started 1 tasks: (task 468a546298804bd9852f78142b501794)."
            },
            {
                "id": "f7fff661-cf02-49e7-b21c-e73fe1aa405e",
                "createdAt": "2026-04-18T19:48:59.346000-05:00",
                "message": "(service rproxybasic) has stopped 1 running tasks: (task 88678c5a6781486e8da3491c0037912a)."
            },
            {
                "id": "e7307a9f-a06b-412f-bb5d-4e76e52f06c8",
                "createdAt": "2026-04-18T14:07:08.086000-05:00",
                "message": "(service rproxybasic) has reached a steady state."
            },
            {
                "id": "51eccffc-a719-4b12-b336-0c9ed68f33da",
                "createdAt": "2026-04-18T08:06:42.902000-05:00",
                "message": "(service rproxybasic) has reached a steady state."
            },
            {
                "id": "4f9a3725-abe3-42af-a569-c7a17ef317ea",
                "createdAt": "2026-04-18T02:06:29.997000-05:00",
                "message": "(service rproxybasic) has reached a steady state."
            },
            {
                "id": "1cbad2fc-f3a0-41ba-af35-c030469616ad",
                "createdAt": "2026-04-17T20:06:23.188000-05:00",
                "message": "(service rproxybasic) has reached a steady state."
            },
            {
                "id": "817601a6-8f96-4951-94fb-b03ca1dec0cc",
                "createdAt": "2026-04-17T14:05:57.937000-05:00",
                "message": "(service rproxybasic) has reached a steady state."
            },
            {
                "id": "cf8950a5-92c6-4a57-a72d-a4a23100dea5",
                "createdAt": "2026-04-17T08:05:41.006000-05:00",
                "message": "(service rproxybasic) has reached a steady state."
            },
            {
                "id": "30325cdf-8893-46f2-b7dd-393f59b0ce39",
                "createdAt": "2026-04-17T02:05:01.436000-05:00",
                "message": "(service rproxybasic) has reached a steady state."
            },
            {
                "id": "86f4f124-7ca7-4ef5-b315-6afe81ded1ac",
                "createdAt": "2026-04-16T20:04:34.775000-05:00",
                "message": "(service rproxybasic) has reached a steady state."
            },
            {
                "id": "accfee71-a0ff-4201-84af-036705ae32b7",
                "createdAt": "2026-04-16T14:04:11.867000-05:00",
                "message": "(service rproxybasic) has reached a steady state."
            },
            {
                "id": "f7fe1041-51d3-4b47-b694-13da656549c4",
                "createdAt": "2026-04-16T08:03:31.027000-05:00",
                "message": "(service rproxybasic) has reached a steady state."
            },
            {
                "id": "fab4e83e-7c0c-4289-bf06-ac851ae482c0",
                "createdAt": "2026-04-16T08:03:31.026000-05:00",
                "message": "(service rproxybasic) (deployment ecs-svc/4980314270833916743) deployment completed."
            },
            {
                "id": "0b77a443-9ac1-47bc-97c1-b92bd8734068",
                "createdAt": "2026-04-16T07:56:46.384000-05:00",
                "message": "(service rproxybasic, taskSet ecs-svc/0747677230573918065) has begun draining connections on 1 tasks."
            },
            {
                "id": "bd615632-af06-4cde-b64b-007fd4372cda",
                "createdAt": "2026-04-16T07:56:46.380000-05:00",
                "message": "(service rproxybasic) deregistered 1 targets in (target-group arn:aws:elasticloadbalancing:us-east-2:715860911762:targetgroup/tenant-rprox-KJBHWCFISAUT/5db4dd85cca59633)"
            },
            {
                "id": "357acb9f-adb9-4652-9514-4969b0924979",
                "createdAt": "2026-04-16T07:56:37.533000-05:00",
                "message": "(service rproxybasic) has stopped 1 running tasks: (task 228ae32753184760b080d7f55993d59b)."
            },
            {
                "id": "d2b0c798-b2a7-4550-b394-8fcce4a61ad1",
                "createdAt": "2026-04-16T07:56:16.749000-05:00",
                "message": "(service rproxybasic) registered 1 targets in (target-group arn:aws:elasticloadbalancing:us-east-2:715860911762:targetgroup/tenant-rprox-KJBHWCFISAUT/5db4dd85cca59633)"
            },
            {
                "id": "f952928a-a6d9-4a98-a9b6-712266998f36",
                "createdAt": "2026-04-16T07:55:56.189000-05:00",
                "message": "(service rproxybasic) has started 1 tasks: (task 4aa239a7db984d698a46ddc03050000e)."
            },
            {
                "id": "ab2d7ca5-73fc-4146-b29c-2612425d1145",
                "createdAt": "2026-04-16T07:55:43.606000-05:00",
                "message": "(service rproxybasic, taskSet ecs-svc/0747677230573918065) has begun draining connections on 1 tasks."
            },
            {
                "id": "5c8de93f-8abc-4a9b-9458-e813255a927b",
                "createdAt": "2026-04-16T07:55:43.598000-05:00",
                "message": "(service rproxybasic) deregistered 1 targets in (target-group arn:aws:elasticloadbalancing:us-east-2:715860911762:targetgroup/tenant-rprox-KJBHWCFISAUT/5db4dd85cca59633)"
            }
        ],
        "createdAt": "2026-03-31T08:32:42.123000-05:00",
        "placementConstraints": [],
        "placementStrategy": [],
        "networkConfiguration": {
            "awsvpcConfiguration": {
                "subnets": [
                    "subnet-0d21d98426e3638f6",
                    "subnet-0dc3db8d5609a9396",
                    "subnet-08e95eb9a3f3db1b8"
                ],
                "securityGroups": [
                    "sg-00ae4c06abb94a97b"
                ],
                "assignPublicIp": "DISABLED"
            }
        },
        "healthCheckGracePeriodSeconds": 60,
        "schedulingStrategy": "REPLICA",
        "deploymentController": {
            "type": "ECS"
        },
        "createdBy": "arn:aws:iam::715860911762:role/cdk-hnb659fds-cfn-exec-role-715860911762-us-east-2",
        "enableECSManagedTags": false,
        "propagateTags": "NONE",
        "enableExecuteCommand": true,
        "availabilityZoneRebalancing": "ENABLED"
    }
}
{
    "service": {
        "serviceArn": "arn:aws:ecs:us-east-2:715860911762:service/prod-basic/identitybasic",
        "serviceName": "identitybasic",
        "clusterArn": "arn:aws:ecs:us-east-2:715860911762:cluster/prod-basic",
        "loadBalancers": [],
        "serviceRegistries": [],
        "status": "DRAINING",
        "desiredCount": 0,
        "runningCount": 2,
        "pendingCount": 0,
        "launchType": "FARGATE",
        "platformVersion": "LATEST",
        "platformFamily": "Linux",
        "taskDefinition": "arn:aws:ecs:us-east-2:715860911762:task-definition/identity-TaskDef:14",
        "deploymentConfiguration": {
            "deploymentCircuitBreaker": {
                "enable": false,
                "rollback": false
            },
            "maximumPercent": 200,
            "minimumHealthyPercent": 50,
            "alarms": {
                "alarmNames": [],
                "rollback": false,
                "enable": false
            },
            "strategy": "ROLLING"
        },
        "deployments": [
            {
                "id": "ecs-svc/7622541007509902887",
                "status": "PRIMARY",
                "taskDefinition": "arn:aws:ecs:us-east-2:715860911762:task-definition/identity-TaskDef:14",
                "desiredCount": 0,
                "pendingCount": 0,
                "runningCount": 2,
                "failedTasks": 0,
                "createdAt": "2026-04-29T05:44:34.624000-05:00",
                "updatedAt": "2026-04-29T05:48:57.843000-05:00",
                "launchType": "FARGATE",
                "platformVersion": "1.4.0",
                "platformFamily": "Linux",
                "networkConfiguration": {
                    "awsvpcConfiguration": {
                        "subnets": [
                            "subnet-0d21d98426e3638f6",
                            "subnet-0dc3db8d5609a9396",
                            "subnet-08e95eb9a3f3db1b8"
                        ],
                        "securityGroups": [
                            "sg-00ae4c06abb94a97b"
                        ],
                        "assignPublicIp": "DISABLED"
                    }
                },
                "rolloutState": "COMPLETED",
                "rolloutStateReason": "ECS deployment ecs-svc/7622541007509902887 completed."
            }
        ],
        "roleArn": "arn:aws:iam::715860911762:role/aws-service-role/ecs.amazonaws.com/AWSServiceRoleForECS",
        "events": [
            {
                "id": "918d49aa-85fe-4f0a-95bc-6e258ce43991",
                "createdAt": "2026-05-03T11:53:43.559000-05:00",
                "message": "(service identitybasic) has reached a steady state."
            },
            {
                "id": "566a3be8-c8fc-4f57-9060-7049199abc1a",
                "createdAt": "2026-05-03T05:53:20.224000-05:00",
                "message": "(service identitybasic) has reached a steady state."
            },
            {
                "id": "0a6169f0-86ed-4e16-8a2f-4306ac7fb128",
                "createdAt": "2026-05-02T23:52:50.812000-05:00",
                "message": "(service identitybasic) has reached a steady state."
            },
            {
                "id": "92cab147-0ab2-4ddd-a92c-33f1499bdbff",
                "createdAt": "2026-05-02T17:52:26.796000-05:00",
                "message": "(service identitybasic) has reached a steady state."
            },
            {
                "id": "ef998385-c83d-4bae-b90e-4fd7a408cda5",
                "createdAt": "2026-05-02T11:52:18.794000-05:00",
                "message": "(service identitybasic) has reached a steady state."
            },
            {
                "id": "e9a3356e-697f-458d-855b-ea493aaefcfe",
                "createdAt": "2026-05-02T05:52:18.747000-05:00",
                "message": "(service identitybasic) has reached a steady state."
            },
            {
                "id": "3ea8ca03-29e2-44d0-b27f-a84513d868c6",
                "createdAt": "2026-05-01T23:51:58.683000-05:00",
                "message": "(service identitybasic) has reached a steady state."
            },
            {
                "id": "ce08803e-6a49-4009-b804-bf5ef5687433",
                "createdAt": "2026-05-01T17:51:47.317000-05:00",
                "message": "(service identitybasic) has reached a steady state."
            },
            {
                "id": "603481c9-dcba-4c90-ba49-11d88e19a000",
                "createdAt": "2026-05-01T11:51:22.351000-05:00",
                "message": "(service identitybasic) has reached a steady state."
            },
            {
                "id": "e77c71fe-6408-4aec-95dc-7cfc19760128",
                "createdAt": "2026-05-01T05:51:00.249000-05:00",
                "message": "(service identitybasic) has reached a steady state."
            },
            {
                "id": "e7b38b0d-1343-42f3-b9ce-fce28d43bd82",
                "createdAt": "2026-04-30T23:50:37.164000-05:00",
                "message": "(service identitybasic) has reached a steady state."
            },
            {
                "id": "146d2fcb-6954-4847-aa6a-05f0143375fa",
                "createdAt": "2026-04-30T17:50:18.675000-05:00",
                "message": "(service identitybasic) has reached a steady state."
            },
            {
                "id": "4d096014-2699-4b70-821d-265260f135cd",
                "createdAt": "2026-04-30T11:49:49.097000-05:00",
                "message": "(service identitybasic) has reached a steady state."
            },
            {
                "id": "1fb9eb7d-e2fc-4464-bdbf-573e47353c83",
                "createdAt": "2026-04-30T05:49:39.750000-05:00",
                "message": "(service identitybasic) has reached a steady state."
            },
            {
                "id": "954689d4-5d7f-4339-8baa-ef99c8cc11f8",
                "createdAt": "2026-04-29T23:49:32.964000-05:00",
                "message": "(service identitybasic) has reached a steady state."
            },
            {
                "id": "fe502e10-d633-4b13-a349-c310570e5aaf",
                "createdAt": "2026-04-29T17:49:20.964000-05:00",
                "message": "(service identitybasic) has reached a steady state."
            },
            {
                "id": "edfd0a08-bb9e-4c09-bd78-ef89a85b44a6",
                "createdAt": "2026-04-29T11:49:15.307000-05:00",
                "message": "(service identitybasic) has reached a steady state."
            },
            {
                "id": "77ebd446-2ae5-4b07-865a-456c66fa1bfb",
                "createdAt": "2026-04-29T05:48:57.852000-05:00",
                "message": "(service identitybasic) has reached a steady state."
            },
            {
                "id": "b5acabcb-bd36-4df8-b306-e294cdcfe1e0",
                "createdAt": "2026-04-29T05:48:57.851000-05:00",
                "message": "(service identitybasic) (deployment ecs-svc/7622541007509902887) deployment completed."
            },
            {
                "id": "63878624-8096-4149-b6d5-8c8ae2d588f1",
                "createdAt": "2026-04-29T05:46:15.536000-05:00",
                "message": "(service identitybasic) has stopped 1 running tasks: (task d42b3c5b832d4d2995009eda7d5cb3b3)."
            },
            {
                "id": "ba9279b8-3051-4668-93bd-e1d7dd7c2b3e",
                "createdAt": "2026-04-29T05:45:43.876000-05:00",
                "message": "(service identitybasic) has started 1 tasks: (task b1efc20e2a3946f4aa054f464da41348)."
            },
            {
                "id": "b0cc792b-46a6-4a4a-8012-f09c5ad1011b",
                "createdAt": "2026-04-29T05:45:23.533000-05:00",
                "message": "(service identitybasic) has started 1 tasks: (task e3fb2f9516ad432690720994f59ab9c0)."
            },
            {
                "id": "0e4c89c9-5de9-493f-bb94-53b16be91da1",
                "createdAt": "2026-04-29T05:45:22.688000-05:00",
                "message": "(service identitybasic) has stopped 1 running tasks: (task a9874f6ac2e84ab4b289d4cdbf3c6b60)."
            },
            {
                "id": "8357e466-fddb-47c0-8e67-2216b328e00e"{
    "service": {
        "serviceArn": "arn:aws:ecs:us-east-2:715860911762:service/prod-basic/academicsbasic",
        "serviceName": "academicsbasic",
        "clusterArn": "arn:aws:ecs:us-east-2:715860911762:cluster/prod-basic",
        "loadBalancers": [],
        "serviceRegistries": [],
        "status": "DRAINING",
        "desiredCount": 0,
        "runningCount": 1,
        "pendingCount": 0,
        "launchType": "FARGATE",
        "platformVersion": "LATEST",
        "platformFamily": "Linux",
        "taskDefinition": "arn:aws:ecs:us-east-2:715860911762:task-definition/academics-TaskDef:12",
        "deploymentConfiguration": {
            "deploymentCircuitBreaker": {
                "enable": false,
                "rollback": false
            },
            "maximumPercent": 200,
            "minimumHealthyPercent": 50,
            "alarms": {
                "alarmNames": [],
                "rollback": false,
                "enable": false
            },
            "strategy": "ROLLING"
        },
        "deployments": [
            {
                "id": "ecs-svc/1329491252330079072",
                "status": "PRIMARY",
                "taskDefinition": "arn:aws:ecs:us-east-2:715860911762:task-definition/academics-TaskDef:12",
                "desiredCount": 0,
                "pendingCount": 0,
                "runningCount": 1,
                "failedTasks": 0,
                "createdAt": "2026-04-30T10:41:49.079000-05:00",
                "updatedAt": "2026-04-30T10:45:51.347000-05:00",
                "launchType": "FARGATE",
                "platformVersion": "1.4.0",
                "platformFamily": "Linux",
                "networkConfiguration": {
                    "awsvpcConfiguration": {
                        "subnets": [
                            "subnet-0d21d98426e3638f6",
                            "subnet-0dc3db8d5609a9396",
                            "subnet-08e95eb9a3f3db1b8"
                        ],
                        "securityGroups": [
                            "sg-00ae4c06abb94a97b"
                        ],
                        "assignPublicIp": "DISABLED"
                    }
                },
                "rolloutState": "COMPLETED",
                "rolloutStateReason": "ECS deployment ecs-svc/1329491252330079072 completed."
            }
        ],
        "roleArn": "arn:aws:iam::715860911762:role/aws-service-role/ecs.amazonaws.com/AWSServiceRoleForECS",
        "events": [
            {
                "id": "f1e95603-3da6-4db1-bc33-74bdc76e84e6",
                "createdAt": "2026-05-03T10:48:44.067000-05:00",
                "message": "(service academicsbasic) has reached a steady state."
            },
            {
                "id": "1bc00698-4df9-4725-b4fa-927bf9e200b8",
                "createdAt": "2026-05-03T04:48:29.500000-05:00",
                "message": "(service academicsbasic) has reached a steady state."
            },
            {
                "id": "2d6c757b-a484-4225-82e4-6dfd9e6e3b26",
                "createdAt": "2026-05-02T22:48:10.525000-05:00",
                "message": "(service academicsbasic) has reached a steady state."
            },
            {
                "id": "848915d7-54d3-42ae-9870-1f146ceed758",
                "createdAt": "2026-05-02T16:47:46.379000-05:00",
                "message": "(service academicsbasic) has reached a steady state."
            },
            {
                "id": "da098e4e-48db-424f-8cc3-38ccb72905f9",
                "createdAt": "2026-05-02T10:47:35.999000-05:00",
                "message": "(service academicsbasic) has reached a steady state."
            },
            {
                "id": "567414fa-bb1a-45fc-b503-63fb252ff321",
                "createdAt": "2026-05-02T04:47:16.578000-05:00",
                "message": "(service academicsbasic) has reached a steady state."
            },
            {
                "id": "1dd1b886-90a4-4a39-8eae-fb4cc2e3b1ed",
                "createdAt": "2026-05-01T22:47:04.344000-05:00",
                "message": "(service academicsbasic) has reached a steady state."
            },
            {
                "id": "a95c550f-32fd-40f3-bf31-b08fac2b4c6e",
                "createdAt": "2026-05-01T16:46:37.721000-05:00",
                "message": "(service academicsbasic) has reached a steady state."
            },
            {
                "id": "202b65f8-dff1-4e84-b7e8-3fee4b9c0ab7",
                "createdAt": "2026-05-01T10:46:34.114000-05:00",
                "message": "(service academicsbasic) has reached a steady state."
            },
            {
                "id": "6597b88a-d745-49cf-860b-5cf6627fbf47",
                "createdAt": "2026-05-01T04:46:29.992000-05:00",
                "message": "(service academicsbasic) has reached a steady state."
            },
            {
                "id": "f47d0993-888c-4c48-b1b4-171a511f5b22",
                "createdAt": "2026-04-30T22:46:27.372000-05:00",
                "message": "(service academicsbasic) has reached a steady state."
            },
            {
                "id": "05e7c6f6-3ed7-41a2-a213-c4a6258c785e",
                "createdAt": "2026-04-30T16:46:03.774000-05:00",
                "message": "(service academicsbasic) has reached a steady state."
            },
            {
                "id": "61cc77df-d453-4db1-82f7-e796e849351b",
                "createdAt": "2026-04-30T10:45:51.353000-05:00",
                "message": "(service academicsbasic) has reached a steady state."
            },
            {
                "id": "ea5d01bb-9870-42bb-9b0b-22f54250bcad",
                "createdAt": "2026-04-30T10:45:51.351000-05:00",
                "message": "(service academicsbasic) (deployment ecs-svc/1329491252330079072) deployment completed."
            },
            {
                "id": "6c66d3e7-070c-45c3-977f-bee4c487f449",
                "createdAt": "2026-04-30T10:43:27.240000-05:00",
                "message": "(service academicsbasic) has stopped 1 running tasks: (task 2a66944146024b02a09538ce11fc3acd)."
            },
            {
                "id": "06708954-95c5-4674-a6cf-a2356c35aa68",
                "createdAt": "2026-04-30T10:42:36.055000-05:00",
                "message": "(service academicsbasic) has started 1 tasks: (task 7fcabd41215649bd86c60bc9974a629b)."
            },
            {
                "id": "8e19c077-8613-4932-a134-2d95fee891f1",
                "createdAt": "2026-04-30T06:05:19.015000-05:00",
                "message": "(service academicsbasic) has reached a steady state."
            },
            {
                "id": "70cfdc47-5088-4fb6-be59-c421b5de23b5",
                "createdAt": "2026-04-30T00:04:50.267000-05:00",
                "message": "(service academicsbasic) has reached a steady state."
            },
            {
                "id": "8e3eeb2f-3247-4e17-8c58-b528d39a3288",
                "createdAt": "2026-04-29T18:04:24.977000-05:00",
                "message": "(service academicsbasic) has reached a steady state."
            },
            {
                "id": "740ee241-70f9-471a-b2a8-06cde060a2b5",
                "createdAt": "2026-04-29T18:04:24.976000-05:00",
                "message": "(service academicsbasic) (deployment ecs-svc/3075062066983354891) deployment completed."
            },
            {
                "id": "63f3d2fb-5ebb-4b3d-9c49-0ed5f5316dde",
                "createdAt": "2026-04-29T18:02:08.986000-05:00",
                "message": "(service academicsbasic) has stopped 1 running tasks: (task 291379ae26c2402ea03eaed6e7ab699b)."
            },
            {
                "id": "e4269952-de83-49c6-955f-deed7808412f",
                "createdAt": "2026-04-29T18:01:09.344000-05:00",
                "message": "(service academicsbasic) has started 1 tasks: (task 2a66944146024b02a09538ce11fc3acd)."
            },
            {
                "id": "767afc55-9f27-4dbe-8ad8-cfa06cb98d82",
                "createdAt": "2026-04-29T15:37:11.308000-05:00",
                "message": "(service academicsbasic) has reached a steady state."
            },
            ,
                "createdAt": "2026-04-29T02:28:52.938000-05:00",
                "message": "(service identitybasic) has reached a steady state."
            },
            {
                "id": "f530ca7c-5d9d-4cdf-b05f-af36c785989b",
                "createdAt": "2026-04-28T20:28:33.645000-05:00",
                "message": "(service identitybasic) has reached a steady state."
            },
            {
                "id": "7b6f5185-c86f-40ae-93ae-8dd9b116fe8c",
                "createdAt": "2026-04-28T14:28:12.024000-05:00",
                "message": "(service identitybasic) has reached a steady state."
            },
            {
                "id": "93e379ea-6756-401e-8904-3b844685879d",
                "createdAt": "2026-04-28T14:28:12.023000-05:00",
                "message": "(service identitybasic) (deployment ecs-svc/3259236670039522304) deployment completed."
            },
            {
                "id": "495572b2-96cd-4896-90b2-817ec918a680",
                "createdAt": "2026-04-28T14:25:07.676000-05:00",
                "message": "(service identitybasic) has stopped 1 running tasks: (task 973862c0131247a784927342feda2680)."
            },
            {
                "id": "8cb2cf84-b9ef-42d3-ab88-0cb651ca4219",
                "createdAt": "2026-04-28T14:24:37.980000-05:00",
                "message": "(service identitybasic) has started 1 tasks: (task a9874f6ac2e84ab4b289d4cdbf3c6b60)."
            },
            {
                "id": "b6a99b95-8103-4922-b426-cba364e1a7bf",
                "createdAt": "2026-04-28T14:24:16.520000-05:00",
                "message": "(service identitybasic) has started 1 tasks: (task d42b3c5b832d4d2995009eda7d5cb3b3)."
            },
            {
                "id": "6d322ce7-9a47-4a45-87d8-1ab556717263",
                "createdAt": "2026-04-28T14:24:15.733000-05:00",
                "message": "(service identitybasic) has stopped 1 running tasks: (task 82be02900e8f41d899bb71b4b5c418bf)."
            },
            {
                "id": "05f3a3fa-3f49-45ee-94fb-47091cc6c409",
                "createdAt": "2026-04-28T09:34:33.707000-05:00",
                "message": "(service identitybasic) has reached a steady state."
            },
            {
                "id": "ba8b263c-a477-4f7a-87d2-6644d43aa531",
                "createdAt": "2026-04-28T09:34:33.706000-05:00",
                "message": "(service identitybasic) (deployment ecs-svc/0933306278728995796) deployment completed."
            },
            {
                "id": "0baf6c23-12c6-42ed-874f-66faa1aa16e8",
                "createdAt": "2026-04-28T09:31:57.432000-05:00",
                "message": "(service identitybasic) has stopped 1 running tasks: (task 4940787e31d54f82a0da0f15acd21c55)."
            },
            {
                "id": "42cdcb68-cebe-4f11-9aac-d6a073fea863",
                "createdAt": "2026-04-28T09:31:28.036000-05:00",
                "message": "(service identitybasic) has started 1 tasks: (task 973862c0131247a784927342feda2680)."
            },
            {
                "id": "9e960a25-3cd8-45eb-a332-43984caf296e",
                "createdAt": "2026-04-28T09:30:54.818000-05:00",
                "message": "(service identitybasic) has started 1 tasks: (task 82be02900e8f41d899bb71b4b5c418bf)."
            },
            {
                "id": "0444ddb7-294a-4d8d-a6ea-7a9379af1836",
                "createdAt": "2026-04-28T09:30:53.924000-05:00",
                "message": "(service identitybasic) has stopped 1 running tasks: (task b5419ffabe3f47cbbfad82d625027335)."
            },
            {
                "id": "00a2e0c9-aad4-4ed9-8085-08e501f7e367",
                "createdAt": "2026-04-28T05:53:26.190000-05:00",
                "message": "(service identitybasic) has reached a steady state."
            },
            {
                "id": "08f6eeda-59fc-4ea6-8782-81da4500ad27",
                "createdAt": "2026-04-27T23:53:15.130000-05:00",
                "message": "(service identitybasic) has reached a steady state."
            },
            {
                "id": "fb7502b2-ccde-40b5-b371-3d0088d2d5b0",
                "createdAt": "2026-04-27T17:52:48.196000-05:00",
                "message": "(service identitybasic) has reached a steady state."
            },
            {
                "id": "f13c9d31-d254-454f-84cc-2bcbe87260d2",
                "createdAt": "2026-04-27T11:52:36.335000-05:00",
                "message": "(service identitybasic) has reached a steady state."
            },
            {
                "id": "0a462f67-6d26-457f-a1c6-d480bde8b3a3",
                "createdAt": "2026-04-27T05:52:30.403000-05:00",
                "message": "(service identitybasic) has reached a steady state."
            },
            {
                "id": "96e773df-a2bc-43f1-90ae-2d6649b51826",
                "createdAt": "2026-04-26T23:52:15.618000-05:00",
                "message": "(service identitybasic) has reached a steady state."
            },
            {
                "id": "ddd1d3ed-e1c0-40e7-812a-a82d72d8c5ac",
                "createdAt": "2026-04-26T17:52:04.609000-05:00",
                "message": "(service identitybasic) has reached a steady state."
            },
            {
                "id": "afc8935e-4865-4f3f-af02-e10299228521",
                "createdAt": "2026-04-26T11:51:49.409000-05:00",
                "message": "(service identitybasic) has reached a steady state."
            },
            {
                "id": "cbaa8eaa-924a-46c7-b7fe-65f69d97cf3f",
                "createdAt": "2026-04-26T05:51:29.470000-05:00",
                "message": "(service identitybasic) has reached a steady state."
            },
            {
                "id": "e12e55ae-5849-4a53-8c90-f80a712afbb3",
                "createdAt": "2026-04-25T23:51:00.634000-05:00",
                "message": "(service identitybasic) has reached a steady state."
            },
            {
                "id": "e1f74829-854d-4213-9c71-282adaffe2a3",
                "createdAt": "2026-04-25T17:50:31.012000-05:00",
                "message": "(service identitybasic) has reached a steady state."
            },
            {
                "id": "75b53a39-a704-4cbb-8410-699c40274f25",
                "createdAt": "2026-04-25T11:50:09.993000-05:00",
                "message": "(service identitybasic) has reached a steady state."
            },
            {
                "id": "eadeb8a0-d4ce-4863-8750-a8d1d34b3cb5",
                "createdAt": "2026-04-25T05:49:56.855000-05:00",
                "message": "(service identitybasic) has reached a steady state."
            },
            {
                "id": "d534c68d-5f2b-476a-9921-6fd0d6550ff6",
                "createdAt": "2026-04-24T23:49:37.971000-05:00",
                "message": "(service identitybasic) has reached a steady state."
            },
            {
                "id": "bacb9e4d-3538-4265-9875-ebabb0583eac",
                "createdAt": "2026-04-24T23:49:37.970000-05:00",
                "message": "(service identitybasic) (deployment ecs-svc/5470256635511846126) deployment completed."
            },
            {
                "id": "dd780a77-cef4-4c59-a825-63b058bf7a22",
                "createdAt": "2026-04-24T23:46:54.167000-05:00",
                "message": "(service identitybasic) has stopped 1 running tasks: (task cb7a60bd88794212bc65c6b23242fb95)."
            },
            {
                "id": "7d554b66-06a9-4f2a-b3b5-9b11ec8ff172",
                "createdAt": "2026-04-24T23:46:24.612000-05:00",
                "message": "(service identitybasic) has started 1 tasks: (task 4940787e31d54f82a0da0f15acd21c55)."
            },
            {
                "id": "92fdc224-5559-4dd0-9fc1-e8c59f86a9bc",
                "createdAt": "2026-04-24T23:46:02.256000-05:00",
                "message": "(service identitybasic) has started 1 tasks: (task b5419ffabe3f47cbbfad82d625027335)."
            },
            {
                "id": "246c01ff-65cf-4774-a046-b7b90c265073",
                "createdAt": "2026-04-24T23:46:01.428000-05:00",
                "message": "(service identitybasic) has stopped 1 running tasks: (task c1ce8a1e7fa840f9b35fa68e7f607bf6)."
            },
            {
                "id": "197eee2e-0ad6-4769-af5d-76f4c1775c3f",
                "createdAt": "2026-04-24T18:07:51.515000-05:00",
                "message": "(service identitybasic) has reached a steady state."
            },
            {
                "id": "4f62b1bb-845b-4acf-ae93-ba09c359348b",
                "createdAt": "2026-04-24T18:07:51.514000-05:00",
                "message": "(service identitybasic) (deployment ecs-svc/6162205594643236179) deployment completed."
            },
            {
                "id": "5484a893-b313-435c-92d0-32fbd2db26d8",
                "createdAt": "2026-04-24T18:05:05.233000-05:00",
                "message": "(service identitybasic) has stopped 1 running tasks: (task 5de85ea1085944748046d22ce0049832)."
            },
            {
                "id": "0ca6fded-e2a5-4b79-a5dd-c16fd80d07f5",
                "createdAt": "2026-04-24T18:04:36.258000-05:00",
                "message": "(service identitybasic) has started 1 tasks: (task cb7a60bd88794212bc65c6b23242fb95)."
            },
            {
                "id": "e3d70327-7bd4-4b0d-9907-ed1eeffe2e14",
                "createdAt": "2026-04-24T18:03:53.438000-05:00",
                "message": "(service identitybasic) has started 1 tasks: (task c1ce8a1e7fa840f9b35fa68e7f607bf6)."
            },
            {
                "id": "dfc251c4-5a85-48da-befb-e64ba7b8383e",
                "createdAt": "2026-04-24T18:03:52.612000-05:00",
                "message": "(service identitybasic) has stopped 1 running tasks: (task 76661359c8724bd49c580c009ff107f8)."
            },
            {
                "id": "aedbf654-aec2-44bc-be4b-d331dc2ab440",
                "createdAt": "2026-04-24T15:53:34.458000-05:00",
                "message": "(service identitybasic) has reached a steady state."
            },
            {
                "id": "3525e740-d97e-4a94-bb33-c7b8b813d377",
                "createdAt": "2026-04-24T09:53:29.369000-05:00",
                "message": "(service identitybasic) has reached a steady state."
            },
            {
                "id": "18ee1393-573a-4441-a540-6f89e6f9008a",
                "createdAt": "2026-04-24T03:53:28.006000-05:00",
                "message": "(service identitybasic) has reached a steady state."
            },
            {
                "id": "5b3ff124-a479-43dd-ad3a-cf5a2ad63377",
                "createdAt": "2026-04-23T21:53:27.721000-05:00",
                "message": "(service identitybasic) has reached a steady state."
            },
            {
                "id": "1a616164-d287-46c1-9497-7079a969b2da",
                "createdAt": "2026-04-23T15:53:26.035000-05:00",
                "message": "(service identitybasic) has reached a steady state."
            },
            {
                "id": "3ee146aa-8d34-4457-983b-a3002e1f17c1",
                "createdAt": "2026-04-23T15:53:26.034000-05:00",
                "message": "(service identitybasic) (deployment ecs-svc/9312867066748442586) deployment completed."
            },
            {
                "id": "af608968-518e-42cb-a31f-0572ac7bddab",
                "createdAt": "2026-04-23T15:50:49.638000-05:00",
                "message": "(service identitybasic) has stopped 1 running tasks: (task 7bd0221b6555442e8943f2a8206b84de)."
            },
            {
                "id": "b953ab65-8bd1-4d04-9ec3-90f644e4af0b",
                "createdAt": "2026-04-23T15:50:40.495000-05:00",
                "message": "(service identitybasic) has started 1 tasks: (task 76661359c8724bd49c580c009ff107f8)."
            },
            {
                "id": "492a0702-e5f0-43f9-92b9-1adbd50d754d",
                "createdAt": "2026-04-23T15:49:36.453000-05:00",
                "message": "(service identitybasic) has started 1 tasks: (task 5de85ea1085944748046d22ce0049832)."
            },
            {
                "id": "4512c37d-3440-43e5-809b-b17005ab311e",
                "createdAt": "2026-04-23T15:49:35.793000-05:00",
                "message": "(service identitybasic) has stopped 1 running tasks: (task 8565c4726dae4a32a32c11a23bb110ca)."
            },
            {
                "id": "9efcf789-6a98-4f87-8547-db0926ad6227",
                "createdAt": "2026-04-23T15:33:33.101000-05:00",
                "message": "(service identitybasic) has reached a steady state."
            },
            {
                "id": "c4e87bf2-e6d1-4646-9bb3-00418e4ca459",
                "createdAt": "2026-04-23T15:33:33.100000-05:00",
                "message": "(service identitybasic) (deployment ecs-svc/3239431433977915133) deployment completed."
            },
            {
                "id": "627ee0f5-d5e8-4c82-9020-b7c33bc9b1ba",
                "createdAt": "2026-04-23T15:30:57.588000-05:00",
                "message": "(service identitybasic) has stopped 1 running tasks: (task 32a7b9561b184279ac2d12942aea7718)."
            },
            {
                "id": "52d02934-577d-4de0-a7ca-d36ba1ababf5",
                "createdAt": "2026-04-23T15:30:27.676000-05:00",
                "message": "(service identitybasic) has started 1 tasks: (task 8565c4726dae4a32a32c11a23bb110ca)."
            },
            {
                "id": "8e332539-033b-4ff0-b187-9c3b7eb65eb0",
                "createdAt": "2026-04-23T15:30:04.486000-05:00",
                "message": "(service identitybasic) has started 1 tasks: (task 7bd0221b6555442e8943f2a8206b84de)."
            },
            {
                "id": "2df7dbb1-c22f-481e-9da4-150d9d6819c3",
                "createdAt": "2026-04-23T15:30:03.838000-05:00",
                "message": "(service identitybasic) has stopped 1 running tasks: (task b8b2f334e0284f94b393a4c906258ca5)."
            },
            {
                "id": "32131b8a-26b0-4b6f-bc70-cf14308a3239",
                "createdAt": "2026-04-23T13:38:28.905000-05:00",
                "message": "(service identitybasic) has reached a steady state."
            },
            {
                "id": "ec6e0cbf-61be-4529-81ea-e8eb7ef7bb6d",
                "createdAt": "2026-04-23T13:38:28.904000-05:00",
                "message": "(service identitybasic) (deployment ecs-svc/1390422012962252991) deployment completed."
            },
            {
                "id": "44860b85-9d8a-4396-8359-427d8023397e",
                "createdAt": "2026-04-23T13:35:30.216000-05:00",
                "message": "(service identitybasic) has stopped 1 running tasks: (task c18c18ab247844c986b062da20a1f351)."
            },
            {
                "id": "bd77bba1-240c-4732-a906-23c2d73cc9d8",
                "createdAt": "2026-04-23T13:34:38.845000-05:00",
                "message": "(service identitybasic) has started 1 tasks: (task 32a7b9561b184279ac2d12942aea7718)."
            },
            {
                "id": "afb11469-8e23-4494-a5ae-d642e79f5c1e",
                "createdAt": "2026-04-23T13:34:17.410000-05:00",
                "message": "(service identitybasic) has started 1 tasks: (task b8b2f334e0284f94b393a4c906258ca5)."
            },
            {
                "id": "7264d457-88a0-47fd-a926-a2b75183f7a1",
                "createdAt": "2026-04-23T13:34:16.379000-05:00",
                "message": "(service identitybasic) has stopped 1 running tasks: (task 1367bf9962164b4f88e62ac5ecfde286)."
            },
            {
                "id": "09f1ce6c-42a9-4fbd-a8b2-66dca5af0429",
                "createdAt": "2026-04-23T12:27:28.122000-05:00",
                "message": "(service identitybasic) has reached a steady state."
            },
            {
                "id": "59a17d08-09df-4519-9ffa-9c304893eaa0",
                "createdAt": "2026-04-23T06:27:25.858000-05:00",
                "message": "(service identitybasic) has reached a steady state."
            },
            {
                "id": "eab4c822-612b-4713-8dfb-3752fcb8a606",
                "createdAt": "2026-04-23T00:27:14.529000-05:00",
                "message": "(service identitybasic) has reached a steady state."
            },
            {
                "id": "b307c6cc-aff0-448e-a64e-3d828214dac6",
                "createdAt": "2026-04-22T18:26:45.319000-05:00",
                "message": "(service identitybasic) has reached a steady state."
            },
            {
                "id": "e6a30b65-17c5-46a6-9bb9-d55377991b98",
                "createdAt": "2026-04-22T12:26:20.840000-05:00",
                "message": "(service identitybasic) has reached a steady state."
            },
            {
                "id": "d0627671-a78f-458c-b7ce-b66b3f428082",
                "createdAt": "2026-04-22T06:26:05.045000-05:00",
                "message": "(service identitybasic) has reached a steady state."
            },
            {
                "id": "d405f8e8-5833-40d4-9335-6163c6a596c4",
                "createdAt": "2026-04-22T00:25:54.071000-05:00",
                "message": "(service identitybasic) has reached a steady state."
            },
            {
                "id": "d8cacddd-e39f-43ad-bf5c-86785611ff5d",
                "createdAt": "2026-04-21T18:25:31.589000-05:00",
                "message": "(service identitybasic) has reached a steady state."
            },
            {
                "id": "8459025c-a4ee-4e90-b418-e44104aa0127",
                "createdAt": "2026-04-21T12:25:25.417000-05:00",
                "message": "(service identitybasic) has reached a steady state."
            },
            {
                "id": "84215584-5c23-4c3d-bd45-944402644cfa",
                "createdAt": "2026-04-21T12:25:25.416000-05:00",
                "message": "(service identitybasic) (deployment ecs-svc/4688044731186362421) deployment completed."
            },
            {
                "id": "f313910e-28d5-430b-8254-f291e58a517c",
                "createdAt": "2026-04-21T12:22:43.242000-05:00",
                "message": "(service identitybasic) has stopped 1 running tasks: (task 26245e1ea7ca4d6b8542c1f8754bcf15)."
            },
            {
                "id": "d572127f-6f62-47d5-b9c3-2b0c224bb857",
                "createdAt": "2026-04-21T12:22:12.848000-05:00",
                "message": "(service identitybasic) has started 1 tasks: (task 1367bf9962164b4f88e62ac5ecfde286)."
            },
            {
                "id": "d2872992-aece-4a5c-a5c3-2278ba1a452a",
                "createdAt": "2026-04-21T12:21:41.395000-05:00",
                "message": "(service identitybasic) has started 1 tasks: (task c18c18ab247844c986b062da20a1f351)."
            },
            {
                "id": "e369118d-bfd5-437a-ae24-51e828fca333",
                "createdAt": "2026-04-21T12:21:40.485000-05:00",
                "message": "(service identitybasic) has stopped 1 running tasks: (task 5ca2468adaca43529dd25ea38d6f4b5a)."
            },
            {
                "id": "802807e1-d8a4-4eec-a258-f1a0198da769",
                "createdAt": "2026-04-21T11:06:35.829000-05:00",
                "message": "(service identitybasic) has reached a steady state."
            },
            {
                "id": "b2eed12d-e9b6-424c-a454-465178bcfb9f",
                "createdAt": "2026-04-21T11:06:35.828000-05:00",
                "message": "(service identitybasic) (deployment ecs-svc/3438238763593724237) deployment completed."
            }
        ],
        "createdAt": "2026-03-31T08:29:50.127000-05:00",
        "placementConstraints": [],
        "placementStrategy": [],
        "networkConfiguration": {
            "awsvpcConfiguration": {
                "subnets": [
                    "subnet-0d21d98426e3638f6",
                    "subnet-0dc3db8d5609a9396",
                    "subnet-08e95eb9a3f3db1b8"
                ],
                "securityGroups": [
                    "sg-00ae4c06abb94a97b"
                ],
                "assignPublicIp": "DISABLED"
            }
        },
        "healthCheckGracePeriodSeconds": 0,
        "schedulingStrategy": "REPLICA",
        "deploymentController": {
            "type": "ECS"
        },
        "createdBy": "arn:aws:iam::715860911762:role/cdk-hnb659fds-cfn-exec-role-715860911762-us-east-2",
        "enableECSManagedTags": false,
        "propagateTags": "NONE",
        "enableExecuteCommand": true,
        "availabilityZoneRebalancing": "ENABLED"
    }
}
{
                "id": "475e27e9-4837-4488-9e26-f8b2e731e8a3",
                "createdAt": "2026-04-29T09:36:59.336000-05:00",
                "message": "(service academicsbasic) has reached a steady state."
            },
            {
                "id": "5d4609c4-30a2-448b-9aaf-5ed2f3c03f76",
                "createdAt": "2026-04-29T03:36:41.809000-05:00",
                "message": "(service academicsbasic) has reached a steady state."
            },
            {
                "id": "a23ce81b-9820-4e18-853b-9923d2a040f6",
                "createdAt": "2026-04-28T21:36:20.457000-05:00",
                "message": "(service academicsbasic) has reached a steady state."
            },
            {
                "id": "07f56f91-8b50-4e04-a604-5a2ba2d44139",
                "createdAt": "2026-04-28T15:36:16.118000-05:00",
                "message": "(service academicsbasic) has reached a steady state."
            },
            {
                "id": "ea669b0b-7be0-49a0-9cd0-98204d3af4bf",
                "createdAt": "2026-04-28T09:36:13.576000-05:00",
                "message": "(service academicsbasic) has reached a steady state."
            },
            {
                "id": "bc961881-8464-42e7-893f-1447b8896e98",
                "createdAt": "2026-04-28T09:36:13.575000-05:00",
                "message": "(service academicsbasic) (deployment ecs-svc/0646631615259309196) deployment completed."
            },
            {
                "id": "08fe3283-0de8-41d7-9f73-aba3d64729c5",
                "createdAt": "2026-04-28T09:33:49.505000-05:00",
                "message": "(service academicsbasic) has stopped 1 running tasks: (task 247627cb446d4ef4a57d52db98190a55)."
            },
            {
                "id": "d8112d6c-4280-4712-aa51-2d671c75be43",
                "createdAt": "2026-04-28T09:32:49.007000-05:00",
                "message": "(service academicsbasic) has started 1 tasks: (task 291379ae26c2402ea03eaed6e7ab699b)."
            },
            {
                "id": "688fd511-f19f-4fc3-81d4-4fb4b99e1baa",
                "createdAt": "2026-04-28T09:28:06.094000-05:00",
                "message": "(service academicsbasic) has reached a steady state."
            },
            {
                "id": "bf1d9700-1088-40c6-9dd8-dd890796ca06",
                "createdAt": "2026-04-28T03:27:57.294000-05:00",
                "message": "(service academicsbasic) has reached a steady state."
            },
            {
                "id": "85ccf1f2-2cdd-440c-b5cf-81cdf7004815",
                "createdAt": "2026-04-27T21:27:26.903000-05:00",
                "message": "(service academicsbasic) has reached a steady state."
            },
            {
                "id": "30111bc0-acad-44e5-8a4e-a4032b1e4ba9",
                "createdAt": "2026-04-27T15:27:03.292000-05:00",
                "message": "(service academicsbasic) has reached a steady state."
            },
            {
                "id": "c9923185-e015-4eec-a516-a776996bd1e3",
                "createdAt": "2026-04-27T09:26:41.624000-05:00",
                "message": "(service academicsbasic) has reached a steady state."
            },
            {
                "id": "f2270920-bf6f-42cb-af11-f77b86c97e61",
                "createdAt": "2026-04-27T03:26:38.633000-05:00",
                "message": "(service academicsbasic) has reached a steady state."
            },
            {
                "id": "3ce0ab95-5943-4ba6-8863-9fedd7693494",
                "createdAt": "2026-04-26T21:26:23.949000-05:00",
                "message": "(service academicsbasic) has reached a steady state."
            },
            {
                "id": "f0d7836e-05cc-495a-945b-89c0033d24db",
                "createdAt": "2026-04-26T15:26:20.840000-05:00",
                "message": "(service academicsbasic) has reached a steady state."
            },
            {
                "id": "78e97ae2-e9de-4a8f-8798-a1b115fb3a43",
                "createdAt": "2026-04-26T09:26:11.326000-05:00",
                "message": "(service academicsbasic) has reached a steady state."
            },
            {
                "id": "ab778a35-f2c2-426b-91eb-213892fc26ef",
                "createdAt": "2026-04-26T03:25:39.819000-05:00",
                "message": "(service academicsbasic) has reached a steady state."
            },
            {
                "id": "526082fc-29d0-4af4-8b5f-ec4842197aa3",
                "createdAt": "2026-04-25T21:25:20.345000-05:00",
                "message": "(service academicsbasic) has reached a steady state."
            },
            {
                "id": "d4030486-8846-4c6f-bd11-2b5662dcb115",
                "createdAt": "2026-04-25T15:25:10.938000-05:00",
                "message": "(service academicsbasic) has reached a steady state."
            },
            {
                "id": "ec0a79ce-7ce3-4056-b12e-8d0ae9acb775",
                "createdAt": "2026-04-25T09:25:07.644000-05:00",
                "message": "(service academicsbasic) has reached a steady state."
            },
            {
                "id": "a34e1788-53fd-4b89-a20b-f0aed278554e",
                "createdAt": "2026-04-25T03:24:47.271000-05:00",
                "message": "(service academicsbasic) has reached a steady state."
            },
            {
                "id": "fb65d714-2321-40b6-944e-f22145349abf",
                "createdAt": "2026-04-24T21:24:15.563000-05:00",
                "message": "(service academicsbasic) has reached a steady state."
            },
            {
                "id": "c1e8405b-f3ed-4a7d-9ca6-4c8e1f1ba8bf",
                "createdAt": "2026-04-24T15:24:04.402000-05:00",
                "message": "(service academicsbasic) has reached a steady state."
            },
            {
                "id": "ccc27e96-bf73-483f-9d8e-d9ba9e89b50d",
                "createdAt": "2026-04-24T15:24:04.401000-05:00",
                "message": "(service academicsbasic) (deployment ecs-svc/5819072047263495316) deployment completed."
            },
            {
                "id": "f68be60b-5287-45ad-a9a8-47f29729499d",
                "createdAt": "2026-04-24T15:21:42.658000-05:00",
                "message": "(service academicsbasic) has stopped 1 running tasks: (task 66f8fd8881e54838b78312ba40553595)."
            },
            {
                "id": "690396fa-69f7-44ba-8d05-30ed42d38d1b",
                "createdAt": "2026-04-24T15:20:51.563000-05:00",
                "message": "(service academicsbasic) has started 1 tasks: (task 247627cb446d4ef4a57d52db98190a55)."
            },
            {
                "id": "e1d9291f-d21a-4bce-9d1e-e82cf32ef31c",
                "createdAt": "2026-04-24T15:11:04.189000-05:00",
                "message": "(service academicsbasic) has reached a steady state."
            },
            {
                "id": "6e4d5130-ed52-474e-95aa-55548da43427",
                "createdAt": "2026-04-24T15:11:04.188000-05:00",
                "message": "(service academicsbasic) (deployment ecs-svc/8592389561317612433) deployment completed."
            },
            {
                "id": "b45bd307-ee56-4124-ab9f-7b6fb5734377",
                "createdAt": "2026-04-24T15:08:36.076000-05:00",
                "message": "(service academicsbasic) has stopped 1 running tasks: (task ad6c317c038e4d3b8f1dac73731a8f7e)."
            },
            {
                "id": "2210ae99-6add-40cc-8463-c15c9cff765e",
                "createdAt": "2026-04-24T15:07:44.278000-05:00",
                "message": "(service academicsbasic) has started 1 tasks: (task 66f8fd8881e54838b78312ba40553595)."
            },
            {
                "id": "55b17142-4b51-4232-a05b-4650605503f6",
                "createdAt": "2026-04-24T11:31:49.916000-05:00",
                "message": "(service academicsbasic) has reached a steady state."
            },
            {
                "id": "bab9fffb-a440-4672-917b-e42da5050804",
                "createdAt": "2026-04-24T05:31:26.164000-05:00",
                "message": "(service academicsbasic) has reached a steady state."
            },
            {
                "id": "7d6ce278-63fa-476d-a7c3-32eade14802c",
                "createdAt": "2026-04-23T23:31:15.752000-05:00",
                "message": "(service academicsbasic) has reached a steady state."
            },
            {
                "id": "3d0e9901-eb50-43fa-9380-a6ac4e21b60d",
                "createdAt": "2026-04-23T17:31:01.490000-05:00",
                "message": "(service academicsbasic) has reached a steady state."
            },
            {
                "id": "9c08b94d-6e90-4fdf-a67c-dc51a664059a",
                "createdAt": "2026-04-23T17:31:01.488000-05:00",
                "message": "(service academicsbasic) (deployment ecs-svc/4989814013228453538) deployment completed."
            },
            {
                "id": "6a4f4ef3-ac83-4383-9f46-1ccddbc395f9",
                "createdAt": "2026-04-23T17:28:38.868000-05:00",
                "message": "(service academicsbasic) has stopped 1 running tasks: (task a207a1197fcf45269b726285fe5bed06)."
            },
            {
                "id": "16533936-5eab-47a3-83e5-1e05a85cae76",
                "createdAt": "2026-04-23T17:27:37.376000-05:00",
                "message": "(service academicsbasic) has started 1 tasks: (task ad6c317c038e4d3b8f1dac73731a8f7e)."
            },
            {
                "id": "7737fd2a-63c6-4256-91de-92b73671cad8",
                "createdAt": "2026-04-23T15:52:51.402000-05:00",
                "message": "(service academicsbasic) has reached a steady state."
            },
            {
                "id": "2cd6e59e-a00c-4807-8fbe-e47944e7d799",
                "createdAt": "2026-04-23T15:52:51.401000-05:00",
                "message": "(service academicsbasic) (deployment ecs-svc/0800049878697599815) deployment completed."
            },
            {
                "id": "a5a9fb3a-4a34-45bd-9003-cadc1ef6dbc3",
                "createdAt": "2026-04-23T15:50:23.500000-05:00",
                "message": "(service academicsbasic) has stopped 1 running tasks: (task cd8445b924de41f983fc4daa66eba68b)."
            },
            {
                "id": "54b441b1-023c-4b15-9f24-a535f892c813",
                "createdAt": "2026-04-23T15:49:31.523000-05:00",
                "message": "(service academicsbasic) has started 1 tasks: (task a207a1197fcf45269b726285fe5bed06)."
            },
            {
                "id": "40971ce8-7935-4aa5-82a2-57309c8f6831",
                "createdAt": "2026-04-23T13:45:53.298000-05:00",
                "message": "(service academicsbasic) has reached a steady state."
            },
            {
                "id": "71e22ef3-2561-4d87-8feb-f55e63ea01d9",
                "createdAt": "2026-04-23T13:45:53.297000-05:00",
                "message": "(service academicsbasic) (deployment ecs-svc/4566203764463434918) deployment completed."
            },
            {
                "id": "5583e7b2-18fc-45d7-9134-1ca1d508f1d7",
                "createdAt": "2026-04-23T13:43:29.765000-05:00",
                "message": "(service academicsbasic) has stopped 1 running tasks: (task 4e5149128595454494cd274ed55e8756)."
            },
            {
                "id": "4fd8d606-1388-4bdd-82d5-964eb24fb685",
                "createdAt": "2026-04-23T13:42:31.627000-05:00",
                "message": "(service academicsbasic) has started 1 tasks: (task cd8445b924de41f983fc4daa66eba68b)."
            },
            {
                "id": "cdaa024f-f0a3-4f02-b3f9-79ef5210b816",
                "createdAt": "2026-04-23T09:02:34.764000-05:00",
                "message": "(service academicsbasic) has reached a steady state."
            },
            {
                "id": "830ada04-f7ea-40f6-8d7a-0ad81aa1416f",
                "createdAt": "2026-04-23T03:02:08.396000-05:00",
                "message": "(service academicsbasic) has reached a steady state."
            },
            {
                "id": "e7ab9ade-df31-491b-a24d-7e28907cb1e5",
                "createdAt": "2026-04-22T21:01:54.964000-05:00",
                "message": "(service academicsbasic) has reached a steady state."
            },
            {
                "id": "22e7c15d-e33f-43be-863e-9d48f6d42e8b",
                "createdAt": "2026-04-22T15:01:50.793000-05:00",
                "message": "(service academicsbasic) has reached a steady state."
            },
            {
                "id": "8885940c-c4ed-4efa-9a71-14fa35e73948",
                "createdAt": "2026-04-22T09:01:36.411000-05:00",
                "message": "(service academicsbasic) has reached a steady state."
            },
            {
                "id": "552b2182-a3b8-4356-99d8-edc4281281af",
                "createdAt": "2026-04-22T09:01:36.410000-05:00",
                "message": "(service academicsbasic) (deployment ecs-svc/1936680894306331159) deployment completed."
            },
            {
                "id": "8463fd48-813f-416d-a10e-f9c1ad24f48c",
                "createdAt": "2026-04-22T08:59:14.093000-05:00",
                "message": "(service academicsbasic) has stopped 1 running tasks: (task c32f5c02b8af4cdead269c425adc0b99)."
            },
            {
                "id": "60eba471-b45a-4eac-b84f-6869910dc95f",
                "createdAt": "2026-04-22T08:58:23.043000-05:00",
                "message": "(service academicsbasic) has started 1 tasks: (task 4e5149128595454494cd274ed55e8756)."
            },
            {
                "id": "3b93a2b7-1b00-4c00-ac07-30c10dc38e1c",
                "createdAt": "2026-04-22T06:32:01.537000-05:00",
                "message": "(service academicsbasic) has reached a steady state."
            },
            {
                "id": "c02940b2-df27-4f6c-9935-bc9057bd24f2",
                "createdAt": "2026-04-22T00:31:57.772000-05:00",
                "message": "(service academicsbasic) has reached a steady state."
            },
            {
                "id": "c73ac5a9-0087-4eb3-ac54-c2ea06936f0e",
                "createdAt": "2026-04-21T18:31:42.555000-05:00",
                "message": "(service academicsbasic) has reached a steady state."
            },
            {
                "id": "91b775c5-20f8-427a-86f6-f9e7bcf34a61",
                "createdAt": "2026-04-21T18:31:42.554000-05:00",
                "message": "(service academicsbasic) (deployment ecs-svc/6905456358186241399) deployment completed."
            },
            {
                "id": "fa3d65bb-6421-4d7c-9225-1208c486a1a0",
                "createdAt": "2026-04-21T18:29:17.803000-05:00",
                "message": "(service academicsbasic) has stopped 1 running tasks: (task 7b30f0d6db884553824cd35bb9d9e991)."
            },
            {
                "id": "9448baf5-6109-4510-9ac3-3bc16bbc87ef",
                "createdAt": "2026-04-21T18:28:15.439000-05:00",
                "message": "(service academicsbasic) has started 1 tasks: (task c32f5c02b8af4cdead269c425adc0b99)."
            },
            {
                "id": "a8b835a5-fdea-42bf-9c5f-095e78384104",
                "createdAt": "2026-04-21T17:54:10.302000-05:00",
                "message": "(service academicsbasic) has reached a steady state."
            },
            {
                "id": "26301f14-b61f-4b3d-92a3-a7443d8f703e",
                "createdAt": "2026-04-21T17:54:10.301000-05:00",
                "message": "(service academicsbasic) (deployment ecs-svc/7476333683888505372) deployment completed."
            },
            {
                "id": "e8eb34d0-3ef9-48a4-85db-d4ac840eadf9",
                "createdAt": "2026-04-21T17:51:49.451000-05:00",
                "message": "(service academicsbasic) has stopped 1 running tasks: (task ee561eef27be47e6ad5fbffdd3475718)."
            },
            {
                "id": "91a44a7e-800a-44da-a6bf-d316e46c362d",
                "createdAt": "2026-04-21T17:50:49.762000-05:00",
                "message": "(service academicsbasic) has started 1 tasks: (task 7b30f0d6db884553824cd35bb9d9e991)."
            },
            {
                "id": "f0c9a768-0ab5-4004-a4fc-cc804a8a91f4",
                "createdAt": "2026-04-21T17:10:50.108000-05:00",
                "message": "(service academicsbasic) has reached a steady state."
            },
            {
                "id": "125f18a3-7d32-43c9-9e23-daee5dd3f0c1",
                "createdAt": "2026-04-21T17:10:50.107000-05:00",
                "message": "(service academicsbasic) (deployment ecs-svc/2251933869144227895) deployment completed."
            },
            {
                "id": "8653d743-ffb8-4d83-afee-ad5e4d41f084",
                "createdAt": "2026-04-21T17:08:25.193000-05:00",
                "message": "(service academicsbasic) has stopped 1 running tasks: (task 9dac16ef7db547a393245e5ebac61d01)."
            },
            {
                "id": "0fa29158-9230-4b7e-8bd3-d9a19e717c83",
                "createdAt": "2026-04-21T17:07:34.525000-05:00",
                "message": "(service academicsbasic) has started 1 tasks: (task ee561eef27be47e6ad5fbffdd3475718)."
            },
            {
                "id": "7d469d70-7d82-45e9-95d6-7d62bbbb66af",
                "createdAt": "2026-04-21T13:55:43.911000-05:00",
                "message": "(service academicsbasic) has reached a steady state."
            },
            {
                "id": "a415c220-a071-439f-84f9-2dd5e3633bb5",
                "createdAt": "2026-04-21T07:55:26.789000-05:00",
                "message": "(service academicsbasic) has reached a steady state."
            },
            {
                "id": "6d25944a-ad29-49ae-95c6-43be82030427",
                "createdAt": "2026-04-21T01:54:59.997000-05:00",
                "message": "(service academicsbasic) has reached a steady state."
            },
            {
                "id": "64857f4e-f341-47b6-bc3c-e86621c9541d",
                "createdAt": "2026-04-20T19:54:45.113000-05:00",
                "message": "(service academicsbasic) has reached a steady state."
            },
            {
                "id": "ec1588bf-fc8d-49de-bea6-0818a96346a5",
                "createdAt": "2026-04-20T13:54:26.260000-05:00",
                "message": "(service academicsbasic) has reached a steady state."
            },
            {
                "id": "936e061e-1932-4aac-adc2-d740126d9038",
                "createdAt": "2026-04-20T07:54:11.420000-05:00",
                "message": "(service academicsbasic) has reached a steady state."
            },
            {
                "id": "141b2baf-97e5-40cc-a63d-7ddc59520c6c",
                "createdAt": "2026-04-20T01:53:49.596000-05:00",
                "message": "(service academicsbasic) has reached a steady state."
            },
            {
                "id": "dbccc975-f91e-47fc-a5fb-d22b7919fb29",
                "createdAt": "2026-04-19T19:53:38.709000-05:00",
                "message": "(service academicsbasic) has reached a steady state."
            },
            {
                "id": "4758001d-b462-4eb2-b454-75c464a4fd7d",
                "createdAt": "2026-04-19T13:53:19.433000-05:00",
                "message": "(service academicsbasic) has reached a steady state."
            }
        ],
        "createdAt": "2026-03-31T08:29:50.102000-05:00",
        "placementConstraints": [],
        "placementStrategy": [],
        "networkConfiguration": {
            "awsvpcConfiguration": {
                "subnets": [
                    "subnet-0d21d98426e3638f6",
                    "subnet-0dc3db8d5609a9396",
                    "subnet-08e95eb9a3f3db1b8"
                ],
                "securityGroups": [
                    "sg-00ae4c06abb94a97b"
                ],
                "assignPublicIp": "DISABLED"
            }
        },
        "healthCheckGracePeriodSeconds": 0,
        "schedulingStrategy": "REPLICA",
        "deploymentController": {
            "type": "ECS"
        },
        "createdBy": "arn:aws:iam::715860911762:role/cdk-hnb659fds-cfn-exec-role-715860911762-us-east-2",
        "enableECSManagedTags": false,
        "propagateTags": "NONE",
        "enableExecuteCommand": true,
        "availabilityZoneRebalancing": "ENABLED"
    }
}
{
    "service": {
        "serviceArn": "arn:aws:ecs:us-east-2:715860911762:service/prod-basic/financebasic",
        "serviceName": "financebasic",
        "clusterArn": "arn:aws:ecs:us-east-2:715860911762:cluster/prod-basic",
        "loadBalancers": [],
        "serviceRegistries": [],
        "status": "DRAINING",
        "desiredCount": 0,
        "runningCount": 1,
        "pendingCount": 0,
        "launchType": "FARGATE",
        "platformVersion": "LATEST",
        "platformFamily": "Linux",
        "taskDefinition": "arn:aws:ecs:us-east-2:715860911762:task-definition/finance-TaskDef:7",
        "deploymentConfiguration": {
            "deploymentCircuitBreaker": {
                "enable": false,
                "rollback": false
            },
            "maximumPercent": 200,
            "minimumHealthyPercent": 50,
            "alarms": {
                "alarmNames": [],
                "rollback": false,
                "enable": false
            },
            "strategy": "ROLLING"
        },
        "deployments": [
            {
                "id": "ecs-svc/4557658014163289214",
                "status": "PRIMARY",
                "taskDefinition": "arn:aws:ecs:us-east-2:715860911762:task-definition/finance-TaskDef:7",
                "desiredCount": 0,
                "pendingCount": 0,
                "runningCount": 1,
                "failedTasks": 0,
                "createdAt": "2026-04-29T17:16:19.795000-05:00",
                "updatedAt": "2026-04-29T17:20:16.439000-05:00",
                "launchType": "FARGATE",
                "platformVersion": "1.4.0",
                "platformFamily": "Linux",
                "networkConfiguration": {
                    "awsvpcConfiguration": {
                        "subnets": [
                            "subnet-0d21d98426e3638f6",
                            "subnet-0dc3db8d5609a9396",
                            "subnet-08e95eb9a3f3db1b8"
                        ],
                        "securityGroups": [
                            "sg-00ae4c06abb94a97b"
                        ],
                        "assignPublicIp": "DISABLED"
                    }
                },
                "rolloutState": "COMPLETED",
                "rolloutStateReason": "ECS deployment ecs-svc/4557658014163289214 completed."
            }
        ],
        "roleArn": "arn:aws:iam::715860911762:role/aws-service-role/ecs.amazonaws.com/AWSServiceRoleForECS",
        "events": [
            {
                "id": "5bfb82a8-6aa1-439b-9581-576e77ce04e6",
                "createdAt": "2026-05-03T11:23:46.057000-05:00",
                "message": "(service financebasic) has reached a steady state."
            },
            {
                "id": "5a456fb6-63d3-46cb-8a89-748fba73ade1",
                "createdAt": "2026-05-03T05:23:18.342000-05:00",
                "message": "(service financebasic) has reached a steady state."
            },
            {
                "id": "687d548a-b44f-4128-9aaa-1b0134583790",
                "createdAt": "2026-05-02T23:23:15.633000-05:00",
                "message": "(service financebasic) has reached a steady state."
            },
            {
                "id": "fbf0f1f9-50f4-417a-8d86-83557805043d",
                "createdAt": "2026-05-02T17:23:10.666000-05:00",
                "message": "(service financebasic) has reached a steady state."
            },
            {
                "id": "156d9ead-d614-45e3-ae39-6ca714490284",
                "createdAt": "2026-05-02T11:23:05.613000-05:00",
                "message": "(service financebasic) has reached a steady state."
            },
            {
                "id": "2cbe3f24-ec3b-40c1-9bd2-3ace07e609b8",
                "createdAt": "2026-05-02T05:23:02.771000-05:00",
                "message": "(service financebasic) has reached a steady state."
            },
            {
                "id": "cc5e539b-0ad9-4875-8961-0f72874f5ee0",
                "createdAt": "2026-05-01T23:22:39.169000-05:00",
                "message": "(service financebasic) has reached a steady state."
            },
            {
                "id": "70180505-0f7a-4082-b0e9-e615a98c3980",
                "createdAt": "2026-05-01T17:22:09.894000-05:00",
                "message": "(service financebasic) has reached a steady state."
            },
            {
                "id": "5a68bb9e-3d4f-4823-892e-87162cf31771",
                "createdAt": "2026-05-01T11:21:42.158000-05:00",
                "message": "(service financebasic) has reached a steady state."
            },
            {
                "id": "deebe41f-6ae2-46d7-acff-90d3b6f8dfe1",
                "createdAt": "2026-05-01T05:21:18.933000-05:00",
                "message": "(service financebasic) has reached a steady state."
            },
            {
                "id": "7ab52a71-5aba-4126-8394-1f1955bdc09b",
                "createdAt": "2026-04-30T23:21:05.496000-05:00",
                "message": "(service financebasic) has reached a steady state."
            },
            {
                "id": "8ec66262-e65b-464c-a905-5fde88dc5b7b",
                "createdAt": "2026-04-30T17:20:59.108000-05:00",
                "message": "(service financebasic) has reached a steady state."
            },
            {
                "id": "6b729c43-05c6-46bb-8c12-cb7fc9cc9e86",
                "createdAt": "2026-04-30T11:20:58.289000-05:00",
                "message": "(service financebasic) has reached a steady state."
            },
            {
                "id": "8b587a9b-e928-4540-9538-5716dc70ea4c",
                "createdAt": "2026-04-30T05:20:50.229000-05:00",
                "message": "(service financebasic) has reached a steady state."
            },
            {
                "id": "40864e69-16fd-456c-83bc-0410b0aff995",
                "createdAt": "2026-04-29T23:20:30.631000-05:00",
                "message": "(service financebasic) has reached a steady state."
            },
            {
                "id": "12801f1a-01ad-4f00-b8ee-4fc62b3c798e",
                "createdAt": "2026-04-29T17:20:16.449000-05:00",
                "message": "(service financebasic) has reached a steady state."
            },
            {
                "id": "2027030a-1731-4b44-8dff-59e9b188ca2a",
                "createdAt": "2026-04-29T17:20:16.448000-05:00",
                "message": "(service financebasic) (deployment ecs-svc/4557658014163289214) deployment completed."
            },
            {
                "id": "34e8e88e-d300-46bd-aebf-9bb8c7735c50",
                "createdAt": "2026-04-29T17:17:54.825000-05:00",
                "message": "(service financebasic) has stopped 1 running tasks: (task 455bea9904b84c1ba83d5f4d1d29b6a5)."
            },
            {
                "id": "e2904d25-df16-4e59-a875-004117f2911f",
                "createdAt": "2026-04-29T17:17:03.669000-05:00",
                "message": "(service financebasic) has started 1 tasks: (task c8ef1541a3884e4fa3916c6b634f51f4)."
            },
            {
                "id": "c524613b-d186-455a-bf30-56e2671cc2bd",
                "createdAt": "2026-04-29T16:29:34.128000-05:00",
                "message": "(service financebasic) has reached a steady state."
            },
            {
                "id": "a44b8d96-0115-4f11-a165-744e1236241d",
                "createdAt": "2026-04-29T16:29:34.127000-05:00",
                "message": "(service financebasic) (deployment ecs-svc/6479119603809123644) deployment completed."
            },
            {
                "id": "bd6a16ca-f442-4ee1-8a01-2e565c672703",
                "createdAt": "2026-04-29T16:27:17.651000-05:00",
                "message": "(service financebasic) has stopped 1 running tasks: (task c36281304a4e4243ae6cf3d8400631ee)."
            },
            {
                "id": "2f7b2d7f-fc7e-46e0-b7c4-78a6fa5ef562",
                "createdAt": "2026-04-29T16:26:26.291000-05:00",
                "message": "(service financebasic) has started 1 tasks: (task 455bea9904b84c1ba83d5f4d1d29b6a5)."
            },
            {
                "id": "5674b715-e022-4279-8106-25961c4e76b3",
                "createdAt": "2026-04-29T15:21:50.228000-05:00",
                "message": "(service financebasic) has reached a steady state."
            },
            {
                "id": "9166951f-9880-4cea-9d24-3703b79fe902",
                "createdAt": "2026-04-29T15:21:50.227000-05:00",
                "message": "(service financebasic) (deployment ecs-svc/5757272629783907874) deployment completed."
            },
            {
                "id": "62f781af-d098-43fa-b35d-45d15fdc3348",
                "createdAt": "2026-04-29T15:19:25.018000-05:00",
                "message": "(service financebasic) has stopped 1 running tasks: (task 7b6e47ee2c3d462ea0ec1004df5be362)."
            },
            {
                "id": "8543bfa9-aaae-48fc-a666-6d9e3969c753",
                "createdAt": "2026-04-29T15:18:33.193000-05:00",
                "message": "(service financebasic) has started 1 tasks: (task c36281304a4e4243ae6cf3d8400631ee)."
            },
            {
                "id": "49161351-0db3-452f-afaf-91ba914253b3",
                "createdAt": "2026-04-29T14:02:35.150000-05:00",
                "message": "(service financebasic) has reached a steady state."
            },
            {
                "id": "787f7379-c945-44aa-bf65-fcb78933fecb",
                "createdAt": "2026-04-29T08:02:31.502000-05:00",
                "message": "(service financebasic) has reached a steady state."
            },
            {
                "id": "149a130c-5bfc-408c-8003-bf11f31fb52a",
                "createdAt": "2026-04-29T02:02:28.365000-05:00",
                "message": "(service financebasic) has reached a steady state."
            },
            {
                "id": "15d90066-87a0-4da6-9ccc-79e28844138a",
                "createdAt": "2026-04-28T20:02:08.321000-05:00",
                "message": "(service financebasic) has reached a steady state."
            },
            {
                "id": "c8ebbfda-0c1d-4934-a277-761cfaf6b4b5",
                "createdAt": "2026-04-28T14:01:46.365000-05:00",
                "message": "(service financebasic) has reached a steady state."
            },
            {
                "id": "33ca7543-cd0c-4045-a010-91bef1ac42e2",
                "createdAt": "2026-04-28T08:01:36.383000-05:00",
                "message": "(service financebasic) has reached a steady state."
            },
            {
                "id": "ec6d47a7-9213-4721-bfe7-edc9fbb15256",
                "createdAt": "2026-04-28T02:01:13.744000-05:00",
                "message": "(service financebasic) has reached a steady state."
            },
            {
                "id": "e6c44dc7-d266-4ff6-84e2-4e8d8b29d263",
                "createdAt": "2026-04-27T20:00:55.635000-05:00",
                "message": "(service financebasic) has reached a steady state."
            },
            {
                "id": "80b1d082-eae6-4f49-bc99-5d06213886c8",
                "createdAt": "2026-04-27T14:00:32.835000-05:00",
                "message": "(service financebasic) has reached a steady state."
            },
            {
                "id": "10c97b80-1418-445f-975c-5b7b6a315b11",
                "createdAt": "2026-04-27T08:00:27.460000-05:00",
                "message": "(service financebasic) has reached a steady state."
            },
            {
                "id": "524ee8c0-aa50-4bc9-a34a-655889e12b90",
                "createdAt": "2026-04-27T02:00:18.924000-05:00",
                "message": "(service financebasic) has reached a steady state."
            },
            {
                "id": "24201141-b18a-4b5b-94a9-3c95e3508648",
                "createdAt": "2026-04-26T19:59:56.836000-05:00",
                "message": "(service financebasic) has reached a steady state."
            },
            {
                "id": "62dfca58-f1e5-4fbf-ae6b-8830a5fb3cd8",
                "createdAt": "2026-04-26T13:59:44.949000-05:00",
                "message": "(service financebasic) has reached a steady state."
            },
            {
                "id": "f22309b8-2059-4c14-91f1-ded04f92e0f4",
                "createdAt": "2026-04-26T07:59:40.600000-05:00",
                "message": "(service financebasic) has reached a steady state."
            },
            {
                "id": "6ed8de3c-dacd-4fe6-a11c-901cac6596d7",
                "createdAt": "2026-04-26T01:59:34.127000-05:00",
                "message": "(service financebasic) has reached a steady state."
            },
            {
                "id": "9512dc02-6e0e-41db-87e1-b014a70eb84d",
                "createdAt": "2026-04-25T19:59:32.333000-05:00",
                "message": "(service financebasic) has reached a steady state."
            },
            {
                "id": "810ba7aa-07ec-43a8-8a21-ddfe6952dd27",
                "createdAt": "2026-04-25T13:59:06.442000-05:00",
                "message": "(service financebasic) has reached a steady state."
            },
            {
                "id": "397cee1b-1d93-4318-96d0-245564077f6d",
                "createdAt": "2026-04-25T07:58:50.011000-05:00",
                "message": "(service financebasic) has reached a steady state."
            },
            {
                "id": "80816b7d-cca2-4fc6-98b4-27657e5d897b",
                "createdAt": "2026-04-25T01:58:39.955000-05:00",
                "message": "(service financebasic) has reached a steady state."
            },
            {
                "id": "277da891-cd56-441d-a0c6-ed88f4128fbc",
                "createdAt": "2026-04-24T19:58:29.593000-05:00",
                "message": "(service financebasic) has reached a steady state."
            },
            {
                "id": "a6b8bc84-64c9-4a03-a9c9-ab7f2545be64",
                "createdAt": "2026-04-24T13:58:01.964000-05:00",
                "message": "(service financebasic) has reached a steady state."
            },
            {
                "id": "2f611c48-37e7-4f85-840c-22a4cd72965b",
                "createdAt": "2026-04-24T07:57:39.739000-05:00",
                "message": "(service financebasic) has reached a steady state."
            },
            {
                "id": "6eb7686d-7846-4276-b27d-ca03e2b4713c",
                "createdAt": "2026-04-24T01:57:30.988000-05:00",
                "message": "(service financebasic) has reached a steady state."
            },
            {
                "id": "d49adf70-13f0-4d5e-8015-027e06d0c9e4",
                "createdAt": "2026-04-23T19:57:25.253000-05:00",
                "message": "(service financebasic) has reached a steady state."
            },
            {
                "id": "156874c6-2f90-4767-82ad-f60456deea21",
                "createdAt": "2026-04-23T13:57:18.951000-05:00",
                "message": "(service financebasic) has reached a steady state."
            },
            {
                "id": "5ed0ef42-0364-4d27-8d35-6bbc743db786",
                "createdAt": "2026-04-23T07:57:08.682000-05:00",
                "message": "(service financebasic) has reached a steady state."
            },
            {
                "id": "27619b8b-ed07-441c-9fd5-065c086c947d",
                "createdAt": "2026-04-23T01:57:03.474000-05:00",
                "message": "(service financebasic) has reached a steady state."
            },
            {
                "id": "33e7856f-74b5-4efc-9abe-5067e65d4235",
                "createdAt": "2026-04-22T19:56:34.686000-05:00",
                "message": "(service financebasic) has reached a steady state."
            },
            {
                "id": "322128c0-79ec-4440-8f04-5227af63b6e6",
                "createdAt": "2026-04-22T13:56:22.350000-05:00",
                "message": "(service financebasic) has reached a steady state."
            },
            {
                "id": "cb07cfb0-21fd-426f-b7ec-ce5232fdaaa6",
                "createdAt": "2026-04-22T07:55:55.357000-05:00",
                "message": "(service financebasic) has reached a steady state."
            },
            {
                "id": "e9fbf97d-2a01-423b-a13b-e4f2970efcc8",
                "createdAt": "2026-04-22T01:55:28.872000-05:00",
                "message": "(service financebasic) has reached a steady state."
            },
            {
                "id": "2ebed813-8371-472d-a036-578ca2b6749d",
                "createdAt": "2026-04-21T19:55:24.370000-05:00",
                "message": "(service financebasic) has reached a steady state."
            },
            {
                "id": "bcc0d3d4-517c-4c88-a25f-713ce8b7dd47",
                "createdAt": "2026-04-21T13:55:22.456000-05:00",
                "message": "(service financebasic) has reached a steady state."
            },
            {
                "id": "116c38e0-b9a5-41b6-818a-0fd87199c616",
                "createdAt": "2026-04-21T07:55:21.344000-05:00",
                "message": "(service financebasic) has reached a steady state."
            },
            {
                "id": "fd8eecf7-820c-435e-b2e7-b5e61c597ef6",
                "createdAt": "2026-04-21T01:54:53.593000-05:00",
                "message": "(service financebasic) has reached a steady state."
            },
            {
                "id": "be469618-0eff-4547-9c2a-4a13b645c689",
                "createdAt": "2026-04-20T19:54:40.488000-05:00",
                "message": "(service financebasic) has reached a steady state."
            },
            {
                "id": "1a16ba0f-2d9a-471d-9e75-2d818beb01c9",
                "createdAt": "2026-04-20T13:54:27.981000-05:00",
                "message": "(service financebasic) has reached a steady state."
            },
            {
                "id": "2526b765-0043-41ba-8d15-7bcb3dc28656",
                "createdAt": "2026-04-20T07:54:25.618000-05:00",
                "message": "(service financebasic) has reached a steady state."
            },
            {
                "id": "9fa3c8dd-e2db-44a8-ae16-394323c038e2",
                "createdAt": "2026-04-20T01:54:00.088000-05:00",
                "message": "(service financebasic) has reached a steady state."
            },
            {
                "id": "063ef468-f665-4dc1-b84e-a2437bb6e044",
                "createdAt": "2026-04-19T19:53:31.649000-05:00",
                "message": "(service financebasic) has reached a steady state."
            },
            {
                "id": "c0f64f19-d68d-4bc9-9d22-c2db8958dbe6",
                "createdAt": "2026-04-19T13:53:12.722000-05:00",
                "message": "(service financebasic) has reached a steady state."
            },
            {
                "id": "a697adc0-321c-41b2-9c57-4e332dd2af36",
                "createdAt": "2026-04-19T07:53:05.362000-05:00",
                "message": "(service financebasic) has reached a steady state."
            },
            {
                "id": "09c0c07a-eb5c-4d9f-ada6-2d29fdfe64b2",
                "createdAt": "2026-04-19T01:52:50.837000-05:00",
                "message": "(service financebasic) has reached a steady state."
            },
            {
                "id": "bba5d162-78cf-452e-8b21-707bb7e8d540",
                "createdAt": "2026-04-18T19:52:32.407000-05:00",
                "message": "(service financebasic) has reached a steady state."
            },
            {
                "id": "560107b3-b838-4856-85f4-4eca06eb13d5",
                "createdAt": "2026-04-18T19:52:32.406000-05:00",
                "message": "(service financebasic) (deployment ecs-svc/5488940562175900008) deployment completed."
            },
            {
                "id": "cb250588-157c-4205-adb8-72a38cb7cc61",
                "createdAt": "2026-04-18T19:50:06.088000-05:00",
                "message": "(service financebasic) has stopped 1 running tasks: (task 558dcaab63384c11adc8739b467f3c46)."
            },
            {
                "id": "596993d0-3c63-46e0-88ae-a05ef96c4434",
                "createdAt": "2026-04-18T19:48:55.210000-05:00",
                "message": "(service financebasic) has started 1 tasks: (task 7b6e47ee2c3d462ea0ec1004df5be362)."
            },
            {
                "id": "af44e272-0cd7-4d22-ab37-4f83f29520f4",
                "createdAt": "2026-04-18T19:25:55.990000-05:00",
                "message": "(service financebasic) has reached a steady state."
            },
            {
                "id": "db7b4ede-e44f-43d0-8828-dd780f573fe0",
                "createdAt": "2026-04-18T13:25:26.052000-05:00",
                "message": "(service financebasic) has reached a steady state."
            },
            {
                "id": "7e8bb2d0-f181-4427-8ddc-4c250767534f",
                "createdAt": "2026-04-18T07:25:20.345000-05:00",
                "message": "(service financebasic) has reached a steady state."
            },
            {
                "id": "1bcebc3a-fac0-410e-a2c9-f8673be195fb",
                "createdAt": "2026-04-18T01:25:03.550000-05:00",
                "message": "(service financebasic) has reached a steady state."
            },
            {
                "id": "75dd347f-8497-416a-b07f-c3d9e677f135",
                "createdAt": "2026-04-17T19:24:52.710000-05:00",
                "message": "(service financebasic) has reached a steady state."
            },
            {
                "id": "5393ff5f-8e9d-4edc-917f-b27daffbae1f",
                "createdAt": "2026-04-17T13:24:31.787000-05:00",
                "message": "(service financebasic) has reached a steady state."
            },
            {
                "id": "b576b084-3a67-43fc-ad2c-79ec5f8cb98e",
                "createdAt": "2026-04-17T13:24:31.786000-05:00",
                "message": "(service financebasic) (deployment ecs-svc/8489175361367033109) deployment completed."
            },
            {
                "id": "b3729e66-3bd1-430e-a83c-7a21621ff1a5",
                "createdAt": "2026-04-17T13:22:17.486000-05:00",
                "message": "(service financebasic) has stopped 1 running tasks: (task 5a0f9e0b98e14e1c8115967fd13f8b73)."
            },
            {
                "id": "e4f3c9b4-fafb-44d7-b7ba-654e780b9a88",
                "createdAt": "2026-04-17T13:21:16.809000-05:00",
                "message": "(service financebasic) has started 1 tasks: (task 558dcaab63384c11adc8739b467f3c46)."
            },
            {
                "id": "e1be0a74-96a3-41df-8d10-2da381499655",
                "createdAt": "2026-04-17T13:14:17.777000-05:00",
                "message": "(service financebasic) has reached a steady state."
            },
            {
                "id": "aa32d10b-11ae-4aed-ad9e-aa961169cbfe",
                "createdAt": "2026-04-17T13:14:17.776000-05:00",
                "message": "(service financebasic) (deployment ecs-svc/2240984654501520133) deployment completed."
            },
            {
                "id": "c0038fc1-e75b-4bca-b165-58570cfcd8ec",
                "createdAt": "2026-04-17T13:11:56.822000-05:00",
                "message": "(service financebasic) has stopped 1 running tasks: (task 7f73c9f87198453e8b0c1f9dda694667)."
            },
            {
                "id": "ff102318-9d3c-444b-bc89-555ae6b08da0",
                "createdAt": "2026-04-17T13:11:03.781000-05:00",
                "message": "(service financebasic) has started 1 tasks: (task 5a0f9e0b98e14e1c8115967fd13f8b73)."
            },
            {
                "id": "c9b924d3-6670-48ea-ad96-a17d673a396a",
                "createdAt": "2026-04-17T12:46:09.372000-05:00",
                "message": "(service financebasic) has reached a steady state."
            },
            {
                "id": "76150885-fb1d-4f14-9a60-eac455817bde",
                "createdAt": "2026-04-17T06:45:38.107000-05:00",
                "message": "(service financebasic) has reached a steady state."
            },
            {
                "id": "664364aa-1c2c-470d-a71b-65d78026de94",
                "createdAt": "2026-04-17T00:45:31.355000-05:00",
                "message": "(service financebasic) has reached a steady state."
            },
            {
                "id": "5246b13c-e2e1-45b5-b9f2-9298346ee53d",
                "createdAt": "2026-04-17T00:45:31.353000-05:00",
                "message": "(service financebasic) (deployment ecs-svc/3722621408070796037) deployment completed."
            },
            {
                "id": "c26907a9-d054-46b5-9f36-a17a280f04b4",
                "createdAt": "2026-04-17T00:43:10.895000-05:00",
                "message": "(service financebasic) has stopped 1 running tasks: (task 78f79c8a85ea4b8c97267b9f911f326b)."
            },
            {
                "id": "16355d83-263f-4c9e-880b-50a4a0e3e452",
                "createdAt": "2026-04-17T00:42:19.733000-05:00",
                "message": "(service financebasic) has started 1 tasks: (task 7f73c9f87198453e8b0c1f9dda694667)."
            },
            {
                "id": "767ac638-fb5d-4208-9acb-4d573273d70c",
                "createdAt": "2026-04-17T00:41:47.413000-05:00",
                "message": "(service financebasic) was unable to place a task. Reason: InternalError: failed to create container model: failed to normalize image reference \".dkr.ecr..amazonaws.com/finance\". Launch a new task to retry.."
            },
            {
                "id": "2a6644d1-4415-43e2-9729-472e6c395317",
                "createdAt": "2026-04-17T00:41:26.086000-05:00",
                "message": "(service financebasic) has started 1 tasks: (task fd0e132018744a1fb4253575464dd658)."
            },
            {
                "id": "1295efd9-3a6c-45df-8246-900decabdce9",
                "createdAt": "2026-04-17T00:40:54.030000-05:00",
                "message": "(service financebasic) was unable to place a task. Reason: InternalError: failed to create container model: failed to normalize image reference \".dkr.ecr..amazonaws.com/finance\". Launch a new task to retry.."
            },
            {
                "id": "9e89357f-bd59-4927-b3a1-a19e8eb31a49",
                "createdAt": "2026-04-17T00:40:36.496000-05:00",
                "message": "(service financebasic) has started 1 tasks: (task 8fadaed1784248cc8fe1110c09cc9687)."
            },
            {
                "id": "c10f9726-d8cd-4b60-8361-2068407eed6b",
                "createdAt": "2026-04-17T00:33:04.453000-05:00",
                "message": "(service financebasic) is unable to consistently start tasks successfully. For more information, see the Troubleshooting section of the Amazon ECS Developer Guide."
            },
            {
                "id": "d2914ad6-dfc2-4028-a4df-136bcf75d87f",
                "createdAt": "2026-04-17T00:33:04.452000-05:00",
                "message": "(service financebasic) was unable to place a task. Reason: InternalError: failed to create container model: failed to normalize image reference \".dkr.ecr..amazonaws.com/finance\". Launch a new task to retry.."
            },
            {
                "id": "d35bbce0-7944-403f-9d89-4ca038c9d771",
                "createdAt": "2026-04-17T00:32:46.383000-05:00",
                "message": "(service financebasic) has started 1 tasks: (task 6f6f33d5da6d4acaa1cc46999a0909c7)."
            }
        ],
        "createdAt": "2026-03-31T08:29:50.114000-05:00",
        "placementConstraints": [],
        "placementStrategy": [],
        "networkConfiguration": {
            "awsvpcConfiguration": {
                "subnets": [
                    "subnet-0d21d98426e3638f6",
                    "subnet-0dc3db8d5609a9396",
                    "subnet-08e95eb9a3f3db1b8"
                ],
                "securityGroups": [
                    "sg-00ae4c06abb94a97b"
                ],
                "assignPublicIp": "DISABLED"
            }
        },
        "healthCheckGracePeriodSeconds": 0,
        "schedulingStrategy": "REPLICA",
        "deploymentController": {
            "type": "ECS"
        },
        "createdBy": "arn:aws:iam::715860911762:role/cdk-hnb659fds-cfn-exec-role-715860911762-us-east-2",
        "enableECSManagedTags": false,
        "propagateTags": "NONE",
        "enableExecuteCommand": true,
        "availabilityZoneRebalancing": "ENABLED"
    }
}
Sun May  3 14:24:19 CDT 2026 cleaning up tenants...
Sun May  3 14:24:19 CDT 2026 searching for all tenant stacks...
Sun May  3 14:24:20 CDT 2026 found tenant stacks: tenant-template-stack-basic-EcsClusterNestedStackEcsClusterNestedStackResource0624F17C-1FZBNBODE5FVM	tenant-template-stack-basic	tenant-template-stack-advanced-EcsClusterNestedStackEcsClusterNestedStackResource0624F-1NHALU0QCULPJ	tenant-template-stack-advanced
Sun May  3 14:24:20 CDT 2026 deleting stack: tenant-template-stack-basic-EcsClusterNestedStackEcsClusterNestedStackResource0624F17C-1FZBNBODE5FVM
Sun May  3 14:24:21 CDT 2026 waiting for stack delete operation to complete...

Waiter StackDeleteComplete failed: Waiter encountered a terminal failure state: For expression "Stacks[].StackStatus" we matched expected path: "DELETE_FAILED" at least once
Sun May  3 14:24:52 CDT 2026 stack delete failed for tenant-template-stack-basic-EcsClusterNestedStackEcsClusterNestedStackResource0624F17C-1FZBNBODE5FVM, retrying after ECS cleanup...
Sun May  3 14:25:04 CDT 2026 deleting stack: tenant-template-stack-basic
Sun May  3 14:25:05 CDT 2026 waiting for stack delete operation to complete...
Sun May  3 14:33:11 CDT 2026 deleting stack: tenant-template-stack-advanced-EcsClusterNestedStackEcsClusterNestedStackResource0624F-1NHALU0QCULPJ
Sun May  3 14:33:13 CDT 2026 waiting for stack delete operation to complete...
Sun May  3 14:36:15 CDT 2026 deleting stack: tenant-template-stack-advanced
Sun May  3 14:36:17 CDT 2026 waiting for stack delete operation to complete...
[cdk] env file: .env + .env.uat
CDK NAG:  true
Tenant ID is empty, a default tenant id "basic" will be assigned
Some ECS Task Definition resources not found, skipping suppressions
rProxy Task Definition resource not found, skipping suppression
Some ECS Task Execution Role resources not found, skipping suppressions
Some ECS Task Definition resources not found, skipping suppressions
Some ECS Task Role resources not found, skipping suppressions
Some ECS Task Role Default Policy resources not found, skipping suppressions
Additional Policy resources not found, skipping suppression
Some Task Definition resources not found, skipping suppressions
core-appplane-stack: destroying... [1/6]
current credentials could not be used to assume 'arn:aws:iam::715860911762:role/cdk-hnb659fds-deploy-role-715860911762-us-east-2', but are for the right account. Proceeding anyway.
core-appplane-stack |   0 | 2:39:09 PM | DELETE_IN_PROGRESS   | AWS::CloudFormation::Stack       | core-appplane-stack User Initiated
core-appplane-stack |   0 | 2:39:11 PM | DELETE_IN_PROGRESS   | AWS::CloudWatch::Alarm           | DeprovisioningFailedAlarm (DeprovisioningFailedAlarm6172D20D) 
core-appplane-stack |   0 | 2:39:11 PM | DELETE_IN_PROGRESS   | AWS::IAM::Policy                 | deprovisioningScriptJob/provisioningStateMachine/EventsRole/DefaultPolicy (deprovisioningScriptJobprovisioningStateMachineEventsRoleDefaultPolicy34BAB42B) 
core-appplane-stack |   0 | 2:39:11 PM | DELETE_IN_PROGRESS   | AWS::Events::Rule                | coreappplane-sbt/sbt_control_plane_sbt_aws_onboardingRequestRule (coreappplanesbtsbtcontrolplanesbtawsonboardingRequestRule0E866B95) 
core-appplane-stack |   0 | 2:39:11 PM | DELETE_IN_PROGRESS   | AWS::CloudWatch::Alarm           | ProvisioningFailedAlarm (ProvisioningFailedAlarmBFFBAB33) 
core-appplane-stack |   0 | 2:39:11 PM | DELETE_IN_PROGRESS   | AWS::SNS::TopicPolicy            | ProvisioningAlertTopic/Policy (ProvisioningAlertTopicPolicyF15E7364) 
core-appplane-stack |   0 | 2:39:11 PM | DELETE_IN_PROGRESS   | AWS::IAM::Policy                 | deprovisioningScriptJob/codebuildProject/Role/DefaultPolicy (deprovisioningScriptJobcodebuildProjectRoleDefaultPolicy1942EE32) 
core-appplane-stack |   0 | 2:39:11 PM | DELETE_IN_PROGRESS   | AWS::IAM::Policy                 | provisioningScriptJob/codebuildProject/Role/DefaultPolicy (provisioningScriptJobcodebuildProjectRoleDefaultPolicy0FD13D4A) 
core-appplane-stack |   0 | 2:39:11 PM | DELETE_IN_PROGRESS   | AWS::CDK::Metadata               | CDKMetadata/Default (CDKMetadata) 
core-appplane-stack |   0 | 2:39:11 PM | DELETE_IN_PROGRESS   | AWS::Events::Rule                | coreappplane-sbt/sbt_control_plane_sbt_aws_offboardingRequestRule (coreappplanesbtsbtcontrolplanesbtawsoffboardingRequestRuleE428159A) 
core-appplane-stack |   0 | 2:39:11 PM | DELETE_IN_PROGRESS   | AWS::IAM::Policy                 | provisioningScriptJob/provisioningStateMachine/EventsRole/DefaultPolicy (provisioningScriptJobprovisioningStateMachineEventsRoleDefaultPolicyB0BB5BA3) 
core-appplane-stack |   0 | 2:39:11 PM | DELETE_IN_PROGRESS   | AWS::SNS::Subscription           | ProvisioningAlertTopicshoaibrain1gmailcom45C1ED60 
core-appplane-stack |   1 | 2:39:12 PM | DELETE_COMPLETE      | AWS::CDK::Metadata               | CDKMetadata/Default (CDKMetadata) 
core-appplane-stack |   2 | 2:39:12 PM | DELETE_COMPLETE      | AWS::IAM::Policy                 | provisioningScriptJob/codebuildProject/Role/DefaultPolicy (provisioningScriptJobcodebuildProjectRoleDefaultPolicy0FD13D4A) 
core-appplane-stack |   3 | 2:39:12 PM | DELETE_COMPLETE      | AWS::SNS::TopicPolicy            | ProvisioningAlertTopic/Policy (ProvisioningAlertTopicPolicyF15E7364) 
core-appplane-stack |   4 | 2:39:12 PM | DELETE_COMPLETE      | AWS::IAM::Policy                 | deprovisioningScriptJob/provisioningStateMachine/EventsRole/DefaultPolicy (deprovisioningScriptJobprovisioningStateMachineEventsRoleDefaultPolicy34BAB42B) 
core-appplane-stack |   5 | 2:39:12 PM | DELETE_COMPLETE      | AWS::IAM::Policy                 | deprovisioningScriptJob/codebuildProject/Role/DefaultPolicy (deprovisioningScriptJobcodebuildProjectRoleDefaultPolicy1942EE32) 
core-appplane-stack |   6 | 2:39:12 PM | DELETE_COMPLETE      | AWS::SNS::Subscription           | ProvisioningAlertTopicshoaibrain1gmailcom45C1ED60 
core-appplane-stack |   7 | 2:39:12 PM | DELETE_COMPLETE      | AWS::CloudWatch::Alarm           | DeprovisioningFailedAlarm (DeprovisioningFailedAlarm6172D20D) 
core-appplane-stack |   8 | 2:39:13 PM | DELETE_COMPLETE      | AWS::IAM::Policy                 | provisioningScriptJob/provisioningStateMachine/EventsRole/DefaultPolicy (provisioningScriptJobprovisioningStateMachineEventsRoleDefaultPolicyB0BB5BA3) 
core-appplane-stack |   9 | 2:39:14 PM | DELETE_COMPLETE      | AWS::CloudWatch::Alarm           | ProvisioningFailedAlarm (ProvisioningFailedAlarmBFFBAB33) 
core-appplane-stack |   9 | 2:39:14 PM | DELETE_IN_PROGRESS   | AWS::SNS::Topic                  | ProvisioningAlertTopic (ProvisioningAlertTopic2A6A3DEB) 

 ✅  core-appplane-stack: destroyed
tenant-template-stack-basic: destroying... [2/6]

 ✅  tenant-template-stack-basic: destroyed
tenant-template-stack-advanced: destroying... [3/6]

 ✅  tenant-template-stack-advanced: destroyed
analytics-stack: destroying... [4/6]
analytics-stack |   0 | 2:42:45 PM | DELETE_IN_PROGRESS   | AWS::CloudFormation::Stack  | analytics-stack User Initiated
analytics-stack |   0 | 2:42:47 PM | DELETE_IN_PROGRESS   | AWS::CloudWatch::Dashboard  | PilotDashboard (PilotDashboard35C02364) 
analytics-stack |   0 | 2:42:47 PM | DELETE_IN_PROGRESS   | Custom::LogRetention        | RollupLambda/Function/LogRetention (RollupLambdaFunctionLogRetention5A3C174A) 
analytics-stack |   0 | 2:42:47 PM | DELETE_IN_PROGRESS   | AWS::Lambda::Permission     | TenantApiImport/Default/analytics/fleet/GET/ApiPermission.analyticsstackTenantApiImportBEC41717.GET..analytics.fleet (TenantApiImportanalyticsfleetGETApiPermissionanalyticsstackTenantApiImportBEC41717GETanalyticsfleet146112E9) 
analytics-stack |   0 | 2:42:47 PM | DELETE_IN_PROGRESS   | AWS::SQS::QueuePolicy       | AggregatorDLQ/Policy (AggregatorDLQPolicy298CE782) 
analytics-stack |   0 | 2:42:47 PM | DELETE_IN_PROGRESS   | AWS::Lambda::Permission     | AnalyticsDomainRule/AllowEventRuleanalyticsstackAggregatorFunction6706803A (AnalyticsDomainRuleAllowEventRuleanalyticsstackAggregatorFunction6706803AFC24A606) 
analytics-stack |   0 | 2:42:47 PM | DELETE_IN_PROGRESS   | AWS::Lambda::Permission     | AnalyticsNativeRule/AllowEventRuleanalyticsstackAggregatorFunction6706803A (AnalyticsNativeRuleAllowEventRuleanalyticsstackAggregatorFunction6706803A88E0F93C) 
analytics-stack |   0 | 2:42:47 PM | DELETE_IN_PROGRESS   | AWS::ApiGateway::Method     | TenantApiImport/Default/analytics/tenants/{tenantId}/export-csv-url/GET (TenantApiImportanalyticstenantstenantIdexportcsvurlGET4B5F371F) 
analytics-stack |   0 | 2:42:47 PM | DELETE_IN_PROGRESS   | AWS::ApiGateway::Method     | TenantApiImport/Default/analytics/me/session-history/GET (TenantApiImportanalyticsmesessionhistoryGET0B6DD7B3) 
analytics-stack |   0 | 2:42:47 PM | DELETE_IN_PROGRESS   | AWS::CloudWatch::Alarm      | LandingTableWcuBurstAlarm (LandingTableWcuBurstAlarm3AE5C7E0) 
analytics-stack |   0 | 2:42:47 PM | DELETE_IN_PROGRESS   | AWS::Lambda::Permission     | TenantApiImport/Default/analytics/tenants/{tenantId}/adoption-report/GET/ApiPermission.Test.analyticsstackTenantApiImportBEC41717.GET..analytics.tenants.{tenantId}.adoption-report (TenantApiImportanalyticstenantstenantIdadoptionreportGETApiPermissionTestanalyticsstackTenantApiImportBEC41717GETanalyticstenantstenantIdadoptionreportE6F8ABFA) 
analytics-stack |   0 | 2:42:47 PM | DELETE_IN_PROGRESS   | AWS::IAM::Policy            | RollupLambda/SchedulerInvokeRole/DefaultPolicy (RollupLambdaSchedulerInvokeRoleDefaultPolicyEDFB43B7) 
analytics-stack |   0 | 2:42:47 PM | DELETE_IN_PROGRESS   | AWS::CDK::Metadata          | CDKMetadata/Default (CDKMetadata) 
analytics-stack |   0 | 2:42:47 PM | DELETE_IN_PROGRESS   | Custom::LogRetention        | AggregatorFunction/LogRetention (AggregatorFunctionLogRetention0275726F) 
analytics-stack |   0 | 2:42:47 PM | DELETE_IN_PROGRESS   | AWS::CloudWatch::Alarm      | Alb5xxSurgeAlarm (Alb5xxSurgeAlarm78C7B3C6) 
analytics-stack |   0 | 2:42:47 PM | DELETE_IN_PROGRESS   | AWS::CloudWatch::Alarm      | AggregatorDlqDepthAlarm (AggregatorDlqDepthAlarmFD2292F2) 
analytics-stack |   0 | 2:42:47 PM | DELETE_IN_PROGRESS   | AWS::Lambda::Permission     | TenantApiImport/Default/analytics/fleet/GET/ApiPermission.Test.analyticsstackTenantApiImportBEC41717.GET..analytics.fleet (TenantApiImportanalyticsfleetGETApiPermissionTestanalyticsstackTenantApiImportBEC41717GETanalyticsfleetE81F5292) 
analytics-stack |   0 | 2:42:47 PM | DELETE_IN_PROGRESS   | AWS::Scheduler::Schedule    | RollupLambda/Schedule (RollupLambdaSchedule2194916D) 
analytics-stack |   0 | 2:42:47 PM | DELETE_IN_PROGRESS   | AWS::Lambda::Permission     | WorkspaceSettingsUpdatedToApiLambda/AllowEventRuleanalyticsstackApiLambdaCF94DCE6 (WorkspaceSettingsUpdatedToApiLambdaAllowEventRuleanalyticsstackApiLambdaCF94DCE61B00FF7C) 
analytics-stack |   0 | 2:42:47 PM | DELETE_IN_PROGRESS   | AWS::Lambda::Permission     | TenantApiImport/Default/analytics/tenants/{tenantId}/adoption-report/GET/ApiPermission.analyticsstackTenantApiImportBEC41717.GET..analytics.tenants.{tenantId}.adoption-report (TenantApiImportanalyticstenantstenantIdadoptionreportGETApiPermissionanalyticsstackTenantApiImportBEC41717GETanalyticstenantstenantIdadoptionreport1AB5B1C1) 
analytics-stack |   0 | 2:42:47 PM | DELETE_IN_PROGRESS   | AWS::CloudWatch::Dashboard  | AnalyticsDashboard (AnalyticsDashboardF810556A) 
analytics-stack |   0 | 2:42:47 PM | DELETE_IN_PROGRESS   | AWS::SNS::Subscription      | OperatorAlertTopicshoaibrain1gmailcom2D191BB5 
analytics-stack |   0 | 2:42:47 PM | DELETE_IN_PROGRESS   | AWS::ApiGateway::Method     | TenantApiImport/Default/analytics/tenants/{tenantId}/GET (TenantApiImportanalyticstenantstenantIdGETDFABBBF1) 
analytics-stack |   0 | 2:42:47 PM | DELETE_IN_PROGRESS   | AWS::Lambda::Permission     | TenantApiImport/Default/analytics/tenants/{tenantId}/GET/ApiPermission.Test.analyticsstackTenantApiImportBEC41717.GET..analytics.tenants.{tenantId} (TenantApiImportanalyticstenantstenantIdGETApiPermissionTestanalyticsstackTenantApiImportBEC41717GETanalyticstenantstenantId5B55AF23) 
analytics-stack |   0 | 2:42:47 PM | DELETE_IN_PROGRESS   | AWS::ApiGateway::Method     | TenantApiImport/Default/analytics/fleet/GET (TenantApiImportanalyticsfleetGETC892D7E5) 
analytics-stack |   0 | 2:42:47 PM | DELETE_IN_PROGRESS   | AWS::ApiGateway::Method     | TenantApiImport/Default/analytics/tenants/{tenantId}/export-csv-url/OPTIONS (TenantApiImportanalyticstenantstenantIdexportcsvurlOPTIONSC35B91FD) 
analytics-stack |   0 | 2:42:47 PM | DELETE_IN_PROGRESS   | AWS::Lambda::Permission     | TenantApiImport/Default/analytics/tenants/{tenantId}/export-csv-url/GET/ApiPermission.Test.analyticsstackTenantApiImportBEC41717.GET..analytics.tenants.{tenantId}.export-csv-url (TenantApiImportanalyticstenantstenantIdexportcsvurlGETApiPermissionTestanalyticsstackTenantApiImportBEC41717GETanalyticstenantstenantIdexportcsvurl34416783) 
analytics-stack |   0 | 2:42:47 PM | DELETE_IN_PROGRESS   | AWS::Lambda::Permission     | TenantApiImport/Default/analytics/tenants/{tenantId}/GET/ApiPermission.analyticsstackTenantApiImportBEC41717.GET..analytics.tenants.{tenantId} (TenantApiImportanalyticstenantstenantIdGETApiPermissionanalyticsstackTenantApiImportBEC41717GETanalyticstenantstenantIdD317AE2E) 
analytics-stack |   0 | 2:42:47 PM | DELETE_IN_PROGRESS   | AWS::ApiGateway::Method     | TenantApiImport/Default/analytics/fleet/OPTIONS (TenantApiImportanalyticsfleetOPTIONS3150866D) 
analytics-stack |   0 | 2:42:47 PM | DELETE_IN_PROGRESS   | AWS::CloudWatch::Alarm      | TenantSeederErrorAlarm (TenantSeederErrorAlarmCE763376) 
analytics-stack |   0 | 2:42:47 PM | DELETE_IN_PROGRESS   | AWS::Lambda::Permission     | TenantApiAuthorizerImport/analyticsstackSharedTenantTokenAuthorizerC3F1C76D:Permissions (TenantApiAuthorizerImportanalyticsstackSharedTenantTokenAuthorizerC3F1C76DPermissions8B2B5252) 
analytics-stack |   0 | 2:42:47 PM | DELETE_IN_PROGRESS   | AWS::Lambda::Permission     | TenantApiImport/Default/analytics/tenants/{tenantId}/export-csv-url/GET/ApiPermission.analyticsstackTenantApiImportBEC41717.GET..analytics.tenants.{tenantId}.export-csv-url (TenantApiImportanalyticstenantstenantIdexportcsvurlGETApiPermissionanalyticsstackTenantApiImportBEC41717GETanalyticstenantstenantIdexportcsvurl1A568CB8) 
analytics-stack |   0 | 2:42:47 PM | DELETE_IN_PROGRESS   | AWS::ApiGateway::Method     | TenantApiImport/Default/analytics/tenants/{tenantId}/adoption-report/OPTIONS (TenantApiImportanalyticstenantstenantIdadoptionreportOPTIONSD2EF12DB) 
analytics-stack |   0 | 2:42:47 PM | DELETE_IN_PROGRESS   | AWS::Lambda::Permission     | TenantApiImport/Default/analytics/me/session-history/GET/ApiPermission.analyticsstackTenantApiImportBEC41717.GET..analytics.me.session-history (TenantApiImportanalyticsmesessionhistoryGETApiPermissionanalyticsstackTenantApiImportBEC41717GETanalyticsmesessionhistory59F97A92) 
analytics-stack |   0 | 2:42:47 PM | DELETE_IN_PROGRESS   | AWS::CloudWatch::Alarm      | AggregatorThrottleAlarm (AggregatorThrottleAlarm4B30E395) 
analytics-stack |   0 | 2:42:47 PM | DELETE_IN_PROGRESS   | AWS::ApiGateway::Method     | TenantApiImport/Default/analytics/tenants/{tenantId}/OPTIONS (TenantApiImportanalyticstenantstenantIdOPTIONS718E1F2B) 
analytics-stack |   0 | 2:42:47 PM | DELETE_IN_PROGRESS   | AWS::ApiGateway::Method     | TenantApiImport/Default/analytics/tenants/{tenantId}/adoption-report/GET (TenantApiImportanalyticstenantstenantIdadoptionreportGET1BCCD165) 
analytics-stack |   0 | 2:42:47 PM | DELETE_IN_PROGRESS   | AWS::S3::BucketPolicy       | ExportBucket/Policy (ExportBucketPolicyA383B5FF) 
analytics-stack |   0 | 2:42:47 PM | DELETE_IN_PROGRESS   | AWS::CloudWatch::Alarm      | AggregatorErrorAlarm (AggregatorErrorAlarm3885AE8C) 
analytics-stack |   0 | 2:42:47 PM | DELETE_IN_PROGRESS   | AWS::CloudWatch::Alarm      | RollupHeartbeatAlarm (RollupHeartbeatAlarm65100A52) 
analytics-stack |   0 | 2:42:47 PM | DELETE_IN_PROGRESS   | AWS::Lambda::Permission     | TenantApiImport/Default/analytics/me/session-history/GET/ApiPermission.Test.analyticsstackTenantApiImportBEC41717.GET..analytics.me.session-history (TenantApiImportanalyticsmesessionhistoryGETApiPermissionTestanalyticsstackTenantApiImportBEC41717GETanalyticsmesessionhistory52CDFBCD) 
analytics-stack |   0 | 2:42:47 PM | DELETE_IN_PROGRESS   | Custom::LogRetention        | ApiLambda/LogRetention (ApiLambdaLogRetentionACE0F34E) 
analytics-stack |   0 | 2:42:47 PM | DELETE_IN_PROGRESS   | AWS::ApiGateway::Method     | TenantApiImport/Default/analytics/me/session-history/OPTIONS (TenantApiImportanalyticsmesessionhistoryOPTIONSC2B24B8A) 
analytics-stack |   0 | 2:42:48 PM | DELETE_IN_PROGRESS   | AWS::SNS::Subscription      | OperatorAlertTopicshoaibrain1gmailcom2D191BB5 Resource does not exist: arn:aws:sns:us-east-2:715860911762:edforge-alerts-operator:39529033-42b2-402e-a702-72dd804715d3
analytics-stack |   1 | 2:42:48 PM | DELETE_COMPLETE      | AWS::SNS::Subscription      | OperatorAlertTopicshoaibrain1gmailcom2D191BB5 
analytics-stack |   2 | 2:42:48 PM | DELETE_COMPLETE      | AWS::Lambda::Permission     | TenantApiImport/Default/analytics/tenants/{tenantId}/adoption-report/GET/ApiPermission.Test.analyticsstackTenantApiImportBEC41717.GET..analytics.tenants.{tenantId}.adoption-report (TenantApiImportanalyticstenantstenantIdadoptionreportGETApiPermissionTestanalyticsstackTenantApiImportBEC41717GETanalyticstenantstenantIdadoptionreportE6F8ABFA) 
analytics-stack |   3 | 2:42:48 PM | DELETE_COMPLETE      | AWS::CloudWatch::Alarm      | LandingTableWcuBurstAlarm (LandingTableWcuBurstAlarm3AE5C7E0) 
analytics-stack |   4 | 2:42:48 PM | DELETE_COMPLETE      | AWS::Scheduler::Schedule    | RollupLambda/Schedule (RollupLambdaSchedule2194916D) 
analytics-stack |   5 | 2:42:48 PM | DELETE_COMPLETE      | AWS::Lambda::Permission     | AnalyticsNativeRule/AllowEventRuleanalyticsstackAggregatorFunction6706803A (AnalyticsNativeRuleAllowEventRuleanalyticsstackAggregatorFunction6706803A88E0F93C) 
analytics-stack |   6 | 2:42:48 PM | DELETE_COMPLETE      | AWS::CDK::Metadata          | CDKMetadata/Default (CDKMetadata) 
analytics-stack |   7 | 2:42:48 PM | DELETE_COMPLETE      | AWS::Lambda::Permission     | TenantApiImport/Default/analytics/fleet/GET/ApiPermission.Test.analyticsstackTenantApiImportBEC41717.GET..analytics.fleet (TenantApiImportanalyticsfleetGETApiPermissionTestanalyticsstackTenantApiImportBEC41717GETanalyticsfleetE81F5292) 
analytics-stack |   8 | 2:42:48 PM | DELETE_COMPLETE      | AWS::ApiGateway::Method     | TenantApiImport/Default/analytics/fleet/GET (TenantApiImportanalyticsfleetGETC892D7E5) 
analytics-stack |   9 | 2:42:48 PM | DELETE_COMPLETE      | AWS::CloudWatch::Alarm      | Alb5xxSurgeAlarm (Alb5xxSurgeAlarm78C7B3C6) 
analytics-stack |  10 | 2:42:48 PM | DELETE_COMPLETE      | AWS::CloudWatch::Alarm      | AggregatorErrorAlarm (AggregatorErrorAlarm3885AE8C) 
analytics-stack |  11 | 2:42:48 PM | DELETE_COMPLETE      | AWS::ApiGateway::Method     | TenantApiImport/Default/analytics/me/session-history/GET (TenantApiImportanalyticsmesessionhistoryGET0B6DD7B3) 
analytics-stack |  12 | 2:42:48 PM | DELETE_COMPLETE      | AWS::Lambda::Permission     | TenantApiAuthorizerImport/analyticsstackSharedTenantTokenAuthorizerC3F1C76D:Permissions (TenantApiAuthorizerImportanalyticsstackSharedTenantTokenAuthorizerC3F1C76DPermissions8B2B5252) 
analytics-stack |  13 | 2:42:48 PM | DELETE_COMPLETE      | AWS::CloudWatch::Alarm      | TenantSeederErrorAlarm (TenantSeederErrorAlarmCE763376) 
analytics-stack |  14 | 2:42:48 PM | DELETE_COMPLETE      | AWS::Lambda::Permission     | TenantApiImport/Default/analytics/tenants/{tenantId}/export-csv-url/GET/ApiPermission.Test.analyticsstackTenantApiImportBEC41717.GET..analytics.tenants.{tenantId}.export-csv-url (TenantApiImportanalyticstenantstenantIdexportcsvurlGETApiPermissionTestanalyticsstackTenantApiImportBEC41717GETanalyticstenantstenantIdexportcsvurl34416783) 
analytics-stack |  15 | 2:42:48 PM | DELETE_COMPLETE      | AWS::S3::BucketPolicy       | ExportBucket/Policy (ExportBucketPolicyA383B5FF) 
analytics-stack |  16 | 2:42:48 PM | DELETE_COMPLETE      | AWS::ApiGateway::Method     | TenantApiImport/Default/analytics/tenants/{tenantId}/OPTIONS (TenantApiImportanalyticstenantstenantIdOPTIONS718E1F2B) 
analytics-stack |  17 | 2:42:48 PM | DELETE_COMPLETE      | AWS::IAM::Policy            | RollupLambda/SchedulerInvokeRole/DefaultPolicy (RollupLambdaSchedulerInvokeRoleDefaultPolicyEDFB43B7) 
analytics-stack |  18 | 2:42:48 PM | DELETE_COMPLETE      | AWS::Lambda::Permission     | TenantApiImport/Default/analytics/tenants/{tenantId}/GET/ApiPermission.analyticsstackTenantApiImportBEC41717.GET..analytics.tenants.{tenantId} (TenantApiImportanalyticstenantstenantIdGETApiPermissionanalyticsstackTenantApiImportBEC41717GETanalyticstenantstenantIdD317AE2E) 
analytics-stack |  19 | 2:42:48 PM | DELETE_COMPLETE      | AWS::ApiGateway::Method     | TenantApiImport/Default/analytics/me/session-history/OPTIONS (TenantApiImportanalyticsmesessionhistoryOPTIONSC2B24B8A) 
analytics-stack |  20 | 2:42:48 PM | DELETE_COMPLETE      | AWS::CloudWatch::Alarm      | AggregatorDlqDepthAlarm (AggregatorDlqDepthAlarmFD2292F2) 
analytics-stack |  21 | 2:42:48 PM | DELETE_COMPLETE      | AWS::ApiGateway::Method     | TenantApiImport/Default/analytics/tenants/{tenantId}/adoption-report/GET (TenantApiImportanalyticstenantstenantIdadoptionreportGET1BCCD165) 
analytics-stack |  22 | 2:42:48 PM | DELETE_COMPLETE      | AWS::CloudWatch::Alarm      | AggregatorThrottleAlarm (AggregatorThrottleAlarm4B30E395) 
analytics-stack |  23 | 2:42:48 PM | DELETE_COMPLETE      | AWS::CloudWatch::Alarm      | RollupHeartbeatAlarm (RollupHeartbeatAlarm65100A52) 
analytics-stack |  24 | 2:42:48 PM | DELETE_COMPLETE      | AWS::ApiGateway::Method     | TenantApiImport/Default/analytics/tenants/{tenantId}/GET (TenantApiImportanalyticstenantstenantIdGETDFABBBF1) 
analytics-stack |  25 | 2:42:48 PM | DELETE_COMPLETE      | AWS::Lambda::Permission     | TenantApiImport/Default/analytics/me/session-history/GET/ApiPermission.Test.analyticsstackTenantApiImportBEC41717.GET..analytics.me.session-history (TenantApiImportanalyticsmesessionhistoryGETApiPermissionTestanalyticsstackTenantApiImportBEC41717GETanalyticsmesessionhistory52CDFBCD) 
analytics-stack |  26 | 2:42:48 PM | DELETE_COMPLETE      | AWS::Lambda::Permission     | TenantApiImport/Default/analytics/me/session-history/GET/ApiPermission.analyticsstackTenantApiImportBEC41717.GET..analytics.me.session-history (TenantApiImportanalyticsmesessionhistoryGETApiPermissionanalyticsstackTenantApiImportBEC41717GETanalyticsmesessionhistory59F97A92) 
analytics-stack |  27 | 2:42:48 PM | DELETE_COMPLETE      | AWS::Lambda::Permission     | WorkspaceSettingsUpdatedToApiLambda/AllowEventRuleanalyticsstackApiLambdaCF94DCE6 (WorkspaceSettingsUpdatedToApiLambdaAllowEventRuleanalyticsstackApiLambdaCF94DCE61B00FF7C) 
analytics-stack |  28 | 2:42:48 PM | DELETE_COMPLETE      | AWS::Lambda::Permission     | TenantApiImport/Default/analytics/tenants/{tenantId}/export-csv-url/GET/ApiPermission.analyticsstackTenantApiImportBEC41717.GET..analytics.tenants.{tenantId}.export-csv-url (TenantApiImportanalyticstenantstenantIdexportcsvurlGETApiPermissionanalyticsstackTenantApiImportBEC41717GETanalyticstenantstenantIdexportcsvurl1A568CB8) 
analytics-stack |  28 | 2:42:48 PM | DELETE_IN_PROGRESS   | AWS::ApiGateway::Resource   | TenantApiImport/Default/analytics/me/session-history (TenantApiImportanalyticsmesessionhistoryF1DC430C) 
analytics-stack |  28 | 2:42:49 PM | DELETE_IN_PROGRESS   | AWS::IAM::Role              | RollupLambda/SchedulerInvokeRole (RollupLambdaSchedulerInvokeRole70EDF1F9) 
analytics-stack |  28 | 2:42:49 PM | DELETE_IN_PROGRESS   | AWS::SNS::Topic             | OperatorAlertTopic (OperatorAlertTopic214999E5) 
analytics-stack |  29 | 2:42:49 PM | DELETE_COMPLETE      | AWS::Lambda::Permission     | TenantApiImport/Default/analytics/tenants/{tenantId}/adoption-report/GET/ApiPermission.analyticsstackTenantApiImportBEC41717.GET..analytics.tenants.{tenantId}.adoption-report (TenantApiImportanalyticstenantstenantIdadoptionreportGETApiPermissionanalyticsstackTenantApiImportBEC41717GETanalyticstenantstenantIdadoptionreport1AB5B1C1) 
analytics-stack |  30 | 2:42:49 PM | DELETE_COMPLETE      | AWS::Lambda::Permission     | TenantApiImport/Default/analytics/tenants/{tenantId}/GET/ApiPermission.Test.analyticsstackTenantApiImportBEC41717.GET..analytics.tenants.{tenantId} (TenantApiImportanalyticstenantstenantIdGETApiPermissionTestanalyticsstackTenantApiImportBEC41717GETanalyticstenantstenantId5B55AF23) 
analytics-stack |  30 | 2:42:49 PM | DELETE_IN_PROGRESS   | AWS::Events::Rule           | WorkspaceSettingsUpdatedToApiLambda (WorkspaceSettingsUpdatedToApiLambda74E027CE) 
analytics-stack |  31 | 2:42:49 PM | DELETE_COMPLETE      | AWS::Lambda::Permission     | TenantApiImport/Default/analytics/fleet/GET/ApiPermission.analyticsstackTenantApiImportBEC41717.GET..analytics.fleet (TenantApiImportanalyticsfleetGETApiPermissionanalyticsstackTenantApiImportBEC41717GETanalyticsfleet146112E9) 
analytics-stack |  32 | 2:42:49 PM | DELETE_COMPLETE      | AWS::Lambda::Permission     | AnalyticsDomainRule/AllowEventRuleanalyticsstackAggregatorFunction6706803A (AnalyticsDomainRuleAllowEventRuleanalyticsstackAggregatorFunction6706803AFC24A606) 
analytics-stack |  33 | 2:42:49 PM | DELETE_COMPLETE      | AWS::ApiGateway::Method     | TenantApiImport/Default/analytics/tenants/{tenantId}/adoption-report/OPTIONS (TenantApiImportanalyticstenantstenantIdadoptionreportOPTIONSD2EF12DB) 
analytics-stack |  34 | 2:42:49 PM | DELETE_COMPLETE      | AWS::ApiGateway::Method     | TenantApiImport/Default/analytics/tenants/{tenantId}/export-csv-url/OPTIONS (TenantApiImportanalyticstenantstenantIdexportcsvurlOPTIONSC35B91FD) 
analytics-stack |  35 | 2:42:49 PM | DELETE_COMPLETE      | AWS::CloudWatch::Dashboard  | PilotDashboard (PilotDashboard35C02364) 
analytics-stack |  36 | 2:42:49 PM | DELETE_COMPLETE      | AWS::ApiGateway::Resource   | TenantApiImport/Default/analytics/me/session-history (TenantApiImportanalyticsmesessionhistoryF1DC430C) 
analytics-stack |  37 | 2:42:49 PM | DELETE_COMPLETE      | AWS::ApiGateway::Method     | TenantApiImport/Default/analytics/tenants/{tenantId}/export-csv-url/GET (TenantApiImportanalyticstenantstenantIdexportcsvurlGET4B5F371F) 
analytics-stack |  37 | 2:42:50 PM | DELETE_IN_PROGRESS   | AWS::ApiGateway::Resource   | TenantApiImport/Default/analytics/tenants/{tenantId}/adoption-report (TenantApiImportanalyticstenantstenantIdadoptionreport9E1484CE) 
analytics-stack |  38 | 2:42:50 PM | DELETE_COMPLETE      | AWS::ApiGateway::Method     | TenantApiImport/Default/analytics/fleet/OPTIONS (TenantApiImportanalyticsfleetOPTIONS3150866D) 
analytics-stack |  38 | 2:42:50 PM | DELETE_IN_PROGRESS   | AWS::ApiGateway::Authorizer | SharedTenantTokenAuthorizer (SharedTenantTokenAuthorizerEA6F0C2D) 
analytics-stack |  38 | 2:42:50 PM | DELETE_IN_PROGRESS   | AWS::ApiGateway::Resource   | TenantApiImport/Default/analytics/tenants/{tenantId}/export-csv-url (TenantApiImportanalyticstenantstenantIdexportcsvurl10BE28C5) 
analytics-stack |  38 | 2:42:50 PM | DELETE_IN_PROGRESS   | AWS::ApiGateway::Resource   | TenantApiImport/Default/analytics/me (TenantApiImportanalyticsme95F3DB1D) 
analytics-stack |  38 | 2:42:50 PM | DELETE_IN_PROGRESS   | AWS::ApiGateway::Resource   | TenantApiImport/Default/analytics/fleet (TenantApiImportanalyticsfleet08CFA89C) 
analytics-stack |  39 | 2:42:50 PM | DELETE_COMPLETE      | Custom::LogRetention        | RollupLambda/Function/LogRetention (RollupLambdaFunctionLogRetention5A3C174A) 
analytics-stack |  40 | 2:42:50 PM | DELETE_COMPLETE      | Custom::LogRetention        | AggregatorFunction/LogRetention (AggregatorFunctionLogRetention0275726F) 
analytics-stack |  41 | 2:42:50 PM | DELETE_COMPLETE      | Custom::LogRetention        | ApiLambda/LogRetention (ApiLambdaLogRetentionACE0F34E) 
analytics-stack |  41 | 2:42:50 PM | DELETE_IN_PROGRESS   | AWS::Lambda::Function       | RollupLambda/Function (RollupLambdaFunctionF8D681D6) 
analytics-stack |  42 | 2:42:50 PM | DELETE_COMPLETE      | AWS::ApiGateway::Resource   | TenantApiImport/Default/analytics/tenants/{tenantId}/adoption-report (TenantApiImportanalyticstenantstenantIdadoptionreport9E1484CE) 
analytics-stack |  42 | 2:42:50 PM | DELETE_IN_PROGRESS   | AWS::Lambda::Function       | LogRetentionaae0aa3c5b4d4f87b02d85b201efdd8a (LogRetentionaae0aa3c5b4d4f87b02d85b201efdd8aFD4BFC8A) 
analytics-stack |  43 | 2:42:51 PM | DELETE_COMPLETE      | AWS::ApiGateway::Authorizer | SharedTenantTokenAuthorizer (SharedTenantTokenAuthorizerEA6F0C2D) 
analytics-stack |  44 | 2:42:51 PM | DELETE_COMPLETE      | AWS::CloudWatch::Dashboard  | AnalyticsDashboard (AnalyticsDashboardF810556A) 
analytics-stack |  45 | 2:42:51 PM | DELETE_COMPLETE      | AWS::ApiGateway::Resource   | TenantApiImport/Default/analytics/tenants/{tenantId}/export-csv-url (TenantApiImportanalyticstenantstenantIdexportcsvurl10BE28C5) 
analytics-stack |  46 | 2:42:51 PM | DELETE_COMPLETE      | AWS::ApiGateway::Resource   | TenantApiImport/Default/analytics/fleet (TenantApiImportanalyticsfleet08CFA89C) 
analytics-stack |  47 | 2:42:51 PM | DELETE_COMPLETE      | AWS::ApiGateway::Resource   | TenantApiImport/Default/analytics/me (TenantApiImportanalyticsme95F3DB1D) 
analytics-stack |  47 | 2:42:51 PM | DELETE_IN_PROGRESS   | AWS::ApiGateway::Resource   | TenantApiImport/Default/analytics/tenants/{tenantId} (TenantApiImportanalyticstenantstenantId44B2C3D9) 
analytics-stack |  48 | 2:42:52 PM | DELETE_COMPLETE      | AWS::ApiGateway::Resource   | TenantApiImport/Default/analytics/tenants/{tenantId} (TenantApiImportanalyticstenantstenantId44B2C3D9) 
analytics-stack |  48 | 2:42:52 PM | DELETE_IN_PROGRESS   | AWS::ApiGateway::Resource   | TenantApiImport/Default/analytics/tenants (TenantApiImportanalyticstenants98A1E9BC) 
analytics-stack |  49 | 2:42:53 PM | DELETE_COMPLETE      | AWS::ApiGateway::Resource   | TenantApiImport/Default/analytics/tenants (TenantApiImportanalyticstenants98A1E9BC) 
analytics-stack |  49 | 2:42:53 PM | DELETE_IN_PROGRESS   | AWS::ApiGateway::Resource   | TenantApiImport/Default/analytics (TenantApiImportanalyticsE9B284D7) 
analytics-stack |  50 | 2:42:54 PM | DELETE_COMPLETE      | AWS::Lambda::Function       | RollupLambda/Function (RollupLambdaFunctionF8D681D6) 
analytics-stack |  51 | 2:42:54 PM | DELETE_COMPLETE      | AWS::Lambda::Function       | LogRetentionaae0aa3c5b4d4f87b02d85b201efdd8a (LogRetentionaae0aa3c5b4d4f87b02d85b201efdd8aFD4BFC8A) 
analytics-stack |  51 | 2:42:54 PM | DELETE_IN_PROGRESS   | AWS::IAM::Policy            | RollupLambda/Function/ServiceRole/DefaultPolicy (RollupLambdaFunctionServiceRoleDefaultPolicyE10C4586) 
analytics-stack |  52 | 2:42:54 PM | DELETE_COMPLETE      | AWS::ApiGateway::Resource   | TenantApiImport/Default/analytics (TenantApiImportanalyticsE9B284D7) 
analytics-stack |  52 | 2:42:54 PM | DELETE_IN_PROGRESS   | AWS::IAM::Policy            | LogRetentionaae0aa3c5b4d4f87b02d85b201efdd8a/ServiceRole/DefaultPolicy (LogRetentionaae0aa3c5b4d4f87b02d85b201efdd8aServiceRoleDefaultPolicyADDA7DEB) 
analytics-stack |  53 | 2:42:55 PM | DELETE_COMPLETE      | AWS::IAM::Policy            | RollupLambda/Function/ServiceRole/DefaultPolicy (RollupLambdaFunctionServiceRoleDefaultPolicyE10C4586) 
analytics-stack |  54 | 2:42:55 PM | DELETE_COMPLETE      | AWS::IAM::Policy            | LogRetentionaae0aa3c5b4d4f87b02d85b201efdd8a/ServiceRole/DefaultPolicy (LogRetentionaae0aa3c5b4d4f87b02d85b201efdd8aServiceRoleDefaultPolicyADDA7DEB) 
analytics-stack |  54 | 2:42:55 PM | DELETE_IN_PROGRESS   | AWS::IAM::Role              | RollupLambda/Function/ServiceRole (RollupLambdaFunctionServiceRole7951F559) 
analytics-stack |  54 | 2:42:55 PM | DELETE_IN_PROGRESS   | AWS::IAM::Role              | LogRetentionaae0aa3c5b4d4f87b02d85b201efdd8a/ServiceRole (LogRetentionaae0aa3c5b4d4f87b02d85b201efdd8aServiceRole9741ECFB) 
analytics-stack |  55 | 2:42:59 PM | DELETE_COMPLETE      | AWS::IAM::Role              | RollupLambda/SchedulerInvokeRole (RollupLambdaSchedulerInvokeRole70EDF1F9) 
analytics-stack |  56 | 2:43:07 PM | DELETE_COMPLETE      | AWS::IAM::Role              | LogRetentionaae0aa3c5b4d4f87b02d85b201efdd8a/ServiceRole (LogRetentionaae0aa3c5b4d4f87b02d85b201efdd8aServiceRole9741ECFB) 
analytics-stack |  57 | 2:43:08 PM | DELETE_COMPLETE      | AWS::IAM::Role              | RollupLambda/Function/ServiceRole (RollupLambdaFunctionServiceRole7951F559) 
analytics-stack |  58 | 2:43:18 PM | DELETE_COMPLETE      | AWS::SQS::QueuePolicy       | AggregatorDLQ/Policy (AggregatorDLQPolicy298CE782) 
analytics-stack |  58 | 2:43:18 PM | DELETE_IN_PROGRESS   | AWS::Events::Rule           | AnalyticsDomainRule (AnalyticsDomainRule0BEBB6B5) 
analytics-stack |  58 | 2:43:18 PM | DELETE_IN_PROGRESS   | AWS::Events::Rule           | AnalyticsNativeRule (AnalyticsNativeRule4E0868B0) 
analytics-stack |  59 | 2:43:20 PM | DELETE_COMPLETE      | AWS::Events::Rule           | WorkspaceSettingsUpdatedToApiLambda (WorkspaceSettingsUpdatedToApiLambda74E027CE) 
analytics-stack |  59 | 2:43:20 PM | DELETE_IN_PROGRESS   | AWS::Lambda::Function       | ApiLambda (ApiLambda91D2282D) 
analytics-stack |  60 | 2:43:23 PM | DELETE_COMPLETE      | AWS::Lambda::Function       | ApiLambda (ApiLambda91D2282D) 
analytics-stack |  60 | 2:43:24 PM | DELETE_IN_PROGRESS   | AWS::IAM::Policy            | ApiLambda/ServiceRole/DefaultPolicy (ApiLambdaServiceRoleDefaultPolicyF1B57697) 
analytics-stack |  61 | 2:43:25 PM | DELETE_COMPLETE      | AWS::IAM::Policy            | ApiLambda/ServiceRole/DefaultPolicy (ApiLambdaServiceRoleDefaultPolicyF1B57697) 
analytics-stack |  61 | 2:43:25 PM | DELETE_IN_PROGRESS   | AWS::IAM::Role              | ApiLambda/ServiceRole (ApiLambdaServiceRole1CC7D0F3) 
analytics-stack |  61 | 2:43:26 PM | DELETE_SKIPPED       | AWS::S3::Bucket             | ExportBucket (ExportBucket4E99310E) 
analytics-stack |  62 | 2:43:35 PM | DELETE_COMPLETE      | AWS::SNS::Topic             | OperatorAlertTopic (OperatorAlertTopic214999E5) 
analytics-stack |  63 | 2:43:39 PM | DELETE_COMPLETE      | AWS::IAM::Role              | ApiLambda/ServiceRole (ApiLambdaServiceRole1CC7D0F3) 
analytics-stack |  64 | 2:43:49 PM | DELETE_COMPLETE      | AWS::Events::Rule           | AnalyticsNativeRule (AnalyticsNativeRule4E0868B0) 
analytics-stack |  65 | 2:43:50 PM | DELETE_COMPLETE      | AWS::Events::Rule           | AnalyticsDomainRule (AnalyticsDomainRule0BEBB6B5) 
analytics-stack |  65 | 2:43:50 PM | DELETE_IN_PROGRESS   | AWS::Lambda::Function       | AggregatorFunction (AggregatorFunction2682E9E9) 
analytics-stack |  66 | 2:43:53 PM | DELETE_COMPLETE      | AWS::Lambda::Function       | AggregatorFunction (AggregatorFunction2682E9E9) 
analytics-stack |  66 | 2:43:54 PM | DELETE_IN_PROGRESS   | AWS::IAM::Policy            | AggregatorFunction/ServiceRole/DefaultPolicy (AggregatorFunctionServiceRoleDefaultPolicyCC9E0BDC) 
analytics-stack |  67 | 2:43:54 PM | DELETE_COMPLETE      | AWS::IAM::Policy            | AggregatorFunction/ServiceRole/DefaultPolicy (AggregatorFunctionServiceRoleDefaultPolicyCC9E0BDC) 
analytics-stack |  67 | 2:43:55 PM | DELETE_IN_PROGRESS   | AWS::SQS::Queue             | AggregatorDLQ (AggregatorDLQDC454DD6) 
analytics-stack |  67 | 2:43:55 PM | DELETE_IN_PROGRESS   | AWS::IAM::Role              | AggregatorFunction/ServiceRole (AggregatorFunctionServiceRole9A1D9DA6) 
analytics-stack |  67 | 2:43:55 PM | DELETE_SKIPPED       | AWS::DynamoDB::Table        | LandingTable (LandingTable4D94EAA5) 
analytics-stack |  67 | 2:43:55 PM | DELETE_SKIPPED       | AWS::DynamoDB::Table        | UserSessionEventsTable (UserSessionEventsTable80C22E61) 
analytics-stack |  67 | 2:43:55 PM | DELETE_SKIPPED       | AWS::DynamoDB::Table        | AnalyticsTable (AnalyticsTable3F84C304) 
analytics-stack |  68 | 2:44:09 PM | DELETE_COMPLETE      | AWS::IAM::Role              | AggregatorFunction/ServiceRole (AggregatorFunctionServiceRole9A1D9DA6) 
 68 Currently in progress: core-appplane-stack, coreappplanesbtsbtcontrolplanesbtawsonboardingRequestRule0E866B95, coreappplanesbtsbtcontrolplanesbtawsoffboardingRequestRuleE428159A, ProvisioningAlertTopic2A6A3DEB, analytics-stack, AggregatorDLQDC454DD6

 ✅  analytics-stack: destroyed
controlplane-stack: destroying... [5/6]
controlplane-stack |   0 | 2:44:57 PM | DELETE_IN_PROGRESS   | AWS::CloudFormation::Stack            | controlplane-stack User Initiated
controlplane-stack |   0 | 2:45:00 PM | DELETE_IN_PROGRESS   | AWS::ApiGatewayV2::Route              | controlplane-sbt/controlPlaneApi/controlPlaneAPI/PATCH--tenant-registrations--{tenantRegistrationId} (controlplanesbtcontrolPlaneApicontrolPlaneAPIPATCHtenantregistrationstenantRegistrationIdDA9F159F) 
controlplane-stack |   0 | 2:45:00 PM | DELETE_IN_PROGRESS   | AWS::Events::Rule                     | controlplane-sbt/tenantRegistrationService/sbt_application_plane_sbt_aws_provisionFailureRule (controlplanesbttenantRegistrationServicesbtapplicationplanesbtawsprovisionFailureRule0BE8F092) 
controlplane-stack |   0 | 2:45:00 PM | DELETE_IN_PROGRESS   | AWS::CloudWatch::Dashboard            | EventDLQ/EventDLQDashboard (EventDLQEventDLQDashboard57F7F93B) 
controlplane-stack |   0 | 2:45:00 PM | DELETE_IN_PROGRESS   | AWS::CodePipeline::Pipeline           | AdminWebUi/AdminWebUiCodePipeline (AdminWebUiAdminWebUiCodePipeline654848F6) 
controlplane-stack |   0 | 2:45:00 PM | DELETE_IN_PROGRESS   | AWS::Lambda::Permission               | controlplane-sbt/controlPlaneApi/controlPlaneAPI/GET--tenant-config--{tenantName}/tenantConfigServiceHttpLambdaIntegration-Permission (controlplanesbtcontrolPlaneApicontrolPlaneAPIGETtenantconfigtenantNametenantConfigServiceHttpLambdaIntegrationPermission0E7E15F7) 
controlplane-stack |   0 | 2:45:00 PM | DELETE_IN_PROGRESS   | AWS::IAM::Policy                      | AdminWebUi/AdminWebUiCodePipeline/Build/CompileReactSite/CodePipelineActionRole/DefaultPolicy (AdminWebUiAdminWebUiCodePipelineBuildCompileReactSiteCodePipelineActionRoleDefaultPolicyE1C91FDB) 
controlplane-stack |   0 | 2:45:00 PM | DELETE_IN_PROGRESS   | AWS::IAM::Policy                      | controlplane-sbt/tenantRegistrationService/destination/EventsRole/DefaultPolicy (controlplanesbttenantRegistrationServicedestinationEventsRoleDefaultPolicy58FE6AD1) 
controlplane-stack |   0 | 2:45:00 PM | DELETE_IN_PROGRESS   | AWS::ApiGatewayV2::Route              | controlplane-sbt/controlPlaneApi/controlPlaneAPI/PUT--users--{userId} (controlplanesbtcontrolPlaneApicontrolPlaneAPIPUTusersuserId216200AC) 
controlplane-stack |   0 | 2:45:00 PM | DELETE_IN_PROGRESS   | AWS::ApiGatewayV2::Route              | controlplane-sbt/controlPlaneApi/controlPlaneAPI/GET--tenant-config (controlplanesbtcontrolPlaneApicontrolPlaneAPIGETtenantconfigBEEFB800) 
controlplane-stack |   0 | 2:45:00 PM | DELETE_IN_PROGRESS   | AWS::Lambda::Permission               | controlplane-sbt/controlPlaneApi/controlPlaneAPI/DELETE--tenant-registrations--{tenantRegistrationId}/tenantsHttpLambdaIntegration-Permission (controlplanesbtcontrolPlaneApicontrolPlaneAPIDELETEtenantregistrationstenantRegistrationIdtenantsHttpLambdaIntegrationPermission6F74BA21) 
controlplane-stack |   0 | 2:45:00 PM | DELETE_IN_PROGRESS   | AWS::Lambda::Permission               | controlplane-sbt/controlPlaneApi/controlPlaneAPI/PUT--users--{userId}/tenantsHttpLambdaIntegration-Permission (controlplanesbtcontrolPlaneApicontrolPlaneAPIPUTusersuserIdtenantsHttpLambdaIntegrationPermissionFC83BFD3) 
controlplane-stack |   0 | 2:45:00 PM | DELETE_IN_PROGRESS   | AWS::Lambda::Permission               | controlplane-sbt/controlPlaneApi/controlPlaneAPI/GET--tenants--{tenantId}/tenantsHttpLambdaIntegration-Permission (controlplanesbtcontrolPlaneApicontrolPlaneAPIGETtenantstenantIdtenantsHttpLambdaIntegrationPermission7618B4CE) 
controlplane-stack |   0 | 2:45:00 PM | DELETE_IN_PROGRESS   | AWS::ApiGatewayV2::Route              | controlplane-sbt/controlPlaneApi/controlPlaneAPI/GET--tenant-registrations (controlplanesbtcontrolPlaneApicontrolPlaneAPIGETtenantregistrationsFAAC74DF) 
controlplane-stack |   0 | 2:45:00 PM | DELETE_IN_PROGRESS   | AWS::Lambda::EventSourceMapping       | EventDLQ/DLQProcessor/SqsEventSource:controlplanestackEventDLQEventBridgeDLQAB5F80B3 (EventDLQDLQProcessorSqsEventSourcecontrolplanestackEventDLQEventBridgeDLQAB5F80B39AA20981) 
controlplane-stack |   0 | 2:45:00 PM | DELETE_IN_PROGRESS   | AWS::IAM::Policy                      | AdminWebUi/AdminWebUiReactBuildProject/Role/DefaultPolicy (AdminWebUiAdminWebUiReactBuildProjectRoleDefaultPolicyAC957AE1) 
controlplane-stack |   0 | 2:45:00 PM | DELETE_IN_PROGRESS   | AWS::ApiGatewayV2::Route              | controlplane-sbt/controlPlaneApi/controlPlaneAPI/GET--tenants--{tenantId} (controlplanesbtcontrolPlaneApicontrolPlaneAPIGETtenantstenantId59A283B7) 
controlplane-stack |   0 | 2:45:00 PM | DELETE_IN_PROGRESS   | AWS::ApiGatewayV2::Route              | controlplane-sbt/controlPlaneApi/controlPlaneAPI/POST--tenants (controlplanesbtcontrolPlaneApicontrolPlaneAPIPOSTtenants40B31D5E) 
controlplane-stack |   0 | 2:45:00 PM | DELETE_IN_PROGRESS   | AWS::CloudFormation::CustomResource   | controlplane-sbt/createAdminUserCustomResource-adminUser/Default (controlplanesbtcreateAdminUserCustomResourceadminUserACC2C95E) 
controlplane-stack |   0 | 2:45:00 PM | DELETE_IN_PROGRESS   | Custom::S3AutoDeleteObjects           | AdminWebUi/AdminSiteSourceCodeBucket/AutoDeleteObjectsCustomResource/Default (AdminWebUiAdminSiteSourceCodeBucketAutoDeleteObjectsCustomResource40F6C61E) 
controlplane-stack |   0 | 2:45:00 PM | DELETE_IN_PROGRESS   | AWS::Lambda::Permission               | TenantSeeder/ProvisioningSuccessRule/AllowEventRulecontrolplanestackTenantSeederTenantSeederFn1D03AFBE (TenantSeederProvisioningSuccessRuleAllowEventRulecontrolplanestackTenantSeederTenantSeederFn1D03AFBE71FE6BC2) 
controlplane-stack |   0 | 2:45:00 PM | DELETE_IN_PROGRESS   | AWS::CloudWatch::Alarm                | EventDLQ/DLQMessagesAlarm (EventDLQDLQMessagesAlarm19EC96EF) 
controlplane-stack |   0 | 2:45:00 PM | DELETE_IN_PROGRESS   | AWS::SQS::QueuePolicy                 | EventDLQ/EventBridgeFinalDLQ/Policy (EventDLQEventBridgeFinalDLQPolicyA0FB13C4) 
controlplane-stack |   0 | 2:45:00 PM | DELETE_IN_PROGRESS   | AWS::Lambda::Permission               | controlplane-sbt/controlPlaneApi/controlPlaneAPI/PUT--tenants--{tenantId}/tenantsHttpLambdaIntegration-Permission (controlplanesbtcontrolPlaneApicontrolPlaneAPIPUTtenantstenantIdtenantsHttpLambdaIntegrationPermission3678E74C) 
controlplane-stack |   0 | 2:45:00 PM | DELETE_IN_PROGRESS   | AWS::S3::BucketPolicy                 | AdminWebUi/AdminWebUiCodePipeline/ArtifactsBucket/Policy (AdminWebUiAdminWebUiCodePipelineArtifactsBucketPolicy82355E65) 
controlplane-stack |   0 | 2:45:00 PM | DELETE_IN_PROGRESS   | AWS::Lambda::Permission               | controlplane-sbt/controlPlaneApi/controlPlaneAPI/GET--tenant-config/tenantConfigServiceHttpLambdaIntegration-Permission (controlplanesbtcontrolPlaneApicontrolPlaneAPIGETtenantconfigtenantConfigServiceHttpLambdaIntegrationPermission68279E46) 
controlplane-stack |   0 | 2:45:00 PM | DELETE_IN_PROGRESS   | AWS::Events::Rule                     | controlplane-sbt/tenantRegistrationService/sbt_application_plane_sbt_aws_provisionSuccessRule (controlplanesbttenantRegistrationServicesbtapplicationplanesbtawsprovisionSuccessRuleC59BB782) 
controlplane-stack |   0 | 2:45:00 PM | DELETE_IN_PROGRESS   | AWS::ApiGatewayV2::Route              | controlplane-sbt/controlPlaneApi/controlPlaneAPI/GET--users (controlplanesbtcontrolPlaneApicontrolPlaneAPIGETusers2A7DED17) 
controlplane-stack |   0 | 2:45:00 PM | DELETE_IN_PROGRESS   | AWS::Lambda::Permission               | controlplane-sbt/controlPlaneApi/controlPlaneAPI/GET--users--{userId}/tenantsHttpLambdaIntegration-Permission (controlplanesbtcontrolPlaneApicontrolPlaneAPIGETusersuserIdtenantsHttpLambdaIntegrationPermission75468268) 
controlplane-stack |   0 | 2:45:00 PM | DELETE_IN_PROGRESS   | AWS::ApiGatewayV2::Route              | controlplane-sbt/controlPlaneApi/controlPlaneAPI/DELETE--tenant-registrations--{tenantRegistrationId} (controlplanesbtcontrolPlaneApicontrolPlaneAPIDELETEtenantregistrationstenantRegistrationIdC6021B71) 
controlplane-stack |   0 | 2:45:00 PM | DELETE_IN_PROGRESS   | AWS::ApiGatewayV2::Route              | controlplane-sbt/controlPlaneApi/controlPlaneAPI/POST--users (controlplanesbtcontrolPlaneApicontrolPlaneAPIPOSTusersA662394F) 
controlplane-stack |   0 | 2:45:00 PM | DELETE_IN_PROGRESS   | AWS::Lambda::Permission               | controlplane-sbt/controlPlaneApi/controlPlaneAPI/GET--users/tenantsHttpLambdaIntegration-Permission (controlplanesbtcontrolPlaneApicontrolPlaneAPIGETuserstenantsHttpLambdaIntegrationPermission836CEB16) 
controlplane-stack |   0 | 2:45:00 PM | DELETE_IN_PROGRESS   | AWS::ApiGatewayV2::Route              | controlplane-sbt/controlPlaneApi/controlPlaneAPI/DELETE--users--{userId} (controlplanesbtcontrolPlaneApicontrolPlaneAPIDELETEusersuserIdD040DF2F) 
controlplane-stack |   0 | 2:45:00 PM | DELETE_IN_PROGRESS   | AWS::SQS::QueuePolicy                 | EventDLQ/EventBridgeDLQ/Policy (EventDLQEventBridgeDLQPolicyF05FBC1E) 
controlplane-stack |   0 | 2:45:00 PM | DELETE_IN_PROGRESS   | AWS::ApiGatewayV2::Route              | controlplane-sbt/controlPlaneApi/controlPlaneAPI/DELETE--tenants--{tenantId} (controlplanesbtcontrolPlaneApicontrolPlaneAPIDELETEtenantstenantId9F4F79A5) 
controlplane-stack |   0 | 2:45:00 PM | DELETE_IN_PROGRESS   | AWS::ApiGatewayV2::Route              | controlplane-sbt/controlPlaneApi/controlPlaneAPI/POST--tenant-registrations (controlplanesbtcontrolPlaneApicontrolPlaneAPIPOSTtenantregistrations04A11BC8) 
controlplane-stack |   0 | 2:45:00 PM | DELETE_IN_PROGRESS   | AWS::ApiGatewayV2::Route              | controlplane-sbt/controlPlaneApi/controlPlaneAPI/GET--users--{userId} (controlplanesbtcontrolPlaneApicontrolPlaneAPIGETusersuserId6991A9E6) 
controlplane-stack |   0 | 2:45:00 PM | DELETE_IN_PROGRESS   | AWS::ApiGatewayV2::Route              | controlplane-sbt/controlPlaneApi/controlPlaneAPI/PUT--tenants--{tenantId} (controlplanesbtcontrolPlaneApicontrolPlaneAPIPUTtenantstenantId6AB9F8C2) 
controlplane-stack |   0 | 2:45:00 PM | DELETE_IN_PROGRESS   | AWS::Lambda::Permission               | controlplane-sbt/controlPlaneApi/controlPlaneAPI/GET--tenant-registrations/tenantsHttpLambdaIntegration-Permission (controlplanesbtcontrolPlaneApicontrolPlaneAPIGETtenantregistrationstenantsHttpLambdaIntegrationPermissionB5FB4FB5) 
controlplane-stack |   0 | 2:45:00 PM | DELETE_IN_PROGRESS   | AWS::Lambda::Permission               | controlplane-sbt/controlPlaneApi/controlPlaneAPI/POST--tenant-registrations/tenantsHttpLambdaIntegration-Permission (controlplanesbtcontrolPlaneApicontrolPlaneAPIPOSTtenantregistrationstenantsHttpLambdaIntegrationPermissionD14542B3) 
controlplane-stack |   0 | 2:45:00 PM | DELETE_IN_PROGRESS   | Custom::LogRetention                  | TenantSeeder/TenantSeederFn/LogRetention (TenantSeederTenantSeederFnLogRetention8CC53514) 
controlplane-stack |   0 | 2:45:00 PM | DELETE_IN_PROGRESS   | AWS::IAM::Policy                      | AdminWebUi/AdminWebUiCodePipeline/Source/AdminWebUi/CodePipelineActionRole/DefaultPolicy (AdminWebUiAdminWebUiCodePipelineSourceAdminWebUiCodePipelineActionRoleDefaultPolicy230386F3) 
controlplane-stack |   0 | 2:45:00 PM | DELETE_IN_PROGRESS   | AWS::ApiGatewayV2::Route              | controlplane-sbt/controlPlaneApi/controlPlaneAPI/GET--tenant-config--{tenantName} (controlplanesbtcontrolPlaneApicontrolPlaneAPIGETtenantconfigtenantName4B89BE4D) 
controlplane-stack |   0 | 2:45:00 PM | DELETE_IN_PROGRESS   | AWS::ApiGatewayV2::Stage              | controlplane-sbt/controlPlaneApi/controlPlaneAPI/DefaultStage (controlplanesbtcontrolPlaneApicontrolPlaneAPIDefaultStage5AE17249) 
controlplane-stack |   0 | 2:45:00 PM | DELETE_IN_PROGRESS   | AWS::Lambda::Permission               | controlplane-sbt/controlPlaneApi/controlPlaneAPI/POST--users/tenantsHttpLambdaIntegration-Permission (controlplanesbtcontrolPlaneApicontrolPlaneAPIPOSTuserstenantsHttpLambdaIntegrationPermissionAE41AC7D) 
controlplane-stack |   0 | 2:45:00 PM | DELETE_IN_PROGRESS   | AWS::Lambda::Permission               | controlplane-sbt/controlPlaneApi/controlPlaneAPI/GET--tenant-registrations--{tenantRegistrationId}/tenantsHttpLambdaIntegration-Permission (controlplanesbtcontrolPlaneApicontrolPlaneAPIGETtenantregistrationstenantRegistrationIdtenantsHttpLambdaIntegrationPermission9085C72D) 
controlplane-stack |   0 | 2:45:00 PM | DELETE_IN_PROGRESS   | AWS::Events::Rule                     | controlplane-sbt/tenantRegistrationService/sbt_application_plane_sbt_aws_deprovisionFailureRule (controlplanesbttenantRegistrationServicesbtapplicationplanesbtawsdeprovisionFailureRuleF80AB971) 
controlplane-stack |   0 | 2:45:00 PM | DELETE_IN_PROGRESS   | AWS::ApiGatewayV2::Route              | controlplane-sbt/controlPlaneApi/controlPlaneAPI/GET--tenant-registrations--{tenantRegistrationId} (controlplanesbtcontrolPlaneApicontrolPlaneAPIGETtenantregistrationstenantRegistrationIdACCA5B05) 
controlplane-stack |   0 | 2:45:00 PM | DELETE_IN_PROGRESS   | AWS::IAM::Policy                      | AdminWebUi/AdminWebUiCodePipeline/Deploy/CopyToS3/CodePipelineActionRole/DefaultPolicy (AdminWebUiAdminWebUiCodePipelineDeployCopyToS3CodePipelineActionRoleDefaultPolicy1B1F2F9C) 
controlplane-stack |   0 | 2:45:00 PM | DELETE_IN_PROGRESS   | AWS::ApiGatewayV2::Route              | controlplane-sbt/controlPlaneApi/controlPlaneAPI/GET--tenants (controlplanesbtcontrolPlaneApicontrolPlaneAPIGETtenantsB8E8697B) 
controlplane-stack |   0 | 2:45:00 PM | DELETE_IN_PROGRESS   | AWS::Lambda::Permission               | controlplane-sbt/controlPlaneApi/controlPlaneAPI/DELETE--users--{userId}/tenantsHttpLambdaIntegration-Permission (controlplanesbtcontrolPlaneApicontrolPlaneAPIDELETEusersuserIdtenantsHttpLambdaIntegrationPermission367F5FCF) 
controlplane-stack |   0 | 2:45:00 PM | DELETE_IN_PROGRESS   | AWS::Events::Rule                     | controlplane-sbt/tenantRegistrationService/sbt_application_plane_sbt_aws_deprovisionSuccessRule (controlplanesbttenantRegistrationServicesbtapplicationplanesbtawsdeprovisionSuccessRule989DBB0B) 
controlplane-stack |   0 | 2:45:00 PM | DELETE_IN_PROGRESS   | AWS::CDK::Metadata                    | CDKMetadata/Default (CDKMetadata) 
controlplane-stack |   0 | 2:45:00 PM | DELETE_IN_PROGRESS   | AWS::Lambda::Permission               | controlplane-sbt/controlPlaneApi/controlPlaneAPI/POST--tenants/tenantsHttpLambdaIntegration-Permission (controlplanesbtcontrolPlaneApicontrolPlaneAPIPOSTtenantstenantsHttpLambdaIntegrationPermission4825B13A) 
controlplane-stack |   0 | 2:45:00 PM | DELETE_IN_PROGRESS   | AWS::Lambda::Permission               | controlplane-sbt/controlPlaneApi/controlPlaneAPI/GET--tenants/tenantsHttpLambdaIntegration-Permission (controlplanesbtcontrolPlaneApicontrolPlaneAPIGETtenantstenantsHttpLambdaIntegrationPermission5261403B) 
controlplane-stack |   0 | 2:45:00 PM | DELETE_IN_PROGRESS   | AWS::Lambda::Permission               | controlplane-sbt/controlPlaneApi/controlPlaneAPI/DELETE--tenants--{tenantId}/tenantsHttpLambdaIntegration-Permission (controlplanesbtcontrolPlaneApicontrolPlaneAPIDELETEtenantstenantIdtenantsHttpLambdaIntegrationPermission5E9C6B02) 
controlplane-stack |   0 | 2:45:00 PM | DELETE_IN_PROGRESS   | AWS::Lambda::Permission               | controlplane-sbt/controlPlaneApi/controlPlaneAPI/PATCH--tenant-registrations--{tenantRegistrationId}/tenantsHttpLambdaIntegration-Permission (controlplanesbtcontrolPlaneApicontrolPlaneAPIPATCHtenantregistrationstenantRegistrationIdtenantsHttpLambdaIntegrationPermissionE6AFC2D7) 
controlplane-stack |   1 | 2:45:01 PM | DELETE_COMPLETE      | AWS::IAM::Policy                      | controlplane-sbt/tenantRegistrationService/destination/EventsRole/DefaultPolicy (controlplanesbttenantRegistrationServicedestinationEventsRoleDefaultPolicy58FE6AD1) 
controlplane-stack |   2 | 2:45:01 PM | DELETE_COMPLETE      | AWS::Lambda::Permission               | controlplane-sbt/controlPlaneApi/controlPlaneAPI/GET--tenant-config/tenantConfigServiceHttpLambdaIntegration-Permission (controlplanesbtcontrolPlaneApicontrolPlaneAPIGETtenantconfigtenantConfigServiceHttpLambdaIntegrationPermission68279E46) 
controlplane-stack |   3 | 2:45:01 PM | DELETE_COMPLETE      | AWS::CDK::Metadata                    | CDKMetadata/Default (CDKMetadata) 
controlplane-stack |   4 | 2:45:01 PM | DELETE_COMPLETE      | AWS::Lambda::Permission               | controlplane-sbt/controlPlaneApi/controlPlaneAPI/GET--users/tenantsHttpLambdaIntegration-Permission (controlplanesbtcontrolPlaneApicontrolPlaneAPIGETuserstenantsHttpLambdaIntegrationPermission836CEB16) 
controlplane-stack |   5 | 2:45:01 PM | DELETE_COMPLETE      | AWS::Lambda::Permission               | controlplane-sbt/controlPlaneApi/controlPlaneAPI/PUT--tenants--{tenantId}/tenantsHttpLambdaIntegration-Permission (controlplanesbtcontrolPlaneApicontrolPlaneAPIPUTtenantstenantIdtenantsHttpLambdaIntegrationPermission3678E74C) 
controlplane-stack |   6 | 2:45:01 PM | DELETE_COMPLETE      | AWS::IAM::Policy                      | AdminWebUi/AdminWebUiCodePipeline/Deploy/CopyToS3/CodePipelineActionRole/DefaultPolicy (AdminWebUiAdminWebUiCodePipelineDeployCopyToS3CodePipelineActionRoleDefaultPolicy1B1F2F9C) 
controlplane-stack |   7 | 2:45:01 PM | DELETE_COMPLETE      | AWS::Lambda::Permission               | controlplane-sbt/controlPlaneApi/controlPlaneAPI/DELETE--tenant-registrations--{tenantRegistrationId}/tenantsHttpLambdaIntegration-Permission (controlplanesbtcontrolPlaneApicontrolPlaneAPIDELETEtenantregistrationstenantRegistrationIdtenantsHttpLambdaIntegrationPermission6F74BA21) 
controlplane-stack |   8 | 2:45:01 PM | DELETE_COMPLETE      | AWS::Lambda::Permission               | controlplane-sbt/controlPlaneApi/controlPlaneAPI/POST--users/tenantsHttpLambdaIntegration-Permission (controlplanesbtcontrolPlaneApicontrolPlaneAPIPOSTuserstenantsHttpLambdaIntegrationPermissionAE41AC7D) 
controlplane-stack |   9 | 2:45:01 PM | DELETE_COMPLETE      | AWS::IAM::Policy                      | AdminWebUi/AdminWebUiCodePipeline/Source/AdminWebUi/CodePipelineActionRole/DefaultPolicy (AdminWebUiAdminWebUiCodePipelineSourceAdminWebUiCodePipelineActionRoleDefaultPolicy230386F3) 
controlplane-stack |  10 | 2:45:01 PM | DELETE_COMPLETE      | AWS::ApiGatewayV2::Route              | controlplane-sbt/controlPlaneApi/controlPlaneAPI/DELETE--users--{userId} (controlplanesbtcontrolPlaneApicontrolPlaneAPIDELETEusersuserIdD040DF2F) 
controlplane-stack |  11 | 2:45:01 PM | DELETE_COMPLETE      | AWS::S3::BucketPolicy                 | AdminWebUi/AdminWebUiCodePipeline/ArtifactsBucket/Policy (AdminWebUiAdminWebUiCodePipelineArtifactsBucketPolicy82355E65) 
controlplane-stack |  12 | 2:45:01 PM | DELETE_COMPLETE      | AWS::Lambda::Permission               | controlplane-sbt/controlPlaneApi/controlPlaneAPI/GET--tenants/tenantsHttpLambdaIntegration-Permission (controlplanesbtcontrolPlaneApicontrolPlaneAPIGETtenantstenantsHttpLambdaIntegrationPermission5261403B) 
controlplane-stack |  13 | 2:45:01 PM | DELETE_COMPLETE      | AWS::Lambda::Permission               | controlplane-sbt/controlPlaneApi/controlPlaneAPI/POST--tenant-registrations/tenantsHttpLambdaIntegration-Permission (controlplanesbtcontrolPlaneApicontrolPlaneAPIPOSTtenantregistrationstenantsHttpLambdaIntegrationPermissionD14542B3) 
controlplane-stack |  14 | 2:45:01 PM | DELETE_COMPLETE      | AWS::ApiGatewayV2::Route              | controlplane-sbt/controlPlaneApi/controlPlaneAPI/GET--tenant-config (controlplanesbtcontrolPlaneApicontrolPlaneAPIGETtenantconfigBEEFB800) 
controlplane-stack |  15 | 2:45:01 PM | DELETE_COMPLETE      | AWS::ApiGatewayV2::Route              | controlplane-sbt/controlPlaneApi/controlPlaneAPI/PATCH--tenant-registrations--{tenantRegistrationId} (controlplanesbtcontrolPlaneApicontrolPlaneAPIPATCHtenantregistrationstenantRegistrationIdDA9F159F) 
controlplane-stack |  16 | 2:45:01 PM | DELETE_COMPLETE      | AWS::ApiGatewayV2::Route              | controlplane-sbt/controlPlaneApi/controlPlaneAPI/POST--tenants (controlplanesbtcontrolPlaneApicontrolPlaneAPIPOSTtenants40B31D5E) 
controlplane-stack |  17 | 2:45:01 PM | DELETE_COMPLETE      | AWS::CloudWatch::Alarm                | EventDLQ/DLQMessagesAlarm (EventDLQDLQMessagesAlarm19EC96EF) 
controlplane-stack |  18 | 2:45:01 PM | DELETE_COMPLETE      | AWS::Lambda::Permission               | controlplane-sbt/controlPlaneApi/controlPlaneAPI/POST--tenants/tenantsHttpLambdaIntegration-Permission (controlplanesbtcontrolPlaneApicontrolPlaneAPIPOSTtenantstenantsHttpLambdaIntegrationPermission4825B13A) 
controlplane-stack |  19 | 2:45:01 PM | DELETE_COMPLETE      | AWS::ApiGatewayV2::Route              | controlplane-sbt/controlPlaneApi/controlPlaneAPI/PUT--tenants--{tenantId} (controlplanesbtcontrolPlaneApicontrolPlaneAPIPUTtenantstenantId6AB9F8C2) 
controlplane-stack |  20 | 2:45:01 PM | DELETE_COMPLETE      | AWS::ApiGatewayV2::Route              | controlplane-sbt/controlPlaneApi/controlPlaneAPI/PUT--users--{userId} (controlplanesbtcontrolPlaneApicontrolPlaneAPIPUTusersuserId216200AC) 
controlplane-stack |  21 | 2:45:01 PM | DELETE_COMPLETE      | AWS::ApiGatewayV2::Route              | controlplane-sbt/controlPlaneApi/controlPlaneAPI/GET--tenant-registrations--{tenantRegistrationId} (controlplanesbtcontrolPlaneApicontrolPlaneAPIGETtenantregistrationstenantRegistrationIdACCA5B05) 
controlplane-stack |  22 | 2:45:01 PM | DELETE_COMPLETE      | AWS::ApiGatewayV2::Route              | controlplane-sbt/controlPlaneApi/controlPlaneAPI/POST--users (controlplanesbtcontrolPlaneApicontrolPlaneAPIPOSTusersA662394F) 
controlplane-stack |  23 | 2:45:01 PM | DELETE_COMPLETE      | AWS::ApiGatewayV2::Route              | controlplane-sbt/controlPlaneApi/controlPlaneAPI/GET--tenants--{tenantId} (controlplanesbtcontrolPlaneApicontrolPlaneAPIGETtenantstenantId59A283B7) 
controlplane-stack |  24 | 2:45:01 PM | DELETE_COMPLETE      | AWS::ApiGatewayV2::Route              | controlplane-sbt/controlPlaneApi/controlPlaneAPI/GET--tenant-registrations (controlplanesbtcontrolPlaneApicontrolPlaneAPIGETtenantregistrationsFAAC74DF) 
controlplane-stack |  25 | 2:45:01 PM | DELETE_COMPLETE      | AWS::Lambda::Permission               | controlplane-sbt/controlPlaneApi/controlPlaneAPI/GET--tenant-registrations/tenantsHttpLambdaIntegration-Permission (controlplanesbtcontrolPlaneApicontrolPlaneAPIGETtenantregistrationstenantsHttpLambdaIntegrationPermissionB5FB4FB5) 
controlplane-stack |  26 | 2:45:01 PM | DELETE_COMPLETE      | AWS::ApiGatewayV2::Route              | controlplane-sbt/controlPlaneApi/controlPlaneAPI/GET--tenant-config--{tenantName} (controlplanesbtcontrolPlaneApicontrolPlaneAPIGETtenantconfigtenantName4B89BE4D) 
controlplane-stack |  27 | 2:45:01 PM | DELETE_COMPLETE      | AWS::ApiGatewayV2::Route              | controlplane-sbt/controlPlaneApi/controlPlaneAPI/DELETE--tenant-registrations--{tenantRegistrationId} (controlplanesbtcontrolPlaneApicontrolPlaneAPIDELETEtenantregistrationstenantRegistrationIdC6021B71) 
controlplane-stack |  28 | 2:45:01 PM | DELETE_COMPLETE      | AWS::ApiGatewayV2::Route              | controlplane-sbt/controlPlaneApi/controlPlaneAPI/GET--tenants (controlplanesbtcontrolPlaneApicontrolPlaneAPIGETtenantsB8E8697B) 
controlplane-stack |  29 | 2:45:01 PM | DELETE_COMPLETE      | AWS::Lambda::Permission               | controlplane-sbt/controlPlaneApi/controlPlaneAPI/DELETE--tenants--{tenantId}/tenantsHttpLambdaIntegration-Permission (controlplanesbtcontrolPlaneApicontrolPlaneAPIDELETEtenantstenantIdtenantsHttpLambdaIntegrationPermission5E9C6B02) 
controlplane-stack |  30 | 2:45:01 PM | DELETE_COMPLETE      | AWS::Lambda::Permission               | controlplane-sbt/controlPlaneApi/controlPlaneAPI/GET--users--{userId}/tenantsHttpLambdaIntegration-Permission (controlplanesbtcontrolPlaneApicontrolPlaneAPIGETusersuserIdtenantsHttpLambdaIntegrationPermission75468268) 
controlplane-stack |  31 | 2:45:01 PM | DELETE_COMPLETE      | AWS::ApiGatewayV2::Route              | controlplane-sbt/controlPlaneApi/controlPlaneAPI/DELETE--tenants--{tenantId} (controlplanesbtcontrolPlaneApicontrolPlaneAPIDELETEtenantstenantId9F4F79A5) 
controlplane-stack |  32 | 2:45:01 PM | DELETE_COMPLETE      | AWS::Lambda::Permission               | controlplane-sbt/controlPlaneApi/controlPlaneAPI/DELETE--users--{userId}/tenantsHttpLambdaIntegration-Permission (controlplanesbtcontrolPlaneApicontrolPlaneAPIDELETEusersuserIdtenantsHttpLambdaIntegrationPermission367F5FCF) 
controlplane-stack |  33 | 2:45:01 PM | DELETE_COMPLETE      | AWS::CodePipeline::Pipeline           | AdminWebUi/AdminWebUiCodePipeline (AdminWebUiAdminWebUiCodePipeline654848F6) 
controlplane-stack |  34 | 2:45:01 PM | DELETE_COMPLETE      | AWS::ApiGatewayV2::Stage              | controlplane-sbt/controlPlaneApi/controlPlaneAPI/DefaultStage (controlplanesbtcontrolPlaneApicontrolPlaneAPIDefaultStage5AE17249) 
controlplane-stack |  35 | 2:45:01 PM | DELETE_COMPLETE      | AWS::ApiGatewayV2::Route              | controlplane-sbt/controlPlaneApi/controlPlaneAPI/POST--tenant-registrations (controlplanesbtcontrolPlaneApicontrolPlaneAPIPOSTtenantregistrations04A11BC8) 
controlplane-stack |  36 | 2:45:01 PM | DELETE_COMPLETE      | AWS::ApiGatewayV2::Route              | controlplane-sbt/controlPlaneApi/controlPlaneAPI/GET--users--{userId} (controlplanesbtcontrolPlaneApicontrolPlaneAPIGETusersuserId6991A9E6) 
controlplane-stack |  37 | 2:45:01 PM | DELETE_COMPLETE      | AWS::Lambda::Permission               | controlplane-sbt/controlPlaneApi/controlPlaneAPI/GET--tenants--{tenantId}/tenantsHttpLambdaIntegration-Permission (controlplanesbtcontrolPlaneApicontrolPlaneAPIGETtenantstenantIdtenantsHttpLambdaIntegrationPermission7618B4CE) 
controlplane-stack |  38 | 2:45:01 PM | DELETE_COMPLETE      | AWS::Lambda::Permission               | controlplane-sbt/controlPlaneApi/controlPlaneAPI/GET--tenant-registrations--{tenantRegistrationId}/tenantsHttpLambdaIntegration-Permission (controlplanesbtcontrolPlaneApicontrolPlaneAPIGETtenantregistrationstenantRegistrationIdtenantsHttpLambdaIntegrationPermission9085C72D) 
controlplane-stack |  39 | 2:45:01 PM | DELETE_COMPLETE      | AWS::Lambda::Permission               | controlplane-sbt/controlPlaneApi/controlPlaneAPI/PATCH--tenant-registrations--{tenantRegistrationId}/tenantsHttpLambdaIntegration-Permission (controlplanesbtcontrolPlaneApicontrolPlaneAPIPATCHtenantregistrationstenantRegistrationIdtenantsHttpLambdaIntegrationPermissionE6AFC2D7) 
controlplane-stack |  39 | 2:45:01 PM | DELETE_IN_PROGRESS   | AWS::ApiGatewayV2::Integration        | controlplane-sbt/controlPlaneApi/controlPlaneAPI/DELETE--users--{userId}/tenantsHttpLambdaIntegration (controlplanesbtcontrolPlaneApicontrolPlaneAPIDELETEusersuserIdtenantsHttpLambdaIntegrationE544B4E1) 
controlplane-stack |  39 | 2:45:01 PM | DELETE_IN_PROGRESS   | AWS::ApiGatewayV2::Integration        | controlplane-sbt/controlPlaneApi/controlPlaneAPI/PUT--users--{userId}/tenantsHttpLambdaIntegration (controlplanesbtcontrolPlaneApicontrolPlaneAPIPUTusersuserIdtenantsHttpLambdaIntegration4BCBE2E8) 
controlplane-stack |  39 | 2:45:01 PM | DELETE_IN_PROGRESS   | AWS::ApiGatewayV2::Integration        | controlplane-sbt/controlPlaneApi/controlPlaneAPI/POST--users/tenantsHttpLambdaIntegration (controlplanesbtcontrolPlaneApicontrolPlaneAPIPOSTuserstenantsHttpLambdaIntegrationEF646750) 
controlplane-stack |  39 | 2:45:01 PM | DELETE_IN_PROGRESS   | AWS::ApiGatewayV2::Integration        | controlplane-sbt/controlPlaneApi/controlPlaneAPI/GET--tenant-config/tenantConfigServiceHttpLambdaIntegration (controlplanesbtcontrolPlaneApicontrolPlaneAPIGETtenantconfigtenantConfigServiceHttpLambdaIntegrationE5F86F07) 
controlplane-stack |  39 | 2:45:01 PM | DELETE_IN_PROGRESS   | AWS::ApiGatewayV2::Integration        | controlplane-sbt/controlPlaneApi/controlPlaneAPI/GET--tenants/tenantsHttpLambdaIntegration (controlplanesbtcontrolPlaneApicontrolPlaneAPIGETtenantstenantsHttpLambdaIntegrationAE934465) 
controlplane-stack |  39 | 2:45:01 PM | DELETE_IN_PROGRESS   | Custom::CDKBucketDeployment           | AdminWebUi/AdminSite/CustomResource-1024MiB/Default (AdminWebUiAdminSiteCustomResource1024MiBB5360447) 
controlplane-stack |  39 | 2:45:01 PM | DELETE_IN_PROGRESS   | AWS::ApiGatewayV2::Integration        | controlplane-sbt/controlPlaneApi/controlPlaneAPI/GET--tenant-registrations/tenantsHttpLambdaIntegration (controlplanesbtcontrolPlaneApicontrolPlaneAPIGETtenantregistrationstenantsHttpLambdaIntegrationCA96288A) 
controlplane-stack |  39 | 2:45:01 PM | DELETE_IN_PROGRESS   | AWS::ApiGatewayV2::Integration        | controlplane-sbt/controlPlaneApi/controlPlaneAPI/GET--users--{userId}/tenantsHttpLambdaIntegration (controlplanesbtcontrolPlaneApicontrolPlaneAPIGETusersuserIdtenantsHttpLambdaIntegrationEBD8730F) 
controlplane-stack |  39 | 2:45:01 PM | DELETE_IN_PROGRESS   | AWS::Logs::LogGroup                   | controlplane-sbt/controlPlaneApi/controlPlaneAPILogGroup (controlplanesbtcontrolPlaneApicontrolPlaneAPILogGroup71EFEAC1) 
controlplane-stack |  39 | 2:45:01 PM | DELETE_IN_PROGRESS   | AWS::IAM::Policy                      | AdminWebUi/AdminWebUiCodePipeline/Role/DefaultPolicy (AdminWebUiAdminWebUiCodePipelineRoleDefaultPolicy64400030) 
controlplane-stack |  40 | 2:45:02 PM | DELETE_COMPLETE      | AWS::Lambda::Permission               | controlplane-sbt/controlPlaneApi/controlPlaneAPI/GET--tenant-config--{tenantName}/tenantConfigServiceHttpLambdaIntegration-Permission (controlplanesbtcontrolPlaneApicontrolPlaneAPIGETtenantconfigtenantNametenantConfigServiceHttpLambdaIntegrationPermission0E7E15F7) 
controlplane-stack |  41 | 2:45:02 PM | DELETE_COMPLETE      | AWS::IAM::Policy                      | AdminWebUi/AdminWebUiCodePipeline/Build/CompileReactSite/CodePipelineActionRole/DefaultPolicy (AdminWebUiAdminWebUiCodePipelineBuildCompileReactSiteCodePipelineActionRoleDefaultPolicyE1C91FDB) 
controlplane-stack |  42 | 2:45:02 PM | DELETE_COMPLETE      | AWS::Lambda::Permission               | controlplane-sbt/controlPlaneApi/controlPlaneAPI/PUT--users--{userId}/tenantsHttpLambdaIntegration-Permission (controlplanesbtcontrolPlaneApicontrolPlaneAPIPUTusersuserIdtenantsHttpLambdaIntegrationPermissionFC83BFD3) 
controlplane-stack |  43 | 2:45:02 PM | DELETE_COMPLETE      | AWS::Lambda::Permission               | TenantSeeder/ProvisioningSuccessRule/AllowEventRulecontrolplanestackTenantSeederTenantSeederFn1D03AFBE (TenantSeederProvisioningSuccessRuleAllowEventRulecontrolplanestackTenantSeederTenantSeederFn1D03AFBE71FE6BC2) 
controlplane-stack |  44 | 2:45:02 PM | DELETE_COMPLETE      | AWS::IAM::Policy                      | AdminWebUi/AdminWebUiReactBuildProject/Role/DefaultPolicy (AdminWebUiAdminWebUiReactBuildProjectRoleDefaultPolicyAC957AE1) 
controlplane-stack |  45 | 2:45:02 PM | DELETE_COMPLETE      | AWS::CloudWatch::Dashboard            | EventDLQ/EventDLQDashboard (EventDLQEventDLQDashboard57F7F93B) 
controlplane-stack |  45 | 2:45:02 PM | DELETE_IN_PROGRESS   | AWS::Events::Rule                     | TenantSeeder/ProvisioningSuccessRule (TenantSeederProvisioningSuccessRule91F9F8D7) 
controlplane-stack |  46 | 2:45:02 PM | DELETE_COMPLETE      | AWS::Logs::LogGroup                   | controlplane-sbt/controlPlaneApi/controlPlaneAPILogGroup (controlplanesbtcontrolPlaneApicontrolPlaneAPILogGroup71EFEAC1) 
controlplane-stack |  47 | 2:45:02 PM | DELETE_COMPLETE      | AWS::IAM::Policy                      | AdminWebUi/AdminWebUiCodePipeline/Role/DefaultPolicy (AdminWebUiAdminWebUiCodePipelineRoleDefaultPolicy64400030) 
controlplane-stack |  47 | 2:45:03 PM | DELETE_IN_PROGRESS   | AWS::IAM::Role                        | AdminWebUi/AdminWebUiCodePipeline/Build/CompileReactSite/CodePipelineActionRole (AdminWebUiAdminWebUiCodePipelineBuildCompileReactSiteCodePipelineActionRole78C82098) 
controlplane-stack |  47 | 2:45:03 PM | DELETE_IN_PROGRESS   | AWS::IAM::Role                        | AdminWebUi/AdminWebUiCodePipeline/Source/AdminWebUi/CodePipelineActionRole (AdminWebUiAdminWebUiCodePipelineSourceAdminWebUiCodePipelineActionRoleB57BDF09) 
controlplane-stack |  47 | 2:45:03 PM | DELETE_IN_PROGRESS   | AWS::CodeBuild::Project               | AdminWebUi/AdminWebUiReactBuildProject (AdminWebUiAdminWebUiReactBuildProjectC8D6BA9F) 
controlplane-stack |  47 | 2:45:03 PM | DELETE_IN_PROGRESS   | AWS::IAM::Role                        | AdminWebUi/AdminWebUiCodePipeline/Deploy/CopyToS3/CodePipelineActionRole (AdminWebUiAdminWebUiCodePipelineDeployCopyToS3CodePipelineActionRole16894AF5) 
controlplane-stack |  48 | 2:45:03 PM | DELETE_COMPLETE      | AWS::CloudFormation::CustomResource   | controlplane-sbt/createAdminUserCustomResource-adminUser/Default (controlplanesbtcreateAdminUserCustomResourceadminUserACC2C95E) 
controlplane-stack |  49 | 2:45:03 PM | DELETE_COMPLETE      | Custom::LogRetention                  | TenantSeeder/TenantSeederFn/LogRetention (TenantSeederTenantSeederFnLogRetention8CC53514) 
controlplane-stack |  49 | 2:45:03 PM | DELETE_IN_PROGRESS   | AWS::Lambda::Function                 | CognitoAuth/createAdminUserFunction (CognitoAuthcreateAdminUserFunction5FBECAEB) 
controlplane-stack |  49 | 2:45:03 PM | DELETE_IN_PROGRESS   | AWS::Lambda::Function                 | LogRetentionaae0aa3c5b4d4f87b02d85b201efdd8a (LogRetentionaae0aa3c5b4d4f87b02d85b201efdd8aFD4BFC8A) 
controlplane-stack |  50 | 2:45:03 PM | DELETE_COMPLETE      | AWS::ApiGatewayV2::Route              | controlplane-sbt/controlPlaneApi/controlPlaneAPI/GET--users (controlplanesbtcontrolPlaneApicontrolPlaneAPIGETusers2A7DED17) 
controlplane-stack |  51 | 2:45:03 PM | DELETE_COMPLETE      | Custom::CDKBucketDeployment           | AdminWebUi/AdminSite/CustomResource-1024MiB/Default (AdminWebUiAdminSiteCustomResource1024MiBB5360447) 
controlplane-stack |  51 | 2:45:03 PM | DELETE_SKIPPED       | AWS::S3::Bucket                       | AdminWebUi/AdminWebUiCodePipeline/ArtifactsBucket (AdminWebUiAdminWebUiCodePipelineArtifactsBucket791887F9) 
controlplane-stack |  51 | 2:45:03 PM | DELETE_IN_PROGRESS   | AWS::ApiGatewayV2::Authorizer         | controlplane-sbt/controlPlaneApi/controlPlaneAPI/tenantsAuthorizer (controlplanesbtcontrolPlaneApicontrolPlaneAPItenantsAuthorizer98A1C219) 
controlplane-stack |  51 | 2:45:03 PM | DELETE_IN_PROGRESS   | AWS::ApiGatewayV2::Integration        | controlplane-sbt/controlPlaneApi/controlPlaneAPI/GET--users/tenantsHttpLambdaIntegration (controlplanesbtcontrolPlaneApicontrolPlaneAPIGETuserstenantsHttpLambdaIntegration9DECA4A5) 
controlplane-stack |  51 | 2:45:04 PM | DELETE_IN_PROGRESS   | AWS::Lambda::Function                 | Custom::CDKBucketDeployment8693BB64968944B69AAFB0CC9EB8756C1024MiB (CustomCDKBucketDeployment8693BB64968944B69AAFB0CC9EB8756C1024MiBB049752D) 
controlplane-stack |  52 | 2:45:04 PM | DELETE_COMPLETE      | AWS::ApiGatewayV2::Integration        | controlplane-sbt/controlPlaneApi/controlPlaneAPI/DELETE--users--{userId}/tenantsHttpLambdaIntegration (controlplanesbtcontrolPlaneApicontrolPlaneAPIDELETEusersuserIdtenantsHttpLambdaIntegrationE544B4E1) 
controlplane-stack |  53 | 2:45:04 PM | DELETE_COMPLETE      | AWS::CodeBuild::Project               | AdminWebUi/AdminWebUiReactBuildProject (AdminWebUiAdminWebUiReactBuildProjectC8D6BA9F) 
controlplane-stack |  54 | 2:45:04 PM | DELETE_COMPLETE      | AWS::ApiGatewayV2::Integration        | controlplane-sbt/controlPlaneApi/controlPlaneAPI/GET--tenant-config/tenantConfigServiceHttpLambdaIntegration (controlplanesbtcontrolPlaneApicontrolPlaneAPIGETtenantconfigtenantConfigServiceHttpLambdaIntegrationE5F86F07) 
controlplane-stack |  55 | 2:45:04 PM | DELETE_COMPLETE      | Custom::S3AutoDeleteObjects           | AdminWebUi/AdminSiteSourceCodeBucket/AutoDeleteObjectsCustomResource/Default (AdminWebUiAdminSiteSourceCodeBucketAutoDeleteObjectsCustomResource40F6C61E) 
controlplane-stack |  56 | 2:45:04 PM | DELETE_COMPLETE      | AWS::ApiGatewayV2::Integration        | controlplane-sbt/controlPlaneApi/controlPlaneAPI/POST--users/tenantsHttpLambdaIntegration (controlplanesbtcontrolPlaneApicontrolPlaneAPIPOSTuserstenantsHttpLambdaIntegrationEF646750) 
controlplane-stack |  56 | 2:45:04 PM | DELETE_IN_PROGRESS   | AWS::IAM::Role                        | AdminWebUi/AdminWebUiReactBuildProject/Role (AdminWebUiAdminWebUiReactBuildProjectRole57061517) 
controlplane-stack |  56 | 2:45:04 PM | DELETE_IN_PROGRESS   | AWS::S3::BucketPolicy                 | AdminWebUi/AdminSiteSourceCodeBucket/Policy (AdminWebUiAdminSiteSourceCodeBucketPolicy15EFA742) 
controlplane-stack |  56 | 2:45:04 PM | DELETE_IN_PROGRESS   | AWS::Lambda::Function                 | Custom::S3AutoDeleteObjectsCustomResourceProvider/Handler (CustomS3AutoDeleteObjectsCustomResourceProviderHandler9D90184F) 
controlplane-stack |  56 | 2:45:04 PM | DELETE_IN_PROGRESS   | AWS::Lambda::Function                 | controlplane-sbt/tenantConfigService/tenantConfigLambda/TenantConfigServiceLambda (controlplanesbttenantConfigServicetenantConfigLambdaTenantConfigServiceLambda7C149819) 
controlplane-stack |  57 | 2:45:04 PM | DELETE_COMPLETE      | AWS::ApiGatewayV2::Integration        | controlplane-sbt/controlPlaneApi/controlPlaneAPI/GET--users/tenantsHttpLambdaIntegration (controlplanesbtcontrolPlaneApicontrolPlaneAPIGETuserstenantsHttpLambdaIntegration9DECA4A5) 
controlplane-stack |  58 | 2:45:04 PM | DELETE_COMPLETE      | AWS::ApiGatewayV2::Authorizer         | controlplane-sbt/controlPlaneApi/controlPlaneAPI/tenantsAuthorizer (controlplanesbtcontrolPlaneApicontrolPlaneAPItenantsAuthorizer98A1C219) 
controlplane-stack |  59 | 2:45:04 PM | DELETE_COMPLETE      | AWS::ApiGatewayV2::Integration        | controlplane-sbt/controlPlaneApi/controlPlaneAPI/GET--tenants/tenantsHttpLambdaIntegration (controlplanesbtcontrolPlaneApicontrolPlaneAPIGETtenantstenantsHttpLambdaIntegrationAE934465) 
controlplane-stack |  59 | 2:45:05 PM | DELETE_IN_PROGRESS   | AWS::Cognito::UserPoolClient          | CognitoAuth/UserPoolUserClient (CognitoAuthUserPoolUserClient5DD0303C) 
controlplane-stack |  59 | 2:45:05 PM | DELETE_IN_PROGRESS   | AWS::Lambda::Function                 | controlplane-sbt/tenantManagementService/tenantManagementLambda/TenantManagementServices (controlplanesbttenantManagementServicetenantManagementLambdaTenantManagementServices3199260C) 
controlplane-stack |  60 | 2:45:05 PM | DELETE_COMPLETE      | AWS::S3::BucketPolicy                 | AdminWebUi/AdminSiteSourceCodeBucket/Policy (AdminWebUiAdminSiteSourceCodeBucketPolicy15EFA742) 
controlplane-stack |  61 | 2:45:06 PM | DELETE_COMPLETE      | AWS::Cognito::UserPoolClient          | CognitoAuth/UserPoolUserClient (CognitoAuthUserPoolUserClient5DD0303C) 
controlplane-stack |  61 | 2:45:06 PM | DELETE_IN_PROGRESS   | AWS::Cognito::UserPoolResourceServer  | CognitoAuth/UserPool/UserResourceServer (CognitoAuthUserPoolUserResourceServer6B37EC4B) 
controlplane-stack |  62 | 2:45:06 PM | DELETE_COMPLETE      | AWS::Lambda::Function                 | LogRetentionaae0aa3c5b4d4f87b02d85b201efdd8a (LogRetentionaae0aa3c5b4d4f87b02d85b201efdd8aFD4BFC8A) 
controlplane-stack |  63 | 2:45:07 PM | DELETE_COMPLETE      | AWS::ApiGatewayV2::Integration        | controlplane-sbt/controlPlaneApi/controlPlaneAPI/GET--tenant-registrations/tenantsHttpLambdaIntegration (controlplanesbtcontrolPlaneApicontrolPlaneAPIGETtenantregistrationstenantsHttpLambdaIntegrationCA96288A) 
controlplane-stack |  64 | 2:45:07 PM | DELETE_COMPLETE      | AWS::ApiGatewayV2::Integration        | controlplane-sbt/controlPlaneApi/controlPlaneAPI/GET--users--{userId}/tenantsHttpLambdaIntegration (controlplanesbtcontrolPlaneApicontrolPlaneAPIGETusersuserIdtenantsHttpLambdaIntegrationEBD8730F) 
controlplane-stack |  65 | 2:45:07 PM | DELETE_COMPLETE      | AWS::ApiGatewayV2::Integration        | controlplane-sbt/controlPlaneApi/controlPlaneAPI/PUT--users--{userId}/tenantsHttpLambdaIntegration (controlplanesbtcontrolPlaneApicontrolPlaneAPIPUTusersuserIdtenantsHttpLambdaIntegration4BCBE2E8) 
controlplane-stack |  65 | 2:45:07 PM | DELETE_IN_PROGRESS   | AWS::IAM::Policy                      | LogRetentionaae0aa3c5b4d4f87b02d85b201efdd8a/ServiceRole/DefaultPolicy (LogRetentionaae0aa3c5b4d4f87b02d85b201efdd8aServiceRoleDefaultPolicyADDA7DEB) 
controlplane-stack |  65 | 2:45:07 PM | DELETE_IN_PROGRESS   | AWS::Lambda::Function                 | controlplane-sbt/tenantRegistrationService/tenantRegistrationLambda/TenantRegistrationFunc (controlplanesbttenantRegistrationServicetenantRegistrationLambdaTenantRegistrationFunc48A324A1) 
controlplane-stack |  65 | 2:45:07 PM | DELETE_IN_PROGRESS   | AWS::Lambda::Function                 | CognitoAuth/UserManagementServices (CognitoAuthUserManagementServicesF523CC2B) 
controlplane-stack |  66 | 2:45:07 PM | DELETE_COMPLETE      | AWS::Lambda::Function                 | Custom::CDKBucketDeployment8693BB64968944B69AAFB0CC9EB8756C1024MiB (CustomCDKBucketDeployment8693BB64968944B69AAFB0CC9EB8756C1024MiBB049752D) 
controlplane-stack |  67 | 2:45:07 PM | DELETE_COMPLETE      | AWS::Cognito::UserPoolResourceServer  | CognitoAuth/UserPool/UserResourceServer (CognitoAuthUserPoolUserResourceServer6B37EC4B) 
controlplane-stack |  67 | 2:45:07 PM | DELETE_IN_PROGRESS   | AWS::Lambda::LayerVersion             | AdminWebUi/AdminSite/AwsCliLayer (AdminWebUiAdminSiteAwsCliLayer9649A36B) 
controlplane-stack |  67 | 2:45:07 PM | DELETE_IN_PROGRESS   | AWS::IAM::Policy                      | Custom::CDKBucketDeployment8693BB64968944B69AAFB0CC9EB8756C1024MiB/ServiceRole/DefaultPolicy (CustomCDKBucketDeployment8693BB64968944B69AAFB0CC9EB8756C1024MiBServiceRoleDefaultPolicy0801355D) 
controlplane-stack |  68 | 2:45:07 PM | DELETE_COMPLETE      | AWS::Lambda::Function                 | Custom::S3AutoDeleteObjectsCustomResourceProvider/Handler (CustomS3AutoDeleteObjectsCustomResourceProviderHandler9D90184F) 
controlplane-stack |  69 | 2:45:08 PM | DELETE_COMPLETE      | AWS::Lambda::Function                 | controlplane-sbt/tenantConfigService/tenantConfigLambda/TenantConfigServiceLambda (controlplanesbttenantConfigServicetenantConfigLambdaTenantConfigServiceLambda7C149819) 
controlplane-stack |  70 | 2:45:08 PM | DELETE_COMPLETE      | AWS::IAM::Policy                      | LogRetentionaae0aa3c5b4d4f87b02d85b201efdd8a/ServiceRole/DefaultPolicy (LogRetentionaae0aa3c5b4d4f87b02d85b201efdd8aServiceRoleDefaultPolicyADDA7DEB) 
controlplane-stack |  71 | 2:45:08 PM | DELETE_COMPLETE      | AWS::Lambda::Function                 | CognitoAuth/createAdminUserFunction (CognitoAuthcreateAdminUserFunction5FBECAEB) 
controlplane-stack |  71 | 2:45:08 PM | DELETE_IN_PROGRESS   | AWS::IAM::Policy                      | controlplane-sbt/tenantConfigService/tenantConfigLambda/TenantConfigServiceLambda/ServiceRole/DefaultPolicy (controlplanesbttenantConfigServicetenantConfigLambdaTenantConfigServiceLambdaServiceRoleDefaultPolicyEC907167) 
controlplane-stack |  71 | 2:45:08 PM | DELETE_IN_PROGRESS   | AWS::Logs::LogGroup                   | controlplane-sbt/tenantConfigService/tenantConfigLambda/BillingIngestorLogGroup (controlplanesbttenantConfigServicetenantConfigLambdaBillingIngestorLogGroupF6A64471) 
controlplane-stack |  71 | 2:45:08 PM | DELETE_IN_PROGRESS   | AWS::IAM::Role                        | Custom::S3AutoDeleteObjectsCustomResourceProvider/Role (CustomS3AutoDeleteObjectsCustomResourceProviderRole3B1BD092) 
controlplane-stack |  71 | 2:45:08 PM | DELETE_IN_PROGRESS   | AWS::IAM::Role                        | LogRetentionaae0aa3c5b4d4f87b02d85b201efdd8a/ServiceRole (LogRetentionaae0aa3c5b4d4f87b02d85b201efdd8aServiceRole9741ECFB) 
controlplane-stack |  71 | 2:45:08 PM | DELETE_IN_PROGRESS   | AWS::IAM::Policy                      | CognitoAuth/createAdminUserFunction/ServiceRole/DefaultPolicy (CognitoAuthcreateAdminUserFunctionServiceRoleDefaultPolicyDCFAA4D5) 
controlplane-stack |  72 | 2:45:08 PM | DELETE_COMPLETE      | AWS::IAM::Policy                      | Custom::CDKBucketDeployment8693BB64968944B69AAFB0CC9EB8756C1024MiB/ServiceRole/DefaultPolicy (CustomCDKBucketDeployment8693BB64968944B69AAFB0CC9EB8756C1024MiBServiceRoleDefaultPolicy0801355D) 
controlplane-stack |  73 | 2:45:08 PM | DELETE_COMPLETE      | AWS::Lambda::LayerVersion             | AdminWebUi/AdminSite/AwsCliLayer (AdminWebUiAdminSiteAwsCliLayer9649A36B) 
controlplane-stack |  74 | 2:45:08 PM | DELETE_COMPLETE      | AWS::Lambda::Function                 | controlplane-sbt/tenantManagementService/tenantManagementLambda/TenantManagementServices (controlplanesbttenantManagementServicetenantManagementLambdaTenantManagementServices3199260C) 
controlplane-stack |  74 | 2:45:08 PM | DELETE_IN_PROGRESS   | AWS::IAM::Role                        | Custom::CDKBucketDeployment8693BB64968944B69AAFB0CC9EB8756C1024MiB/ServiceRole (CustomCDKBucketDeployment8693BB64968944B69AAFB0CC9EB8756C1024MiBServiceRole739949D8) 
controlplane-stack |  74 | 2:45:08 PM | DELETE_IN_PROGRESS   | AWS::S3::Bucket                       | AdminWebUi/AdminSiteSourceCodeBucket (AdminWebUiAdminSiteSourceCodeBucketE6701D80) 
controlplane-stack |  74 | 2:45:09 PM | DELETE_IN_PROGRESS   | AWS::IAM::Policy                      | controlplane-sbt/tenantManagementService/tenantManagementLambda/tenantManagementExecRole/DefaultPolicy (controlplanesbttenantManagementServicetenantManagementLambdatenantManagementExecRoleDefaultPolicy5BFA216F) 
controlplane-stack |  75 | 2:45:09 PM | DELETE_COMPLETE      | AWS::Logs::LogGroup                   | controlplane-sbt/tenantConfigService/tenantConfigLambda/BillingIngestorLogGroup (controlplanesbttenantConfigServicetenantConfigLambdaBillingIngestorLogGroupF6A64471) 
controlplane-stack |  76 | 2:45:09 PM | DELETE_COMPLETE      | AWS::IAM::Policy                      | controlplane-sbt/tenantConfigService/tenantConfigLambda/TenantConfigServiceLambda/ServiceRole/DefaultPolicy (controlplanesbttenantConfigServicetenantConfigLambdaTenantConfigServiceLambdaServiceRoleDefaultPolicyEC907167) 
controlplane-stack |  77 | 2:45:09 PM | DELETE_COMPLETE      | AWS::IAM::Policy                      | CognitoAuth/createAdminUserFunction/ServiceRole/DefaultPolicy (CognitoAuthcreateAdminUserFunctionServiceRoleDefaultPolicyDCFAA4D5) 
controlplane-stack |  77 | 2:45:09 PM | DELETE_IN_PROGRESS   | AWS::IAM::Role                        | controlplane-sbt/tenantConfigService/tenantConfigLambda/TenantConfigServiceLambda/ServiceRole (controlplanesbttenantConfigServicetenantConfigLambdaTenantConfigServiceLambdaServiceRoleB0D0928E) 
controlplane-stack |  77 | 2:45:09 PM | DELETE_IN_PROGRESS   | AWS::IAM::Role                        | CognitoAuth/createAdminUserFunction/ServiceRole (CognitoAuthcreateAdminUserFunctionServiceRoleA3C45FFC) 
controlplane-stack |  78 | 2:45:09 PM | DELETE_COMPLETE      | AWS::IAM::Policy                      | controlplane-sbt/tenantManagementService/tenantManagementLambda/tenantManagementExecRole/DefaultPolicy (controlplanesbttenantManagementServicetenantManagementLambdatenantManagementExecRoleDefaultPolicy5BFA216F) 
controlplane-stack |  78 | 2:45:10 PM | DELETE_IN_PROGRESS   | AWS::IAM::Role                        | controlplane-sbt/tenantManagementService/tenantManagementLambda/tenantManagementExecRole (controlplanesbttenantManagementServicetenantManagementLambdatenantManagementExecRole329FB7E1) 
controlplane-stack |  78 | 2:45:10 PM | DELETE_IN_PROGRESS   | AWS::DynamoDB::Table                  | controlplane-sbt/tenantManagementService/tenantManagementTable/TenantDetails (controlplanesbttenantManagementServicetenantManagementTableTenantDetails2B9D9269) 
controlplane-stack |  79 | 2:45:10 PM | DELETE_COMPLETE      | AWS::S3::Bucket                       | AdminWebUi/AdminSiteSourceCodeBucket (AdminWebUiAdminSiteSourceCodeBucketE6701D80) 
controlplane-stack |  80 | 2:45:10 PM | DELETE_COMPLETE      | AWS::Lambda::Function                 | controlplane-sbt/tenantRegistrationService/tenantRegistrationLambda/TenantRegistrationFunc (controlplanesbttenantRegistrationServicetenantRegistrationLambdaTenantRegistrationFunc48A324A1) 
controlplane-stack |  81 | 2:45:10 PM | DELETE_COMPLETE      | AWS::Lambda::Function                 | CognitoAuth/UserManagementServices (CognitoAuthUserManagementServicesF523CC2B) 
controlplane-stack |  81 | 2:45:11 PM | DELETE_IN_PROGRESS   | AWS::Lambda::LayerVersion             | controlplane-sbt/tenantRegistrationService/tenantRegistrationLambda/AwsRequestsAuthLayer (controlplanesbttenantRegistrationServicetenantRegistrationLambdaAwsRequestsAuthLayer12409EE8) 
controlplane-stack |  81 | 2:45:11 PM | DELETE_IN_PROGRESS   | AWS::IAM::Policy                      | controlplane-sbt/tenantRegistrationService/tenantRegistrationLambda/TenantRegistrationFunc/ServiceRole/DefaultPolicy (controlplanesbttenantRegistrationServicetenantRegistrationLambdaTenantRegistrationFuncServiceRoleDefaultPolicy302347DD) 
controlplane-stack |  81 | 2:45:11 PM | DELETE_IN_PROGRESS   | AWS::IAM::Policy                      | CognitoAuth/userManagementExecRole/DefaultPolicy (CognitoAuthuserManagementExecRoleDefaultPolicyDC2BBB91) 
controlplane-stack |  82 | 2:45:11 PM | DELETE_COMPLETE      | AWS::Lambda::LayerVersion             | controlplane-sbt/tenantRegistrationService/tenantRegistrationLambda/AwsRequestsAuthLayer (controlplanesbttenantRegistrationServicetenantRegistrationLambdaAwsRequestsAuthLayer12409EE8) 
controlplane-stack |  83 | 2:45:11 PM | DELETE_COMPLETE      | AWS::IAM::Policy                      | controlplane-sbt/tenantRegistrationService/tenantRegistrationLambda/TenantRegistrationFunc/ServiceRole/DefaultPolicy (controlplanesbttenantRegistrationServicetenantRegistrationLambdaTenantRegistrationFuncServiceRoleDefaultPolicy302347DD) 
controlplane-stack |  84 | 2:45:12 PM | DELETE_COMPLETE      | AWS::IAM::Policy                      | CognitoAuth/userManagementExecRole/DefaultPolicy (CognitoAuthuserManagementExecRoleDefaultPolicyDC2BBB91) 
controlplane-stack |  85 | 2:45:12 PM | DELETE_COMPLETE      | AWS::Lambda::EventSourceMapping       | EventDLQ/DLQProcessor/SqsEventSource:controlplanestackEventDLQEventBridgeDLQAB5F80B3 (EventDLQDLQProcessorSqsEventSourcecontrolplanestackEventDLQEventBridgeDLQAB5F80B39AA20981) 
controlplane-stack |  85 | 2:45:12 PM | DELETE_IN_PROGRESS   | AWS::DynamoDB::Table                  | controlplane-sbt/tenantRegistrationService/tenantRegistrationTable/TenantRegistrationTable (controlplanesbttenantRegistrationServicetenantRegistrationTableTenantRegistrationTableD511E0AE) 
controlplane-stack |  85 | 2:45:12 PM | DELETE_IN_PROGRESS   | AWS::IAM::Role                        | controlplane-sbt/tenantRegistrationService/tenantRegistrationLambda/TenantRegistrationFunc/ServiceRole (controlplanesbttenantRegistrationServicetenantRegistrationLambdaTenantRegistrationFuncServiceRole8F041BE0) 
controlplane-stack |  85 | 2:45:12 PM | DELETE_IN_PROGRESS   | AWS::IAM::Role                        | CognitoAuth/userManagementExecRole (CognitoAuthuserManagementExecRoleD30402FF) 
controlplane-stack |  85 | 2:45:12 PM | DELETE_IN_PROGRESS   | AWS::Lambda::Function                 | EventDLQ/DLQProcessor (EventDLQDLQProcessorEE1D59EA) 
controlplane-stack |  86 | 2:45:14 PM | DELETE_COMPLETE      | AWS::IAM::Role                        | AdminWebUi/AdminWebUiCodePipeline/Source/AdminWebUi/CodePipelineActionRole (AdminWebUiAdminWebUiCodePipelineSourceAdminWebUiCodePipelineActionRoleB57BDF09) 
controlplane-stack |  87 | 2:45:14 PM | DELETE_COMPLETE      | AWS::IAM::Role                        | AdminWebUi/AdminWebUiCodePipeline/Build/CompileReactSite/CodePipelineActionRole (AdminWebUiAdminWebUiCodePipelineBuildCompileReactSiteCodePipelineActionRole78C82098) 
controlplane-stack |  88 | 2:45:14 PM | DELETE_COMPLETE      | AWS::IAM::Role                        | AdminWebUi/AdminWebUiCodePipeline/Deploy/CopyToS3/CodePipelineActionRole (AdminWebUiAdminWebUiCodePipelineDeployCopyToS3CodePipelineActionRole16894AF5) 
controlplane-stack |  88 | 2:45:14 PM | DELETE_IN_PROGRESS   | AWS::IAM::Role                        | AdminWebUi/AdminWebUiCodePipeline/Role (AdminWebUiAdminWebUiCodePipelineRole19064798) 
controlplane-stack |  89 | 2:45:15 PM | DELETE_COMPLETE      | AWS::IAM::Role                        | AdminWebUi/AdminWebUiReactBuildProject/Role (AdminWebUiAdminWebUiReactBuildProjectRole57061517) 
controlplane-stack |  90 | 2:45:15 PM | DELETE_COMPLETE      | AWS::Lambda::Function                 | EventDLQ/DLQProcessor (EventDLQDLQProcessorEE1D59EA) 
controlplane-stack |  90 | 2:45:16 PM | DELETE_IN_PROGRESS   | AWS::IAM::Policy                      | EventDLQ/DLQProcessor/ServiceRole/DefaultPolicy (EventDLQDLQProcessorServiceRoleDefaultPolicyBF812DE4) 
controlplane-stack |  91 | 2:45:17 PM | DELETE_COMPLETE      | AWS::IAM::Policy                      | EventDLQ/DLQProcessor/ServiceRole/DefaultPolicy (EventDLQDLQProcessorServiceRoleDefaultPolicyBF812DE4) 
controlplane-stack |  91 | 2:45:17 PM | DELETE_IN_PROGRESS   | AWS::IAM::Role                        | EventDLQ/DLQProcessor/ServiceRole (EventDLQDLQProcessorServiceRole46C3E6D5) 
controlplane-stack |  92 | 2:45:18 PM | DELETE_COMPLETE      | AWS::IAM::Role                        | Custom::CDKBucketDeployment8693BB64968944B69AAFB0CC9EB8756C1024MiB/ServiceRole (CustomCDKBucketDeployment8693BB64968944B69AAFB0CC9EB8756C1024MiBServiceRole739949D8) 
controlplane-stack |  93 | 2:45:19 PM | DELETE_COMPLETE      | AWS::IAM::Role                        | Custom::S3AutoDeleteObjectsCustomResourceProvider/Role (CustomS3AutoDeleteObjectsCustomResourceProviderRole3B1BD092) 
controlplane-stack |  94 | 2:45:20 PM | DELETE_COMPLETE      | AWS::IAM::Role                        | controlplane-sbt/tenantConfigService/tenantConfigLambda/TenantConfigServiceLambda/ServiceRole (controlplanesbttenantConfigServicetenantConfigLambdaTenantConfigServiceLambdaServiceRoleB0D0928E) 
controlplane-stack |  95 | 2:45:20 PM | DELETE_COMPLETE      | AWS::IAM::Role                        | CognitoAuth/createAdminUserFunction/ServiceRole (CognitoAuthcreateAdminUserFunctionServiceRoleA3C45FFC) 
controlplane-stack |  96 | 2:45:21 PM | DELETE_COMPLETE      | AWS::DynamoDB::Table                  | controlplane-sbt/tenantManagementService/tenantManagementTable/TenantDetails (controlplanesbttenantManagementServicetenantManagementTableTenantDetails2B9D9269) 
controlplane-stack |  97 | 2:45:22 PM | DELETE_COMPLETE      | AWS::IAM::Role                        | LogRetentionaae0aa3c5b4d4f87b02d85b201efdd8a/ServiceRole (LogRetentionaae0aa3c5b4d4f87b02d85b201efdd8aServiceRole9741ECFB) 
controlplane-stack |  98 | 2:45:22 PM | DELETE_COMPLETE      | AWS::IAM::Role                        | controlplane-sbt/tenantManagementService/tenantManagementLambda/tenantManagementExecRole (controlplanesbttenantManagementServicetenantManagementLambdatenantManagementExecRole329FB7E1) 
controlplane-stack |  99 | 2:45:23 PM | DELETE_COMPLETE      | AWS::IAM::Role                        | controlplane-sbt/tenantRegistrationService/tenantRegistrationLambda/TenantRegistrationFunc/ServiceRole (controlplanesbttenantRegistrationServicetenantRegistrationLambdaTenantRegistrationFuncServiceRole8F041BE0) 
controlplane-stack | 100 | 2:45:23 PM | DELETE_COMPLETE      | AWS::DynamoDB::Table                  | controlplane-sbt/tenantRegistrationService/tenantRegistrationTable/TenantRegistrationTable (controlplanesbttenantRegistrationServicetenantRegistrationTableTenantRegistrationTableD511E0AE) 
controlplane-stack | 101 | 2:45:24 PM | DELETE_COMPLETE      | AWS::IAM::Role                        | CognitoAuth/userManagementExecRole (CognitoAuthuserManagementExecRoleD30402FF) 
controlplane-stack | 102 | 2:45:25 PM | DELETE_COMPLETE      | AWS::IAM::Role                        | AdminWebUi/AdminWebUiCodePipeline/Role (AdminWebUiAdminWebUiCodePipelineRole19064798) 
controlplane-stack | 103 | 2:45:28 PM | DELETE_COMPLETE      | AWS::IAM::Role                        | EventDLQ/DLQProcessor/ServiceRole (EventDLQDLQProcessorServiceRole46C3E6D5) 
controlplane-stack | 104 | 2:45:31 PM | DELETE_COMPLETE      | AWS::SQS::QueuePolicy                 | EventDLQ/EventBridgeFinalDLQ/Policy (EventDLQEventBridgeFinalDLQPolicyA0FB13C4) 
controlplane-stack | 105 | 2:45:31 PM | DELETE_COMPLETE      | AWS::Events::Rule                     | controlplane-sbt/tenantRegistrationService/sbt_application_plane_sbt_aws_provisionFailureRule (controlplanesbttenantRegistrationServicesbtapplicationplanesbtawsprovisionFailureRule0BE8F092) 
controlplane-stack | 106 | 2:45:31 PM | DELETE_COMPLETE      | AWS::Events::Rule                     | controlplane-sbt/tenantRegistrationService/sbt_application_plane_sbt_aws_provisionSuccessRule (controlplanesbttenantRegistrationServicesbtapplicationplanesbtawsprovisionSuccessRuleC59BB782) 
controlplane-stack | 107 | 2:45:31 PM | DELETE_COMPLETE      | AWS::SQS::QueuePolicy                 | EventDLQ/EventBridgeDLQ/Policy (EventDLQEventBridgeDLQPolicyF05FBC1E) 
controlplane-stack | 108 | 2:45:31 PM | DELETE_COMPLETE      | AWS::Events::Rule                     | controlplane-sbt/tenantRegistrationService/sbt_application_plane_sbt_aws_deprovisionFailureRule (controlplanesbttenantRegistrationServicesbtapplicationplanesbtawsdeprovisionFailureRuleF80AB971) 
controlplane-stack | 109 | 2:45:31 PM | DELETE_COMPLETE      | AWS::Events::Rule                     | controlplane-sbt/tenantRegistrationService/sbt_application_plane_sbt_aws_deprovisionSuccessRule (controlplanesbttenantRegistrationServicesbtapplicationplanesbtawsdeprovisionSuccessRule989DBB0B) 
controlplane-stack | 109 | 2:45:31 PM | DELETE_IN_PROGRESS   | AWS::SQS::Queue                       | EventDLQ/EventBridgeDLQ (EventDLQEventBridgeDLQB569972F) 
controlplane-stack | 109 | 2:45:31 PM | DELETE_IN_PROGRESS   | AWS::IAM::Role                        | controlplane-sbt/tenantRegistrationService/destination/EventsRole (controlplanesbttenantRegistrationServicedestinationEventsRoleD5C49E6D) 
controlplane-stack | 109 | 2:45:31 PM | DELETE_IN_PROGRESS   | AWS::Events::ApiDestination           | controlplane-sbt/tenantRegistrationService/destination/ApiDestination (controlplanesbttenantRegistrationServicedestinationApiDestination2698A127) 
controlplane-stack | 110 | 2:45:32 PM | DELETE_COMPLETE      | AWS::Events::ApiDestination           | controlplane-sbt/tenantRegistrationService/destination/ApiDestination (controlplanesbttenantRegistrationServicedestinationApiDestination2698A127) 
controlplane-stack | 110 | 2:45:33 PM | DELETE_IN_PROGRESS   | AWS::Events::Connection               | controlplane-sbt/tenantRegistrationService/connection/Connection (controlplanesbttenantRegistrationServiceconnectionConnection4EF316F0) 
controlplane-stack | 110 | 2:45:33 PM | DELETE_IN_PROGRESS   | AWS::ApiGatewayV2::Api                | controlplane-sbt/controlPlaneApi/controlPlaneAPI (controlplanesbtcontrolPlaneApicontrolPlaneAPI0727026B) 
controlplane-stack | 111 | 2:45:33 PM | DELETE_COMPLETE      | AWS::Events::Rule                     | TenantSeeder/ProvisioningSuccessRule (TenantSeederProvisioningSuccessRule91F9F8D7) 
controlplane-stack | 111 | 2:45:33 PM | DELETE_IN_PROGRESS   | AWS::Lambda::Function                 | TenantSeeder/TenantSeederFn (TenantSeederTenantSeederFn904D4201) 
controlplane-stack | 111 | 2:45:34 PM | DELETE_IN_PROGRESS   | AWS::Events::EventBus                 | controlplane-sbt/EventManager/SbtEventBus (controlplanesbtEventManagerSbtEventBus84ECD1F3) 
controlplane-stack | 112 | 2:45:34 PM | DELETE_COMPLETE      | AWS::ApiGatewayV2::Api                | controlplane-sbt/controlPlaneApi/controlPlaneAPI (controlplanesbtcontrolPlaneApicontrolPlaneAPI0727026B) 
controlplane-stack | 112 | 2:45:34 PM | DELETE_FAILED        | AWS::Events::EventBus                 | controlplane-sbt/EventManager/SbtEventBus (controlplanesbtEventManagerSbtEventBus84ECD1F3) Resource handler returned message: "EventBus can't be deleted since it has rules. (Service: EventBridge, Status Code: 400, Request ID: e92371eb-26b3-4f4b-897d-e3515588d91d) (SDK Attempt Count: 1)" (RequestToken: 5f61e6c2-2125-3730-9ac5-97214e4a2728, HandlerErrorCode: GeneralServiceException)
controlplane-stack | 113 | 2:45:37 PM | DELETE_COMPLETE      | AWS::Lambda::Function                 | TenantSeeder/TenantSeederFn (TenantSeederTenantSeederFn904D4201) 
controlplane-stack | 113 | 2:45:37 PM | DELETE_IN_PROGRESS   | AWS::IAM::Policy                      | TenantSeeder/TenantSeederFn/ServiceRole/DefaultPolicy (TenantSeederTenantSeederFnServiceRoleDefaultPolicy9AEADC2B) 
controlplane-stack | 114 | 2:45:38 PM | DELETE_COMPLETE      | AWS::IAM::Policy                      | TenantSeeder/TenantSeederFn/ServiceRole/DefaultPolicy (TenantSeederTenantSeederFnServiceRoleDefaultPolicy9AEADC2B) 
controlplane-stack | 114 | 2:45:38 PM | DELETE_IN_PROGRESS   | AWS::IAM::Role                        | TenantSeeder/TenantSeederFn/ServiceRole (TenantSeederTenantSeederFnServiceRoleE520F839) 
controlplane-stack | 115 | 2:45:42 PM | DELETE_COMPLETE      | AWS::IAM::Role                        | controlplane-sbt/tenantRegistrationService/destination/EventsRole (controlplanesbttenantRegistrationServicedestinationEventsRoleD5C49E6D) 
controlplane-stack | 116 | 2:45:49 PM | DELETE_COMPLETE      | AWS::Events::Connection               | controlplane-sbt/tenantRegistrationService/connection/Connection (controlplanesbttenantRegistrationServiceconnectionConnection4EF316F0) 
controlplane-stack | 116 | 2:45:49 PM | DELETE_IN_PROGRESS   | AWS::Cognito::UserPoolDomain          | CognitoAuth/UserPoolDomain (CognitoAuthUserPoolDomain01556BC6) 
controlplane-stack | 116 | 2:45:49 PM | DELETE_IN_PROGRESS   | Custom::DescribeCognitoUserPoolClient | CognitoAuth/UserPoolMachineClient/DescribeCognitoUserPoolClient/Resource/Default (CognitoAuthUserPoolMachineClientDescribeCognitoUserPoolClientA2620E4D) 
controlplane-stack | 117 | 2:45:50 PM | DELETE_COMPLETE      | AWS::IAM::Role                        | TenantSeeder/TenantSeederFn/ServiceRole (TenantSeederTenantSeederFnServiceRoleE520F839) 
controlplane-stack | 118 | 2:45:52 PM | DELETE_COMPLETE      | Custom::DescribeCognitoUserPoolClient | CognitoAuth/UserPoolMachineClient/DescribeCognitoUserPoolClient/Resource/Default (CognitoAuthUserPoolMachineClientDescribeCognitoUserPoolClientA2620E4D) 
controlplane-stack | 118 | 2:45:52 PM | DELETE_IN_PROGRESS   | AWS::IAM::Policy                      | CognitoAuth/UserPoolMachineClient/DescribeCognitoUserPoolClient/CustomResourcePolicy (CognitoAuthUserPoolMachineClientDescribeCognitoUserPoolClientCustomResourcePolicy1DCE2451) 
controlplane-stack | 118 | 2:45:52 PM | DELETE_IN_PROGRESS   | AWS::Cognito::UserPoolClient          | CognitoAuth/UserPoolMachineClient (CognitoAuthUserPoolMachineClient3F49DBCF) 
controlplane-stack | 118 | 2:45:52 PM | DELETE_IN_PROGRESS   | AWS::Lambda::Function                 | AWS679f53fac002430cb0da5b7982bd2287 (AWS679f53fac002430cb0da5b7982bd22872D164C4C) 
controlplane-stack | 119 | 2:45:53 PM | DELETE_COMPLETE      | AWS::IAM::Policy                      | CognitoAuth/UserPoolMachineClient/DescribeCognitoUserPoolClient/CustomResourcePolicy (CognitoAuthUserPoolMachineClientDescribeCognitoUserPoolClientCustomResourcePolicy1DCE2451) 
controlplane-stack | 120 | 2:45:53 PM | DELETE_COMPLETE      | AWS::Cognito::UserPoolClient          | CognitoAuth/UserPoolMachineClient (CognitoAuthUserPoolMachineClient3F49DBCF) 
controlplane-stack | 120 | 2:45:53 PM | DELETE_IN_PROGRESS   | AWS::Cognito::UserPoolResourceServer  | CognitoAuth/UserPool/TenantResourceServer (CognitoAuthUserPoolTenantResourceServerBD937B49) 
controlplane-stack | 121 | 2:45:54 PM | DELETE_COMPLETE      | AWS::Cognito::UserPoolResourceServer  | CognitoAuth/UserPool/TenantResourceServer (CognitoAuthUserPoolTenantResourceServerBD937B49) 
controlplane-stack | 122 | 2:45:56 PM | DELETE_COMPLETE      | AWS::Lambda::Function                 | AWS679f53fac002430cb0da5b7982bd2287 (AWS679f53fac002430cb0da5b7982bd22872D164C4C) 
controlplane-stack | 122 | 2:45:56 PM | DELETE_IN_PROGRESS   | AWS::IAM::Role                        | AWS679f53fac002430cb0da5b7982bd2287/ServiceRole (AWS679f53fac002430cb0da5b7982bd2287ServiceRoleC1EA0FF2) 
controlplane-stack | 123 | 2:46:10 PM | DELETE_COMPLETE      | AWS::IAM::Role                        | AWS679f53fac002430cb0da5b7982bd2287/ServiceRole (AWS679f53fac002430cb0da5b7982bd2287ServiceRoleC1EA0FF2) 
controlplane-stack | 124 | 2:46:10 PM | DELETE_COMPLETE      | AWS::Cognito::UserPoolDomain          | CognitoAuth/UserPoolDomain (CognitoAuthUserPoolDomain01556BC6) 
controlplane-stack | 124 | 2:46:11 PM | DELETE_SKIPPED       | AWS::Cognito::UserPool                | CognitoAuth/UserPool (CognitoAuthUserPool9F7F9231) 
controlplane-stack | 125 | 2:46:32 PM | DELETE_COMPLETE      | AWS::SQS::Queue                       | EventDLQ/EventBridgeDLQ (EventDLQEventBridgeDLQB569972F) 
controlplane-stack | 125 | 2:46:33 PM | DELETE_IN_PROGRESS   | AWS::SQS::Queue                       | EventDLQ/EventBridgeFinalDLQ (EventDLQEventBridgeFinalDLQ5645FF74) 
controlplane-stack | 126 | 2:47:34 PM | DELETE_COMPLETE      | AWS::SQS::Queue                       | EventDLQ/EventBridgeFinalDLQ (EventDLQEventBridgeFinalDLQ5645FF74) 
controlplane-stack | 126 | 2:47:34 PM | DELETE_FAILED        | AWS::CloudFormation::Stack            | controlplane-stack The following resource(s) failed to delete: [controlplanesbtEventManagerSbtEventBus84ECD1F3]. 

Failed resources:
controlplane-stack | 2:45:34 PM | DELETE_FAILED        | AWS::Events::EventBus                 | controlplane-sbt/EventManager/SbtEventBus (controlplanesbtEventManagerSbtEventBus84ECD1F3) Resource handler returned message: "EventBus can't be deleted since it has rules. (Service: EventBridge, Status Code: 400, Request ID: e92371eb-26b3-4f4b-897d-e3515588d91d) (SDK Attempt Count: 1)" (RequestToken: 5f61e6c2-2125-3730-9ac5-97214e4a2728, HandlerErrorCode: GeneralServiceException)

 ❌  controlplane-stack: destroy failed DeploymentError: The stack named controlplane-stack is in a failed state. You may need to delete it from the AWS console : DELETE_FAILED (The following resource(s) failed to delete: [controlplanesbtEventManagerSbtEventBus84ECD1F3]. ): Resource handler returned message: "EventBus can't be deleted since it has rules. (Service: EventBridge, Status Code: 400, Request ID: e92371eb-26b3-4f4b-897d-e3515588d91d) (SDK Attempt Count: 1)" (RequestToken: 5f61e6c2-2125-3730-9ac5-97214e4a2728, HandlerErrorCode: GeneralServiceException)
    at destroyStack (/Users/shoaibrain/.nvm/versions/node/v20.19.2/lib/node_modules/aws-cdk/lib/index.js:142541:11)
    at process.processTicksAndRejections (node:internal/process/task_queues:95:5)
    at async destroyStack (/Users/shoaibrain/.nvm/versions/node/v20.19.2/lib/node_modules/aws-cdk/lib/index.js:323762:13)
    at async /Users/shoaibrain/.nvm/versions/node/v20.19.2/lib/node_modules/aws-cdk/lib/index.js:307935:11 {
  type: 'deployment',
  source: 'user',
  cause: undefined,
  deploymentErrorCode: 'EventsEventBus:GeneralServiceException'
}
The stack named controlplane-stack is in a failed state. You may need to delete it from the AWS console : DELETE_FAILED (The following resource(s) failed to delete: [controlplanesbtEventManagerSbtEventBus84ECD1F3]. ): Resource handler returned message: "EventBus can't be deleted since it has rules. (Service: EventBridge, Status Code: 400, Request ID: e92371eb-26b3-4f4b-897d-e3515588d91d) (SDK Attempt Count: 1)" (RequestToken: 5f61e6c2-2125-3730-9ac5-97214e4a2728, HandlerErrorCode: GeneralServiceException)
Sun May  3 14:47:37 CDT 2026 stack destroy failed, continuing...
Sun May  3 14:47:37 CDT 2026 cleaning up user pools...
Sun May  3 14:47:38 CDT 2026 no SaaSControlPlaneUserPool found
Sun May  3 14:47:38 CDT 2026 removing buckets...
Sun May  3 14:47:38 CDT 2026 removing s3 bucket with name s3://controlplane-stack-adminwebuiadminwebuicodepipelin-ibfzdtmoml4d...
Deleting object versions for bucket controlplane-stack-adminwebuiadminwebuicodepipelin-ibfzdtmoml4d...
Deleting delete markers for bucket controlplane-stack-adminwebuiadminwebuicodepipelin-ibfzdtmoml4d...
remove_bucket: controlplane-stack-adminwebuiadminwebuicodepipelin-ibfzdtmoml4d
Sun May  3 14:47:42 CDT 2026 removing s3 bucket with name s3://saas-reference-architecture-ecs-715860911762-us-east-2...
Deleting object versions for bucket saas-reference-architecture-ecs-715860911762-us-east-2...
Deleting delete markers for bucket saas-reference-architecture-ecs-715860911762-us-east-2...
remove_bucket: saas-reference-architecture-ecs-715860911762-us-east-2
Sun May  3 14:47:46 CDT 2026 running CloudFront cleanup...
Sun May  3 14:47:48 CDT 2026 cleaning up remaining CloudFront distributions...
Sun May  3 14:47:48 CDT 2026 Account ID: 715860911762
Sun May  3 14:47:49 CDT 2026 Found distributions: E2SDY6J4UJVXR4
Sun May  3 14:47:49 CDT 2026 Checking distribution E2SDY6J4UJVXR4 for tags...
Sun May  3 14:47:49 CDT 2026 Distribution E2SDY6J4UJVXR4 tags: [
    {
        "Key": "SaaSFactory",
        "Value": "ECS-SaaS-Ref"
    }
]
Sun May  3 14:47:50 CDT 2026 Distribution E2SDY6J4UJVXR4 has matching tag:        1
Sun May  3 14:47:50 CDT 2026 Added E2SDY6J4UJVXR4 to cleanup list
Sun May  3 14:47:50 CDT 2026 Final distributions to cleanup:  E2SDY6J4UJVXR4
Sun May  3 14:47:50 CDT 2026 ========== Processing CloudFront distribution E2SDY6J4UJVXR4 ==========
Sun May  3 14:47:51 CDT 2026 Distribution E2SDY6J4UJVXR4 - Enabled: true, Status: Deployed
Sun May  3 14:47:51 CDT 2026 disabling CloudFront distribution E2SDY6J4UJVXR4...
Sun May  3 14:47:52 CDT 2026 Current ETag: E23ZP02F085DFQ
Sun May  3 14:47:55 CDT 2026 successfully disabled distribution E2SDY6J4UJVXR4, waiting for deployment...
Sun May  3 14:51:58 CDT 2026 distribution E2SDY6J4UJVXR4 deployment completed
Sun May  3 14:52:00 CDT 2026 Final check - distribution E2SDY6J4UJVXR4 enabled: False, status: Deployed
Sun May  3 14:52:00 CDT 2026 Final ETag for deletion: ETVPDKIKX0DER
Sun May  3 14:52:01 CDT 2026 deleting CloudFront distribution E2SDY6J4UJVXR4...
Sun May  3 14:52:01 CDT 2026 successfully deleted distribution E2SDY6J4UJVXR4
Sun May  3 14:52:01 CDT 2026 CloudFront cleanup completed
Sun May  3 14:52:01 CDT 2026 running Cognito User Pool cleanup...
Sun May  3 14:52:03 CDT 2026 cleaning up Cognito User Pools with SaaSFactory tag...
Sun May  3 14:52:04 CDT 2026 Found user pools: us-east-2_CjGEBNa9X	us-east-2_rVy7dkuq8	us-east-2_rWsNvar5x
Sun May  3 14:52:04 CDT 2026 Checking user pool us-east-2_CjGEBNa9X for tags...
Sun May  3 14:52:06 CDT 2026 User pool us-east-2_CjGEBNa9X SaaSFactory tag: ECS-SaaS-Ref
Sun May  3 14:52:06 CDT 2026 Added us-east-2_CjGEBNa9X to cleanup list
Sun May  3 14:52:06 CDT 2026 Checking user pool us-east-2_rVy7dkuq8 for tags...
Sun May  3 14:52:08 CDT 2026 User pool us-east-2_rVy7dkuq8 SaaSFactory tag: None
Sun May  3 14:52:08 CDT 2026 Checking user pool us-east-2_rWsNvar5x for tags...
Sun May  3 14:52:10 CDT 2026 User pool us-east-2_rWsNvar5x SaaSFactory tag: ECS-SaaS-Ref
Sun May  3 14:52:10 CDT 2026 Added us-east-2_rWsNvar5x to cleanup list
Sun May  3 14:52:10 CDT 2026 User pools to cleanup:  us-east-2_CjGEBNa9X us-east-2_rWsNvar5x
Sun May  3 14:52:10 CDT 2026 Deleting user pool us-east-2_CjGEBNa9X...
Sun May  3 14:52:11 CDT 2026 Deleting pool domain edforge-uat...
Sun May  3 14:52:13 CDT 2026 Successfully deleted user pool us-east-2_CjGEBNa9X
Sun May  3 14:52:13 CDT 2026 Deleting user pool us-east-2_rWsNvar5x...
Sun May  3 14:52:15 CDT 2026 Successfully deleted user pool us-east-2_rWsNvar5x
Sun May  3 14:52:15 CDT 2026 Cognito User Pool cleanup completed
Sun May  3 14:52:15 CDT 2026 cleaning up SSM parameters...
Sun May  3 14:52:15 CDT 2026 deleting SSM parameter: apiKeyBasicTierKeyId
Sun May  3 14:52:16 CDT 2026 deleting SSM parameter: apiKeyBasicTierValue
Sun May  3 14:52:17 CDT 2026 deleting SSM parameter: apiKeyAdvancedTierKeyId
Sun May  3 14:52:18 CDT 2026 deleting SSM parameter: apiKeyAdvancedTierValue
Sun May  3 14:52:18 CDT 2026 deleting SSM parameter: apiKeyPremiumTierKeyId
Sun May  3 14:52:19 CDT 2026 deleting SSM parameter: apiKeyPremiumTierValue
Sun May  3 14:52:20 CDT 2026 cleaning up CloudWatch log groups...
Sun May  3 14:52:21 CDT 2026 deleting log group: tenant-template-stack-basic-academicsEcsServicesacademicsserviceLogGroup7E8B03D7-8fY1MGvMTrEt
Sun May  3 14:52:22 CDT 2026 deleting log group: tenant-template-stack-basic-academicsTaskDefacademicscontainerLogGroup7AACD3D6-Xnrb9tiLvc3X
Sun May  3 14:52:22 CDT 2026 deleting log group: tenant-template-stack-basic-financeEcsServicesfinanceserviceLogGroupB88C6579-sf5zEnG5eVFV
Sun May  3 14:52:23 CDT 2026 deleting log group: tenant-template-stack-basic-financeTaskDeffinancecontainerLogGroup46A7EDF7-5Dlt3tE6gRar
Sun May  3 14:52:24 CDT 2026 deleting log group: tenant-template-stack-basic-identityEcsServicesIdentityLogGroup6BCAA5D6-AAfPQFvAbKxV
Sun May  3 14:52:25 CDT 2026 deleting log group: tenant-template-stack-basic-identityEcsServicesidentityserviceLogGroupAADD4DC2-8hIvN9hkfokS
Sun May  3 14:52:26 CDT 2026 deleting log group: tenant-template-stack-basic-identityTaskDefidentitycontainerLogGroup2EAE7319-W9K4m6qPmunw
Sun May  3 14:52:27 CDT 2026 deleting log group: tenant-template-stack-basic-rproxyEcsServicesrproxyserviceLogGroup94C7284F-HFgG4jG9xRal
Sun May  3 14:52:28 CDT 2026 deleting log group: tenant-template-stack-basic-rproxyTaskDefrproxycontainerLogGroup46CEFAD7-mRhEJmIWIn9I
Sun May  3 14:52:30 CDT 2026 deleting log group: /aws/codebuild/provisioningScriptJobcodebu-MOeW3CHkzJRQ
Sun May  3 14:52:32 CDT 2026 deleting log group: /aws/codebuild/deprovisioningScriptJobcode-K0LJbSClS0yC
Sun May  3 14:52:33 CDT 2026 deleting log group: /aws/codebuild/AdminWebUiAdminWebUiReactBu-qTeWk86k9CzL
Sun May  3 14:52:35 CDT 2026 deleting log group: /aws/lambda/controlplane-stack-AWS679f53fac002430cb0da5b7982bd-66lxy22LMikL
Sun May  3 14:52:36 CDT 2026 deleting log group: /aws/lambda/controlplane-stack-CognitoAuthcreateAdminUserFunct-8sfB1deZ1iby
Sun May  3 14:52:36 CDT 2026 deleting log group: /aws/lambda/controlplane-stack-CustomCDKBucketDeployment8693BB-GO2HVoKQKIyI
Sun May  3 14:52:37 CDT 2026 deleting log group: /aws/lambda/controlplane-stack-CustomS3AutoDeleteObjectsCustom-YezWFsmsNUdp
Sun May  3 14:52:38 CDT 2026 deleting log group: /aws/lambda/controlplane-stack-LogRetentionaae0aa3c5b4d4f87b02-c762UenIe7ht
Sun May  3 14:52:39 CDT 2026 deleting log group: /aws/lambda/controlplane-stack-TenantSeederTenantSeederFn904D4-p62jMBQBLpSt
Sun May  3 14:52:40 CDT 2026 deleting log group: /aws/lambda/controlplane-stack-controlplanesbttenantManagement-VKPr3G0IbVie
Sun May  3 14:52:40 CDT 2026 deleting log group: /aws/lambda/controlplane-stack-controlplanesbttenantRegistrati-WJQNE5PyFqqE
Sun May  3 14:52:42 CDT 2026 deleting log group: /aws/lambda/shared-infra-stack-ApiGatewayAuthorizerFunction287-mK9L1xEbCreK
Sun May  3 14:52:43 CDT 2026 deleting log group: /aws/lambda/shared-infra-stack-CustomS3AutoDeleteObjectsCustom-lVJUZJwxw199
Sun May  3 14:52:44 CDT 2026 deleting log group: /aws/lambda/shared-infra-stack-CustomVpcRestrictDefaultSGCusto-5D3h0SvRcNr0
Sun May  3 14:52:45 CDT 2026 deleting log group: shared-infra-stack-ApiGatewayPrdLogsBF352675-DMMP382dxvZh
Sun May  3 14:52:47 CDT 2026 deleting log group: shared-infra-stack-sbtecsvpcsbtecsvpcFlowLogLogGroup5EBE13A6-jyBNRnvmOfiA
Sun May  3 14:52:48 CDT 2026 cleaning up all EdForge Cognito User Pools...
Sun May  3 14:52:50 CDT 2026 deleting Cognito pool: us-east-2_rVy7dkuq8 (CognitoAuthUserPool9F7F9231-xkLdFW8pBRqX)
Sun May  3 14:52:51 CDT 2026 deleting EdForge DynamoDB tables (explicit pass)...
Sun May  3 14:52:53 CDT 2026 deleting DynamoDB table: edforge-academics-basic (status: ACTIVE)
Sun May  3 14:52:53 CDT 2026 failed to delete table edforge-academics-basic
Sun May  3 14:52:54 CDT 2026 deleting DynamoDB table: edforge-analytics (status: ACTIVE)
{
    "TableDescription": {
        "TableName": "edforge-analytics",
        "TableStatus": "DELETING",
        "ProvisionedThroughput": {
            "NumberOfDecreasesToday": 0,
            "ReadCapacityUnits": 0,
            "WriteCapacityUnits": 0
        },
        "TableSizeBytes": 0,
        "ItemCount": 0,
        "TableArn": "arn:aws:dynamodb:us-east-2:715860911762:table/edforge-analytics",
        "TableId": "e9e20c80-8aad-4bbc-a861-a4107d37510e",
        "BillingModeSummary": {
            "BillingMode": "PAY_PER_REQUEST",
            "LastUpdateToPayPerRequestDateTime": "2026-04-14T21:24:14.817000-05:00"
        },
        "SSEDescription": {
            "Status": "ENABLED",
            "SSEType": "KMS",
            "KMSMasterKeyArn": "arn:aws:kms:us-east-2:715860911762:key/e14a0147-8679-475f-b1cb-5249f5fab3d5"
        },
        "DeletionProtectionEnabled": false
    }
}
Sun May  3 14:52:55 CDT 2026 deleting DynamoDB table: edforge-analytics-landing (status: ACTIVE)
{
    "TableDescription": {
        "TableName": "edforge-analytics-landing",
        "TableStatus": "DELETING",
        "ProvisionedThroughput": {
            "NumberOfDecreasesToday": 0,
            "ReadCapacityUnits": 0,
            "WriteCapacityUnits": 0
        },
        "TableSizeBytes": 0,
        "ItemCount": 0,
        "TableArn": "arn:aws:dynamodb:us-east-2:715860911762:table/edforge-analytics-landing",
        "TableId": "7b907f41-1b7c-42b2-8141-f55e53100ec9",
        "BillingModeSummary": {
            "BillingMode": "PAY_PER_REQUEST",
            "LastUpdateToPayPerRequestDateTime": "2026-04-14T21:24:14.629000-05:00"
        },
        "SSEDescription": {
            "Status": "ENABLED",
            "SSEType": "KMS",
            "KMSMasterKeyArn": "arn:aws:kms:us-east-2:715860911762:key/e14a0147-8679-475f-b1cb-5249f5fab3d5"
        },
        "DeletionProtectionEnabled": false
    }
}
Sun May  3 14:52:57 CDT 2026 deleting DynamoDB table: edforge-finance-basic (status: ACTIVE)
Sun May  3 14:52:58 CDT 2026 failed to delete table edforge-finance-basic
Sun May  3 14:52:58 CDT 2026 deleting DynamoDB table: edforge-identity-basic (status: ACTIVE)
Sun May  3 14:52:59 CDT 2026 failed to delete table edforge-identity-basic
Sun May  3 14:53:00 CDT 2026 deleting DynamoDB table: edforge-user-session-events (status: ACTIVE)
{
    "TableDescription": {
        "TableName": "edforge-user-session-events",
        "TableStatus": "DELETING",
        "ProvisionedThroughput": {
            "NumberOfDecreasesToday": 0,
            "ReadCapacityUnits": 0,
            "WriteCapacityUnits": 0
        },
        "TableSizeBytes": 0,
        "ItemCount": 0,
        "TableArn": "arn:aws:dynamodb:us-east-2:715860911762:table/edforge-user-session-events",
        "TableId": "7bc81327-8098-4837-9279-63d6f96dde07",
        "BillingModeSummary": {
            "BillingMode": "PAY_PER_REQUEST",
            "LastUpdateToPayPerRequestDateTime": "2026-04-14T21:24:14.476000-05:00"
        },
        "SSEDescription": {
            "Status": "ENABLED",
            "SSEType": "KMS",
            "KMSMasterKeyArn": "arn:aws:kms:us-east-2:715860911762:key/e14a0147-8679-475f-b1cb-5249f5fab3d5"
        },
        "DeletionProtectionEnabled": false
    }
}
Sun May  3 14:53:01 CDT 2026 deleting DynamoDB table: shared-infra-stack-TenantMappingTable8521321C-1G038YY0X2K2C (status: ACTIVE)
{
    "TableDescription": {
        "TableName": "shared-infra-stack-TenantMappingTable8521321C-1G038YY0X2K2C",
        "TableStatus": "DELETING",
        "ProvisionedThroughput": {
            "NumberOfDecreasesToday": 0,
            "ReadCapacityUnits": 5,
            "WriteCapacityUnits": 5
        },
        "TableSizeBytes": 0,
        "ItemCount": 0,
        "TableArn": "arn:aws:dynamodb:us-east-2:715860911762:table/shared-infra-stack-TenantMappingTable8521321C-1G038YY0X2K2C",
        "TableId": "3ea043bd-80b2-429a-a611-bf0c09b4f595",
        "DeletionProtectionEnabled": false
    }
}
Repository [identity] checking...
Repository [715860911762.dkr.ecr.us-east-2.amazonaws.com/identity] is deleting...
{
    "repository": {
        "repositoryArn": "arn:aws:ecr:us-east-2:715860911762:repository/identity",
        "registryId": "715860911762",
        "repositoryName": "identity",
        "repositoryUri": "715860911762.dkr.ecr.us-east-2.amazonaws.com/identity",
        "createdAt": "2026-03-31T08:10:55.034000-05:00",
        "imageTagMutability": "MUTABLE"
    }
}
Repository [academics] checking...
Repository [715860911762.dkr.ecr.us-east-2.amazonaws.com/academics] is deleting...
{
    "repository": {
        "repositoryArn": "arn:aws:ecr:us-east-2:715860911762:repository/academics",
        "registryId": "715860911762",
        "repositoryName": "academics",
        "repositoryUri": "715860911762.dkr.ecr.us-east-2.amazonaws.com/academics",
        "createdAt": "2026-03-31T08:11:05.921000-05:00",
        "imageTagMutability": "MUTABLE"
    }
}
Repository [finance] checking...
Repository [715860911762.dkr.ecr.us-east-2.amazonaws.com/finance] is deleting...
{
    "repository": {
        "repositoryArn": "arn:aws:ecr:us-east-2:715860911762:repository/finance",
        "registryId": "715860911762",
        "repositoryName": "finance",
        "repositoryUri": "715860911762.dkr.ecr.us-east-2.amazonaws.com/finance",
        "createdAt": "2026-03-31T08:11:19.766000-05:00",
        "imageTagMutability": "MUTABLE"
    }
}
Repository [rproxy] checking...
Repository [715860911762.dkr.ecr.us-east-2.amazonaws.com/rproxy] is deleting...
{
    "repository": {
        "repositoryArn": "arn:aws:ecr:us-east-2:715860911762:repository/rproxy",
        "registryId": "715860911762",
        "repositoryName": "rproxy",
        "repositoryUri": "715860911762.dkr.ecr.us-east-2.amazonaws.com/rproxy",
        "createdAt": "2026-03-31T08:11:30.763000-05:00",
        "imageTagMutability": "MUTABLE"
    }
}
Sun May  3 14:53:08 CDT 2026 cleanup completed!
