Generated Premium API Key: ed87fa9a-44dd-4774-a8af-3d535630eb7a-sbt
Generated Advanced API Key: 38eeaee8-7f17-418a-a46d-e9247a7c9535-sbt
Generated Basic API Key: b4acb581-d6af-4b65-8b9a-f6473e6d5556-sbt
Bucket saas-reference-architecture-ecs-346698404105-us-east-1 does not exist. Creating a new bucket in us-east-1 region in 346698404105
{
    "Location": "/saas-reference-architecture-ecs-346698404105-us-east-1",
    "BucketArn": "arn:aws:s3:::saas-reference-architecture-ecs-346698404105-us-east-1"
}
Bucket saas-reference-architecture-ecs-346698404105-us-east-1 created with versioning enabled.
Bucket exists: saas-reference-architecture-ecs-346698404105-us-east-1
Current directory: /Users/shoaibrain/edforge
Starting TAR creation with explicit file specification...
Timestamp: Fri Jan  2 15:13:35 CST 2026
TAR creation completed at: Fri Jan  2 15:13:35 CST 2026
Final TAR file size:
-rw-r--r--@ 1 shoaibrain  staff   116K Jan  2 15:13 source.tar.gz
Uploading to S3...
Pja4vQYTFVNAM5ljCNr1S4kmRiYLiWBu
CDK_PARAM_COMMIT_ID exists: Pja4vQYTFVNAM5ljCNr1S4kmRiYLiWBu
ECS Service linked role exists: arn:aws:iam::346698404105:role/aws-service-role/ecs.amazonaws.com/AWSServiceRoleForECS
Created .env file from .env.example
NextJS App URL: https://edforge.net

up to date, audited 268 packages in 873ms

30 packages are looking for funding
  run `npm fund` for details

3 vulnerabilities (1 low, 2 moderate)

To address issues that do not require attention, run:
  npm audit fix

To address all issues (including breaking changes), run:
  npm audit fix --force

Run `npm audit` for details.
CDK NAG:  false
 ⏳  Bootstrapping environment aws://346698404105/us-east-1...
Trusted accounts for deployment: (none)
Trusted accounts for lookup: (none)
Using default execution policy of 'arn:aws:iam::aws:policy/AdministratorAccess'. Pass '--cloudformation-execution-policies' to customize.
 ✅  Environment aws://346698404105/us-east-1 bootstrapped (no changes).

NOTICES         (What's this? https://github.com/aws/aws-cdk/wiki/CLI-Notices)

34892	CDK CLI will collect telemetry data on command usage starting at version 2.1100.0 (unless opted out)

	Overview: We do not collect customer content and we anonymize the
	          telemetry we do collect. See the attached issue for more
	          information on what data is collected, why, and how to
	          opt-out. Telemetry will NOT be collected for any CDK CLI
	          version prior to version 2.1100.0 - regardless of
	          opt-in/out. You can also preview the telemetry we will start
	          collecting by logging it to a local file, by adding
	          `--unstable=telemetry --telemetry-file=my/local/file` to any
	          `cdk` command.

	Affected versions: cli: >=2.0.0 <2.1100.0

	More information at: https://github.com/aws/aws-cdk/issues/34892


If you don’t want to see a notice anymore, use "cdk acknowledge <id>". For example, "cdk acknowledge 34892".
Detected macOS - skipping ARM64 emulation setup
CDK NAG:  false
#0 building with "desktop-linux" instance using docker driver

#1 [internal] load build definition from Dockerfile
#1 transferring dockerfile: 1.56kB done
#1 DONE 0.0s

#2 [internal] load metadata for public.ecr.aws/sam/build-python3.10:latest
#2 DONE 0.8s

#3 [internal] load .dockerignore
#3 transferring context: 2B done
#3 DONE 0.0s

#4 [1/2] FROM public.ecr.aws/sam/build-python3.10:latest@sha256:924399d6dcca33bd31eeebd77e7d4260b627637c41ae2d80a1f8244089db6351
#4 resolve public.ecr.aws/sam/build-python3.10:latest@sha256:924399d6dcca33bd31eeebd77e7d4260b627637c41ae2d80a1f8244089db6351 done
#4 DONE 0.0s

#5 [2/2] RUN     python -m venv /usr/app/venv &&     mkdir /tmp/pip-cache &&     chmod -R 777 /tmp/pip-cache &&     pip install --upgrade pip &&     mkdir /tmp/poetry-cache &&     chmod -R 777 /tmp/poetry-cache &&     pip install pipenv==2022.4.8 poetry==1.5.1 &&     rm -rf /tmp/pip-cache/* /tmp/poetry-cache/*
#5 CACHED

#6 exporting to image
#6 exporting layers done
#6 exporting manifest sha256:1e8560198bf0cb34bd5d2c6601fa715236c9de0d1b8e913f1ac72959196840c0 done
#6 exporting config sha256:ca203dd590638638b8cf746fa85d6d2fa10b614b520549f4b1c2a36f5ba0332e done
#6 exporting attestation manifest sha256:6a17262de92e6ee661b7faff0f85d3382e1ee50225ff8c861cf873c152b2f236 done
#6 exporting manifest list sha256:9ea8b351049bb07f25ba80b9fc692117b53bab6bae2b8220fdfe1c78c77f1d85 done
#6 naming to docker.io/library/cdk-8a223b0016c3e105506e91eb0ac13ab00434cce68418627e6657a08c90b0eb85:latest done
#6 DONE 0.1s

View build details: docker-desktop://dashboard/build/desktop-linux/desktop-linux/qj1e4ke02q9a8khn1e8e4c6g0
#0 building with "desktop-linux" instance using docker driver

#1 [internal] load build definition from Dockerfile
#1 transferring dockerfile: 1.56kB done
#1 DONE 0.0s

#2 [internal] load metadata for public.ecr.aws/sam/build-python3.10:latest
#2 DONE 0.2s

#3 [internal] load .dockerignore
#3 transferring context: 2B done
#3 DONE 0.0s

#4 [1/2] FROM public.ecr.aws/sam/build-python3.10:latest@sha256:924399d6dcca33bd31eeebd77e7d4260b627637c41ae2d80a1f8244089db6351
#4 resolve public.ecr.aws/sam/build-python3.10:latest@sha256:924399d6dcca33bd31eeebd77e7d4260b627637c41ae2d80a1f8244089db6351 done
#4 DONE 0.0s

#5 [2/2] RUN     python -m venv /usr/app/venv &&     mkdir /tmp/pip-cache &&     chmod -R 777 /tmp/pip-cache &&     pip install --upgrade pip &&     mkdir /tmp/poetry-cache &&     chmod -R 777 /tmp/poetry-cache &&     pip install pipenv==2022.4.8 poetry==1.5.1 &&     rm -rf /tmp/pip-cache/* /tmp/poetry-cache/*
#5 CACHED

#6 exporting to image
#6 exporting layers done
#6 exporting manifest sha256:1e8560198bf0cb34bd5d2c6601fa715236c9de0d1b8e913f1ac72959196840c0 done
#6 exporting config sha256:ca203dd590638638b8cf746fa85d6d2fa10b614b520549f4b1c2a36f5ba0332e done
#6 exporting attestation manifest sha256:4e943d9083af6b1de99e1dfe065525c21845a2e1e95925354f35a82364abe522 done
#6 exporting manifest list sha256:8830ffe07aff52b5e6196bd7b1d99d4ee21c7c2a107211c6056c6d7decd7a412 done
#6 naming to docker.io/library/cdk-8a223b0016c3e105506e91eb0ac13ab00434cce68418627e6657a08c90b0eb85:latest done
#6 DONE 0.0s

View build details: docker-desktop://dashboard/build/desktop-linux/desktop-linux/cw14demyirygagro89btkcnkg
#0 building with "desktop-linux" instance using docker driver

#1 [internal] load build definition from Dockerfile
#1 transferring dockerfile: 1.56kB done
#1 DONE 0.0s

#2 [internal] load metadata for public.ecr.aws/sam/build-python3.13:latest
#2 DONE 0.6s

#3 [internal] load .dockerignore
#3 transferring context: 2B done
#3 DONE 0.0s

#4 [1/2] FROM public.ecr.aws/sam/build-python3.13:latest@sha256:52e2d5be85d7d5d6e4482a0729a1cb69125bc877ec41e72d9c01e4e25a0c459b
#4 resolve public.ecr.aws/sam/build-python3.13:latest@sha256:52e2d5be85d7d5d6e4482a0729a1cb69125bc877ec41e72d9c01e4e25a0c459b done
#4 DONE 0.0s

#5 [2/2] RUN     python -m venv /usr/app/venv &&     mkdir /tmp/pip-cache &&     chmod -R 777 /tmp/pip-cache &&     pip install --upgrade pip &&     mkdir /tmp/poetry-cache &&     chmod -R 777 /tmp/poetry-cache &&     pip install pipenv==2022.4.8 poetry==1.5.1 &&     rm -rf /tmp/pip-cache/* /tmp/poetry-cache/*
#5 CACHED

#6 exporting to image
#6 exporting layers done
#6 exporting manifest sha256:5a320aae3dfc335f6dce0c77fe2756e61e29af88be65d5f52eb47eb9b4e982bf done
#6 exporting config sha256:6e8dc71309dd92e5116ec11ef0ba797fd21447cb70d6ebd8b745bc163ca3f56c done
#6 exporting attestation manifest sha256:b28e415d8efba06e7593de62a9601ad8d6f04fba3aa96befa493f008484686b7 done
#6 exporting manifest list sha256:bd5484eeac363bacdb6cbe017e98e2813c65cf5c58d55951d4e195190b71f15e done
#6 naming to docker.io/library/cdk-a4d50976ea2ec2106b5644a9dc6ed1a26cab4108117433687b8bc9a1f8f8822a:latest done
#6 unpacking to docker.io/library/cdk-a4d50976ea2ec2106b5644a9dc6ed1a26cab4108117433687b8bc9a1f8f8822a:latest done
#6 DONE 0.0s

View build details: docker-desktop://dashboard/build/desktop-linux/desktop-linux/gg0gelblhwee3g22smgunyzt2
#0 building with "desktop-linux" instance using docker driver

#1 [internal] load build definition from Dockerfile
#1 transferring dockerfile: 1.56kB done
#1 DONE 0.0s

#2 [internal] load metadata for public.ecr.aws/sam/build-python3.13:latest
#2 DONE 0.2s

#3 [internal] load .dockerignore
#3 transferring context: 2B done
#3 DONE 0.0s

#4 [1/2] FROM public.ecr.aws/sam/build-python3.13:latest@sha256:52e2d5be85d7d5d6e4482a0729a1cb69125bc877ec41e72d9c01e4e25a0c459b
#4 resolve public.ecr.aws/sam/build-python3.13:latest@sha256:52e2d5be85d7d5d6e4482a0729a1cb69125bc877ec41e72d9c01e4e25a0c459b done
#4 DONE 0.0s

#5 [2/2] RUN     python -m venv /usr/app/venv &&     mkdir /tmp/pip-cache &&     chmod -R 777 /tmp/pip-cache &&     pip install --upgrade pip &&     mkdir /tmp/poetry-cache &&     chmod -R 777 /tmp/poetry-cache &&     pip install pipenv==2022.4.8 poetry==1.5.1 &&     rm -rf /tmp/pip-cache/* /tmp/poetry-cache/*
#5 CACHED

#6 exporting to image
#6 exporting layers done
#6 exporting manifest sha256:5a320aae3dfc335f6dce0c77fe2756e61e29af88be65d5f52eb47eb9b4e982bf done
#6 exporting config sha256:6e8dc71309dd92e5116ec11ef0ba797fd21447cb70d6ebd8b745bc163ca3f56c done
#6 exporting attestation manifest sha256:cc4f8c1c180037a5803706ff415acb2bb10adcfdf6c3ed9fce744960051151cb done
#6 exporting manifest list sha256:491446aa89d1a90bf884d814864982803c72deb4d7a750882fd6bc39302c3354 done
#6 naming to docker.io/library/cdk-a4d50976ea2ec2106b5644a9dc6ed1a26cab4108117433687b8bc9a1f8f8822a:latest done
#6 unpacking to docker.io/library/cdk-a4d50976ea2ec2106b5644a9dc6ed1a26cab4108117433687b8bc9a1f8f8822a:latest done
#6 DONE 0.0s

View build details: docker-desktop://dashboard/build/desktop-linux/desktop-linux/wi1dnufpg19bnaaq6aco4cl2q
#0 building with "desktop-linux" instance using docker driver

#1 [internal] load build definition from Dockerfile
#1 transferring dockerfile: 1.56kB done
#1 DONE 0.0s

#2 [internal] load metadata for public.ecr.aws/sam/build-python3.13:latest
#2 DONE 0.1s

#3 [internal] load .dockerignore
#3 transferring context: 2B done
#3 DONE 0.0s

#4 [1/2] FROM public.ecr.aws/sam/build-python3.13:latest@sha256:52e2d5be85d7d5d6e4482a0729a1cb69125bc877ec41e72d9c01e4e25a0c459b
#4 resolve public.ecr.aws/sam/build-python3.13:latest@sha256:52e2d5be85d7d5d6e4482a0729a1cb69125bc877ec41e72d9c01e4e25a0c459b done
#4 DONE 0.0s

#5 [2/2] RUN     python -m venv /usr/app/venv &&     mkdir /tmp/pip-cache &&     chmod -R 777 /tmp/pip-cache &&     pip install --upgrade pip &&     mkdir /tmp/poetry-cache &&     chmod -R 777 /tmp/poetry-cache &&     pip install pipenv==2022.4.8 poetry==1.5.1 &&     rm -rf /tmp/pip-cache/* /tmp/poetry-cache/*
#5 CACHED

#6 exporting to image
#6 exporting layers done
#6 exporting manifest sha256:5a320aae3dfc335f6dce0c77fe2756e61e29af88be65d5f52eb47eb9b4e982bf done
#6 exporting config sha256:6e8dc71309dd92e5116ec11ef0ba797fd21447cb70d6ebd8b745bc163ca3f56c done
#6 exporting attestation manifest sha256:d22a448797807eee7465768bb500242df90ab9445655e0546f0844bf69d275e7 done
#6 exporting manifest list sha256:afb77c3efe8b4e785e6114bf1a4b8d6e99d28cd3c7e9465fac63ce6af35a87ce done
#6 naming to docker.io/library/cdk-a4d50976ea2ec2106b5644a9dc6ed1a26cab4108117433687b8bc9a1f8f8822a:latest done
#6 unpacking to docker.io/library/cdk-a4d50976ea2ec2106b5644a9dc6ed1a26cab4108117433687b8bc9a1f8f8822a:latest done
#6 DONE 0.1s

View build details: docker-desktop://dashboard/build/desktop-linux/desktop-linux/0svxjw7cd4scyqoevwvkby1rs
#0 building with "desktop-linux" instance using docker driver

#1 [internal] load build definition from Dockerfile
#1 transferring dockerfile: 1.56kB done
#1 DONE 0.0s

#2 [internal] load metadata for public.ecr.aws/sam/build-python3.13:latest
#2 DONE 0.1s

#3 [internal] load .dockerignore
#3 transferring context: 2B done
#3 DONE 0.0s

#4 [1/2] FROM public.ecr.aws/sam/build-python3.13:latest@sha256:52e2d5be85d7d5d6e4482a0729a1cb69125bc877ec41e72d9c01e4e25a0c459b
#4 resolve public.ecr.aws/sam/build-python3.13:latest@sha256:52e2d5be85d7d5d6e4482a0729a1cb69125bc877ec41e72d9c01e4e25a0c459b done
#4 DONE 0.0s

#5 [2/2] RUN     python -m venv /usr/app/venv &&     mkdir /tmp/pip-cache &&     chmod -R 777 /tmp/pip-cache &&     pip install --upgrade pip &&     mkdir /tmp/poetry-cache &&     chmod -R 777 /tmp/poetry-cache &&     pip install pipenv==2022.4.8 poetry==1.5.1 &&     rm -rf /tmp/pip-cache/* /tmp/poetry-cache/*
#5 CACHED

#6 exporting to image
#6 exporting layers done
#6 exporting manifest sha256:5a320aae3dfc335f6dce0c77fe2756e61e29af88be65d5f52eb47eb9b4e982bf done
#6 exporting config sha256:6e8dc71309dd92e5116ec11ef0ba797fd21447cb70d6ebd8b745bc163ca3f56c done
#6 exporting attestation manifest sha256:41c09b37f068819228a40e26861d1f887d78c0d2af9a2f6f366906ae44362663 done
#6 exporting manifest list sha256:17c905ae1085dd26d04dcc5d70440b570ab9453c3cf06b1a63ab7d33ac973cc4 done
#6 naming to docker.io/library/cdk-a4d50976ea2ec2106b5644a9dc6ed1a26cab4108117433687b8bc9a1f8f8822a:latest done
#6 unpacking to docker.io/library/cdk-a4d50976ea2ec2106b5644a9dc6ed1a26cab4108117433687b8bc9a1f8f8822a:latest done
#6 DONE 0.0s

View build details: docker-desktop://dashboard/build/desktop-linux/desktop-linux/ddt8kxqi5nouybivuqxd9ojax
#0 building with "desktop-linux" instance using docker driver

#1 [internal] load build definition from Dockerfile
#1 transferring dockerfile: 1.56kB done
#1 DONE 0.0s

#2 [internal] load metadata for public.ecr.aws/sam/build-python3.13:latest
#2 DONE 0.2s

#3 [internal] load .dockerignore
#3 transferring context: 2B done
#3 DONE 0.0s

#4 [1/2] FROM public.ecr.aws/sam/build-python3.13:latest@sha256:52e2d5be85d7d5d6e4482a0729a1cb69125bc877ec41e72d9c01e4e25a0c459b
#4 resolve public.ecr.aws/sam/build-python3.13:latest@sha256:52e2d5be85d7d5d6e4482a0729a1cb69125bc877ec41e72d9c01e4e25a0c459b done
#4 DONE 0.0s

#5 [2/2] RUN     python -m venv /usr/app/venv &&     mkdir /tmp/pip-cache &&     chmod -R 777 /tmp/pip-cache &&     pip install --upgrade pip &&     mkdir /tmp/poetry-cache &&     chmod -R 777 /tmp/poetry-cache &&     pip install pipenv==2022.4.8 poetry==1.5.1 &&     rm -rf /tmp/pip-cache/* /tmp/poetry-cache/*
#5 CACHED

#6 exporting to image
#6 exporting layers done
#6 exporting manifest sha256:5a320aae3dfc335f6dce0c77fe2756e61e29af88be65d5f52eb47eb9b4e982bf done
#6 exporting config sha256:6e8dc71309dd92e5116ec11ef0ba797fd21447cb70d6ebd8b745bc163ca3f56c done
#6 exporting attestation manifest sha256:adca901fcd2b823e2223e6670127f9120c82680a7ec5c61d7c48aefd375c570b done
#6 exporting manifest list sha256:12762266a32d6a6cf966fce6412ff094870c591a80c6e23821111ea89f3fb11c done
#6 naming to docker.io/library/cdk-a4d50976ea2ec2106b5644a9dc6ed1a26cab4108117433687b8bc9a1f8f8822a:latest done
#6 unpacking to docker.io/library/cdk-a4d50976ea2ec2106b5644a9dc6ed1a26cab4108117433687b8bc9a1f8f8822a:latest done
#6 DONE 0.1s

View build details: docker-desktop://dashboard/build/desktop-linux/desktop-linux/nkscd4b7b6m372s8ekj694fn4
#0 building with "desktop-linux" instance using docker driver

#1 [internal] load build definition from Dockerfile
#1 transferring dockerfile: 1.56kB done
#1 DONE 0.0s

#2 [internal] load metadata for public.ecr.aws/sam/build-python3.13:latest
#2 DONE 0.1s

#3 [internal] load .dockerignore
#3 transferring context: 2B done
#3 DONE 0.0s

#4 [1/2] FROM public.ecr.aws/sam/build-python3.13:latest@sha256:52e2d5be85d7d5d6e4482a0729a1cb69125bc877ec41e72d9c01e4e25a0c459b
#4 resolve public.ecr.aws/sam/build-python3.13:latest@sha256:52e2d5be85d7d5d6e4482a0729a1cb69125bc877ec41e72d9c01e4e25a0c459b done
#4 DONE 0.0s

#5 [2/2] RUN     python -m venv /usr/app/venv &&     mkdir /tmp/pip-cache &&     chmod -R 777 /tmp/pip-cache &&     pip install --upgrade pip &&     mkdir /tmp/poetry-cache &&     chmod -R 777 /tmp/poetry-cache &&     pip install pipenv==2022.4.8 poetry==1.5.1 &&     rm -rf /tmp/pip-cache/* /tmp/poetry-cache/*
#5 CACHED

#6 exporting to image
#6 exporting layers done
#6 exporting manifest sha256:5a320aae3dfc335f6dce0c77fe2756e61e29af88be65d5f52eb47eb9b4e982bf done
#6 exporting config sha256:6e8dc71309dd92e5116ec11ef0ba797fd21447cb70d6ebd8b745bc163ca3f56c done
#6 exporting attestation manifest sha256:eae32a94630c65ebd989a0cae10eb835882fcf8f053a3572b7dfcb3017619890 done
#6 exporting manifest list sha256:4a963a86855292d534e76ae441bb241b667691875359e264d73eb840e73f7019 done
#6 naming to docker.io/library/cdk-a4d50976ea2ec2106b5644a9dc6ed1a26cab4108117433687b8bc9a1f8f8822a:latest done
#6 unpacking to docker.io/library/cdk-a4d50976ea2ec2106b5644a9dc6ed1a26cab4108117433687b8bc9a1f8f8822a:latest done
#6 DONE 0.0s

View build details: docker-desktop://dashboard/build/desktop-linux/desktop-linux/nb1w3tv4beywvdiffkklcqe00
[Warning at /tenant-template-stack-basic/Vpc] fromVpcAttributes: 'availabilityZones' is a list token: the imported VPC will not work with constructs that require a list of subnets at synthesis time. Use 'Vpc.fromLookup()' or 'Fn.importListValue' instead. [ack: @aws-cdk/aws-ec2:vpcAttributeIsListTokenavailabilityZones]
[Warning at /tenant-template-stack-basic/Vpc] fromVpcAttributes: 'privateSubnetIds' is a list token: the imported VPC will not work with constructs that require a list of subnets at synthesis time. Use 'Vpc.fromLookup()' or 'Fn.importListValue' instead. [ack: @aws-cdk/aws-ec2:vpcAttributeIsListTokenprivateSubnetIds]
[Warning at /tenant-template-stack-basic/Vpc/PrivateSubnet1] No routeTableId was provided to the subnet at 'tenant-template-stack-basic/Vpc/PrivateSubnet1'. Attempting to read its .routeTable.routeTableId will return null/undefined. (More info: https://github.com/aws/aws-cdk/pull/3171) [ack: @aws-cdk/aws-ec2:noSubnetRouteTableId]
[Warning at /tenant-template-stack-basic/identity-TaskDef/identity-container] Proper policies need to be attached before pulling from ECR repository, or use 'fromEcrRepository'. [ack: @aws-cdk/aws-ecs:ecrImageRequiresPolicy]
[Warning at /tenant-template-stack-basic/academics-TaskDef/academics-container] Proper policies need to be attached before pulling from ECR repository, or use 'fromEcrRepository'. [ack: @aws-cdk/aws-ecs:ecrImageRequiresPolicy]
[Warning at /tenant-template-stack-basic/rproxy-TaskDef/rproxy-container] Proper policies need to be attached before pulling from ECR repository, or use 'fromEcrRepository'. [ack: @aws-cdk/aws-ecs:ecrImageRequiresPolicy]
[Warning at /tenant-template-stack-advanced/Vpc] fromVpcAttributes: 'availabilityZones' is a list token: the imported VPC will not work with constructs that require a list of subnets at synthesis time. Use 'Vpc.fromLookup()' or 'Fn.importListValue' instead. [ack: @aws-cdk/aws-ec2:vpcAttributeIsListTokenavailabilityZones]
[Warning at /tenant-template-stack-advanced/Vpc] fromVpcAttributes: 'privateSubnetIds' is a list token: the imported VPC will not work with constructs that require a list of subnets at synthesis time. Use 'Vpc.fromLookup()' or 'Fn.importListValue' instead. [ack: @aws-cdk/aws-ec2:vpcAttributeIsListTokenprivateSubnetIds]
[Warning at /tenant-template-stack-advanced/Vpc/PrivateSubnet1] No routeTableId was provided to the subnet at 'tenant-template-stack-advanced/Vpc/PrivateSubnet1'. Attempting to read its .routeTable.routeTableId will return null/undefined. (More info: https://github.com/aws/aws-cdk/pull/3171) [ack: @aws-cdk/aws-ec2:noSubnetRouteTableId]
[Warning at /tenant-template-stack-advanced/EcsCluster/EcsCluster] Blocking container access to instance role will be deprecated. Use the @aws-cdk/aws-ecs:enableImdsBlockingDeprecatedFeature feature flagto keep this feature temporarily. See https://github.com/aws/aws-cdk/discussions/32609 [ack: @aws-cdk/aws-ecs:deprecatedImdsBlocking]
[Warning at /tenant-template-stack-advanced/EcsCluster/ecs-autoscaleG-advanced] desiredCapacity has been configured. Be aware this will reset the size of your AutoScalingGroup on every deployment. See https://github.com/aws/aws-cdk/issues/5215 [ack: @aws-cdk/aws-autoscaling:desiredCapacitySet]

✨  Synthesis time: 10.44s

shared-infra-stack
shared-infra-stack: deploying... [1/5]
core-appplane-stack: start: Building core-appplane-stack Template
core-appplane-stack: success: Built core-appplane-stack Template
tenant-template-stack-basic: start: Building tenant-template-stack-basic Template
tenant-template-stack-basic: success: Built tenant-template-stack-basic Template
tenant-template-stack-advanced: start: Building tenant-template-stack-advanced Template
tenant-template-stack-advanced: success: Built tenant-template-stack-advanced Template
shared-infra-stack: creating CloudFormation changeset...
shared-infra-stack |  0/88 | 3:14:01 PM | REVIEW_IN_PROGRESS   | AWS::CloudFormation::Stack                | shared-infra-stack User Initiated
shared-infra-stack |  0/88 | 3:14:12 PM | CREATE_IN_PROGRESS   | AWS::CloudFormation::Stack                | shared-infra-stack User Initiated
shared-infra-stack |  0/88 | 3:14:17 PM | CREATE_IN_PROGRESS   | AWS::Lambda::LayerVersion                 | LambdaEcsSaaSLayers (LambdaEcsSaaSLayersDC3DFF4C) 
shared-infra-stack |  0/88 | 3:14:17 PM | CREATE_IN_PROGRESS   | AWS::EC2::VPC                             | sbt-ecs-vpc (sbtecsvpcA6167340) 
shared-infra-stack |  0/88 | 3:14:17 PM | CREATE_IN_PROGRESS   | AWS::EC2::EIP                             | sbt-ecs-vpc/PublicSubnet2/EIP (sbtecsvpcPublicSubnet2EIPC620B071) 
shared-infra-stack |  0/88 | 3:14:17 PM | CREATE_IN_PROGRESS   | AWS::EC2::InternetGateway                 | sbt-ecs-vpc/IGW (sbtecsvpcIGW0DBAA523) 
shared-infra-stack |  0/88 | 3:14:17 PM | CREATE_IN_PROGRESS   | AWS::DynamoDB::Table                      | TenantMappingTable (TenantMappingTable8521321C) 
shared-infra-stack |  0/88 | 3:14:17 PM | CREATE_IN_PROGRESS   | AWS::IAM::Role                            | sbt-ecs-vpc/sbt-ecs-vpcFlowLog/IAMRole (sbtecsvpcsbtecsvpcFlowLogIAMRoleD25C6AE5) 
shared-infra-stack |  0/88 | 3:14:17 PM | CREATE_IN_PROGRESS   | AWS::CloudFront::OriginAccessControl      | adminsite/S3OriginAccessControl (adminsiteS3OriginAccessControlD16B7ADB) 
shared-infra-stack |  0/88 | 3:14:17 PM | CREATE_IN_PROGRESS   | AWS::IAM::Role                            | ApiGateway/TenantApi/CloudWatchRole (ApiGatewayTenantApiCloudWatchRole5BB328FD) 
shared-infra-stack |  0/88 | 3:14:17 PM | CREATE_IN_PROGRESS   | AWS::Logs::LogGroup                       | sbt-ecs-vpc/sbt-ecs-vpcFlowLog/LogGroup (sbtecsvpcsbtecsvpcFlowLogLogGroup5EBE13A6) 
shared-infra-stack |  0/88 | 3:14:17 PM | CREATE_IN_PROGRESS   | AWS::ApiGateway::ApiKey                   | AdvancedTierApiKey (AdvancedTierApiKey610A6254) 
shared-infra-stack |  0/88 | 3:14:17 PM | CREATE_IN_PROGRESS   | AWS::S3::Bucket                           | AccessLogsBucket (AccessLogsBucket83982689) 
shared-infra-stack |  0/88 | 3:14:17 PM | CREATE_IN_PROGRESS   | AWS::IAM::Role                            | ApiGateway/AuthorizerFunctionRole (ApiGatewayAuthorizerFunctionRoleF7F0A96E) 
shared-infra-stack |  0/88 | 3:14:17 PM | CREATE_IN_PROGRESS   | AWS::IAM::Role                            | Custom::S3AutoDeleteObjectsCustomResourceProvider/Role (CustomS3AutoDeleteObjectsCustomResourceProviderRole3B1BD092) 
shared-infra-stack |  0/88 | 3:14:18 PM | CREATE_IN_PROGRESS   | AWS::EC2::EIP                             | sbt-ecs-vpc/PublicSubnet1/EIP (sbtecsvpcPublicSubnet1EIP54E5BF0A) 
shared-infra-stack |  0/88 | 3:14:18 PM | CREATE_IN_PROGRESS   | AWS::CDK::Metadata                        | CDKMetadata/Default (CDKMetadata) 
shared-infra-stack |  0/88 | 3:14:18 PM | CREATE_IN_PROGRESS   | AWS::ApiGateway::ApiKey                   | PremiumTierApiKey (PremiumTierApiKey6EB393E0) 
shared-infra-stack |  0/88 | 3:14:18 PM | CREATE_IN_PROGRESS   | AWS::ApiGateway::ApiKey                   | BasicTierApiKey (BasicTierApiKeyEC5ED516) 
shared-infra-stack |  0/88 | 3:14:18 PM | CREATE_IN_PROGRESS   | AWS::EC2::EIP                             | sbt-ecs-vpc/PublicSubnet3/EIP (sbtecsvpcPublicSubnet3EIP2ECFF0A0) 
shared-infra-stack |  0/88 | 3:14:18 PM | CREATE_IN_PROGRESS   | AWS::Logs::LogGroup                       | ApiGateway/PrdLogs (ApiGatewayPrdLogsBF352675) 
shared-infra-stack |  0/88 | 3:14:18 PM | CREATE_IN_PROGRESS   | AWS::Logs::LogGroup                       | sbt-ecs-vpc/sbt-ecs-vpcFlowLog/LogGroup (sbtecsvpcsbtecsvpcFlowLogLogGroup5EBE13A6) Resource creation Initiated
shared-infra-stack |  0/88 | 3:14:18 PM | CREATE_IN_PROGRESS   | AWS::IAM::Role                            | sbt-ecs-vpc/sbt-ecs-vpcFlowLog/IAMRole (sbtecsvpcsbtecsvpcFlowLogIAMRoleD25C6AE5) Resource creation Initiated
shared-infra-stack |  0/88 | 3:14:18 PM | CREATE_IN_PROGRESS   | AWS::ApiGateway::ApiKey                   | PremiumTierApiKey (PremiumTierApiKey6EB393E0) Resource creation Initiated
shared-infra-stack |  0/88 | 3:14:18 PM | CREATE_IN_PROGRESS   | AWS::EC2::InternetGateway                 | sbt-ecs-vpc/IGW (sbtecsvpcIGW0DBAA523) Resource creation Initiated
shared-infra-stack |  0/88 | 3:14:18 PM | CREATE_IN_PROGRESS   | AWS::IAM::Role                            | ApiGateway/AuthorizerFunctionRole (ApiGatewayAuthorizerFunctionRoleF7F0A96E) Resource creation Initiated
shared-infra-stack |  0/88 | 3:14:18 PM | CREATE_IN_PROGRESS   | AWS::CloudFront::OriginAccessControl      | adminsite/S3OriginAccessControl (adminsiteS3OriginAccessControlD16B7ADB) Resource creation Initiated
shared-infra-stack |  0/88 | 3:14:18 PM | CREATE_IN_PROGRESS   | AWS::CDK::Metadata                        | CDKMetadata/Default (CDKMetadata) Resource creation Initiated
shared-infra-stack |  0/88 | 3:14:18 PM | CREATE_IN_PROGRESS   | AWS::IAM::Role                            | Custom::S3AutoDeleteObjectsCustomResourceProvider/Role (CustomS3AutoDeleteObjectsCustomResourceProviderRole3B1BD092) Resource creation Initiated
shared-infra-stack |  0/88 | 3:14:18 PM | CREATE_IN_PROGRESS   | AWS::Logs::LogGroup                       | ApiGateway/PrdLogs (ApiGatewayPrdLogsBF352675) Resource creation Initiated
shared-infra-stack |  0/88 | 3:14:18 PM | CREATE_IN_PROGRESS   | AWS::IAM::Role                            | ApiGateway/TenantApi/CloudWatchRole (ApiGatewayTenantApiCloudWatchRole5BB328FD) Resource creation Initiated
shared-infra-stack |  1/88 | 3:14:19 PM | CREATE_COMPLETE      | AWS::CDK::Metadata                        | CDKMetadata/Default (CDKMetadata) 
shared-infra-stack |  1/88 | 3:14:19 PM | CREATE_IN_PROGRESS   | AWS::ApiGateway::ApiKey                   | BasicTierApiKey (BasicTierApiKeyEC5ED516) Resource creation Initiated
shared-infra-stack |  1/88 | 3:14:19 PM | CREATE_IN_PROGRESS   | AWS::S3::Bucket                           | AccessLogsBucket (AccessLogsBucket83982689) Resource creation Initiated
shared-infra-stack |  1/88 | 3:14:19 PM | CREATE_IN_PROGRESS   | AWS::DynamoDB::Table                      | TenantMappingTable (TenantMappingTable8521321C) Resource creation Initiated
shared-infra-stack |  1/88 | 3:14:19 PM | CREATE_IN_PROGRESS   | AWS::EC2::VPC                             | sbt-ecs-vpc (sbtecsvpcA6167340) Resource creation Initiated
shared-infra-stack |  1/88 | 3:14:19 PM | CREATE_IN_PROGRESS   | AWS::EC2::EIP                             | sbt-ecs-vpc/PublicSubnet2/EIP (sbtecsvpcPublicSubnet2EIPC620B071) Resource creation Initiated
shared-infra-stack |  1/88 | 3:14:19 PM | CREATE_IN_PROGRESS   | AWS::EC2::InternetGateway                 | sbt-ecs-vpc/IGW (sbtecsvpcIGW0DBAA523) Eventual consistency check initiated
shared-infra-stack |  1/88 | 3:14:19 PM | CREATE_IN_PROGRESS   | AWS::EC2::EIP                             | sbt-ecs-vpc/PublicSubnet3/EIP (sbtecsvpcPublicSubnet3EIP2ECFF0A0) Resource creation Initiated
shared-infra-stack |  2/88 | 3:14:19 PM | CREATE_COMPLETE      | AWS::CloudFront::OriginAccessControl      | adminsite/S3OriginAccessControl (adminsiteS3OriginAccessControlD16B7ADB) 
shared-infra-stack |  2/88 | 3:14:19 PM | CREATE_IN_PROGRESS   | AWS::EC2::EIP                             | sbt-ecs-vpc/PublicSubnet1/EIP (sbtecsvpcPublicSubnet1EIP54E5BF0A) Resource creation Initiated
shared-infra-stack |  3/88 | 3:14:19 PM | CREATE_COMPLETE      | AWS::ApiGateway::ApiKey                   | PremiumTierApiKey (PremiumTierApiKey6EB393E0) 
shared-infra-stack |  4/88 | 3:14:19 PM | CREATE_COMPLETE      | AWS::ApiGateway::ApiKey                   | BasicTierApiKey (BasicTierApiKeyEC5ED516) 
shared-infra-stack |  4/88 | 3:14:20 PM | CREATE_IN_PROGRESS   | AWS::EC2::EIP                             | sbt-ecs-vpc/PublicSubnet2/EIP (sbtecsvpcPublicSubnet2EIPC620B071) Eventual consistency check initiated
shared-infra-stack |  4/88 | 3:14:20 PM | CREATE_IN_PROGRESS   | AWS::EC2::EIP                             | sbt-ecs-vpc/PublicSubnet3/EIP (sbtecsvpcPublicSubnet3EIP2ECFF0A0) Eventual consistency check initiated
shared-infra-stack |  4/88 | 3:14:20 PM | CREATE_IN_PROGRESS   | AWS::EC2::EIP                             | sbt-ecs-vpc/PublicSubnet1/EIP (sbtecsvpcPublicSubnet1EIP54E5BF0A) Eventual consistency check initiated
shared-infra-stack |  4/88 | 3:14:20 PM | CREATE_IN_PROGRESS   | AWS::SSM::Parameter                       | BasicApiKeyValue (BasicApiKeyValueD972CEB0) 
shared-infra-stack |  4/88 | 3:14:20 PM | CREATE_IN_PROGRESS   | AWS::SSM::Parameter                       | BasicApiKeyId (BasicApiKeyId64143D3B) 
shared-infra-stack |  4/88 | 3:14:20 PM | CREATE_IN_PROGRESS   | AWS::SSM::Parameter                       | PremiumApiKeyId (PremiumApiKeyId257D200C) 
shared-infra-stack |  4/88 | 3:14:20 PM | CREATE_IN_PROGRESS   | AWS::SSM::Parameter                       | PremiumApiKeyValue (PremiumApiKeyValue94A2E437) 
shared-infra-stack |  4/88 | 3:14:21 PM | CREATE_IN_PROGRESS   | AWS::SSM::Parameter                       | BasicApiKeyValue (BasicApiKeyValueD972CEB0) Resource creation Initiated
shared-infra-stack |  4/88 | 3:14:21 PM | CREATE_IN_PROGRESS   | AWS::SSM::Parameter                       | BasicApiKeyId (BasicApiKeyId64143D3B) Resource creation Initiated
shared-infra-stack |  4/88 | 3:14:21 PM | CREATE_IN_PROGRESS   | AWS::SSM::Parameter                       | PremiumApiKeyId (PremiumApiKeyId257D200C) Resource creation Initiated
shared-infra-stack |  4/88 | 3:14:21 PM | CREATE_IN_PROGRESS   | AWS::SSM::Parameter                       | PremiumApiKeyValue (PremiumApiKeyValue94A2E437) Resource creation Initiated
shared-infra-stack |  5/88 | 3:14:22 PM | CREATE_COMPLETE      | AWS::SSM::Parameter                       | BasicApiKeyValue (BasicApiKeyValueD972CEB0) 
shared-infra-stack |  6/88 | 3:14:22 PM | CREATE_COMPLETE      | AWS::SSM::Parameter                       | BasicApiKeyId (BasicApiKeyId64143D3B) 
shared-infra-stack |  7/88 | 3:14:22 PM | CREATE_COMPLETE      | AWS::SSM::Parameter                       | PremiumApiKeyId (PremiumApiKeyId257D200C) 
shared-infra-stack |  8/88 | 3:14:22 PM | CREATE_COMPLETE      | AWS::SSM::Parameter                       | PremiumApiKeyValue (PremiumApiKeyValue94A2E437) 
shared-infra-stack |  8/88 | 3:14:24 PM | CREATE_IN_PROGRESS   | AWS::ApiGateway::ApiKey                   | AdvancedTierApiKey (AdvancedTierApiKey610A6254) Resource creation Initiated
shared-infra-stack |  9/88 | 3:14:25 PM | CREATE_COMPLETE      | AWS::ApiGateway::ApiKey                   | AdvancedTierApiKey (AdvancedTierApiKey610A6254) 
shared-infra-stack |  9/88 | 3:14:25 PM | CREATE_IN_PROGRESS   | AWS::SSM::Parameter                       | AdvancedApiKeyValue (AdvancedApiKeyValueF756A4B1) 
shared-infra-stack |  9/88 | 3:14:25 PM | CREATE_IN_PROGRESS   | AWS::SSM::Parameter                       | AdvancedApiKeyId (AdvancedApiKeyId75F55242) 
shared-infra-stack |  9/88 | 3:14:26 PM | CREATE_IN_PROGRESS   | AWS::SSM::Parameter                       | AdvancedApiKeyValue (AdvancedApiKeyValueF756A4B1) Resource creation Initiated
shared-infra-stack |  9/88 | 3:14:26 PM | CREATE_IN_PROGRESS   | AWS::SSM::Parameter                       | AdvancedApiKeyId (AdvancedApiKeyId75F55242) Resource creation Initiated
shared-infra-stack | 10/88 | 3:14:27 PM | CREATE_COMPLETE      | AWS::SSM::Parameter                       | AdvancedApiKeyId (AdvancedApiKeyId75F55242) 
shared-infra-stack | 11/88 | 3:14:27 PM | CREATE_COMPLETE      | AWS::SSM::Parameter                       | AdvancedApiKeyValue (AdvancedApiKeyValueF756A4B1) 
shared-infra-stack | 11/88 | 3:14:27 PM | CREATE_IN_PROGRESS   | AWS::Logs::LogGroup                       | sbt-ecs-vpc/sbt-ecs-vpcFlowLog/LogGroup (sbtecsvpcsbtecsvpcFlowLogLogGroup5EBE13A6) Eventual consistency check initiated
shared-infra-stack | 11/88 | 3:14:27 PM | CREATE_IN_PROGRESS   | AWS::Logs::LogGroup                       | ApiGateway/PrdLogs (ApiGatewayPrdLogsBF352675) Eventual consistency check initiated
shared-infra-stack | 12/88 | 3:14:28 PM | CREATE_COMPLETE      | AWS::Logs::LogGroup                       | ApiGateway/PrdLogs (ApiGatewayPrdLogsBF352675) 
shared-infra-stack | 13/88 | 3:14:28 PM | CREATE_COMPLETE      | AWS::Logs::LogGroup                       | sbt-ecs-vpc/sbt-ecs-vpcFlowLog/LogGroup (sbtecsvpcsbtecsvpcFlowLogLogGroup5EBE13A6) 
shared-infra-stack | 13/88 | 3:14:28 PM | CREATE_IN_PROGRESS   | AWS::Lambda::LayerVersion                 | LambdaEcsSaaSLayers (LambdaEcsSaaSLayersDC3DFF4C) Resource creation Initiated
shared-infra-stack | 14/88 | 3:14:29 PM | CREATE_COMPLETE      | AWS::Lambda::LayerVersion                 | LambdaEcsSaaSLayers (LambdaEcsSaaSLayersDC3DFF4C) 
shared-infra-stack | 15/88 | 3:14:31 PM | CREATE_COMPLETE      | AWS::EC2::VPC                             | sbt-ecs-vpc (sbtecsvpcA6167340) 
shared-infra-stack | 15/88 | 3:14:32 PM | CREATE_IN_PROGRESS   | AWS::EC2::RouteTable                      | sbt-ecs-vpc/PrivateSubnet3/RouteTable (sbtecsvpcPrivateSubnet3RouteTable8E260A8D) 
shared-infra-stack | 15/88 | 3:14:32 PM | CREATE_IN_PROGRESS   | AWS::EC2::Subnet                          | sbt-ecs-vpc/PublicSubnet3/Subnet (sbtecsvpcPublicSubnet3SubnetFFDC88A5) 
shared-infra-stack | 15/88 | 3:14:32 PM | CREATE_IN_PROGRESS   | AWS::ElasticLoadBalancingV2::TargetGroup  | alb-tg (albtgF21BDA43) 
shared-infra-stack | 15/88 | 3:14:32 PM | CREATE_IN_PROGRESS   | AWS::EC2::Subnet                          | sbt-ecs-vpc/PublicSubnet2/Subnet (sbtecsvpcPublicSubnet2Subnet4301D0C6) 
shared-infra-stack | 15/88 | 3:14:32 PM | CREATE_IN_PROGRESS   | AWS::EC2::Subnet                          | sbt-ecs-vpc/PublicSubnet1/Subnet (sbtecsvpcPublicSubnet1Subnet856489C2) 
shared-infra-stack | 15/88 | 3:14:32 PM | CREATE_IN_PROGRESS   | AWS::EC2::VPCGatewayAttachment            | sbt-ecs-vpc/VPCGW (sbtecsvpcVPCGWF79F6979) 
shared-infra-stack | 15/88 | 3:14:32 PM | CREATE_IN_PROGRESS   | AWS::EC2::Subnet                          | sbt-ecs-vpc/PrivateSubnet3/Subnet (sbtecsvpcPrivateSubnet3SubnetADF53398) 
shared-infra-stack | 15/88 | 3:14:32 PM | CREATE_IN_PROGRESS   | AWS::EC2::Subnet                          | sbt-ecs-vpc/PrivateSubnet2/Subnet (sbtecsvpcPrivateSubnet2Subnet85B7AA27) 
shared-infra-stack | 15/88 | 3:14:32 PM | CREATE_IN_PROGRESS   | AWS::EC2::RouteTable                      | sbt-ecs-vpc/PublicSubnet2/RouteTable (sbtecsvpcPublicSubnet2RouteTableB25348F4) 
shared-infra-stack | 15/88 | 3:14:32 PM | CREATE_IN_PROGRESS   | AWS::EC2::RouteTable                      | sbt-ecs-vpc/PrivateSubnet2/RouteTable (sbtecsvpcPrivateSubnet2RouteTable477B92AD) 
shared-infra-stack | 15/88 | 3:14:32 PM | CREATE_IN_PROGRESS   | AWS::EC2::RouteTable                      | sbt-ecs-vpc/PublicSubnet3/RouteTable (sbtecsvpcPublicSubnet3RouteTable8023ABBF) 
shared-infra-stack | 15/88 | 3:14:32 PM | CREATE_IN_PROGRESS   | AWS::EC2::Subnet                          | sbt-ecs-vpc/PrivateSubnet1/Subnet (sbtecsvpcPrivateSubnet1SubnetED0F6F4B) 
shared-infra-stack | 15/88 | 3:14:32 PM | CREATE_IN_PROGRESS   | AWS::EC2::RouteTable                      | sbt-ecs-vpc/PrivateSubnet1/RouteTable (sbtecsvpcPrivateSubnet1RouteTable37DB4B89) 
shared-infra-stack | 15/88 | 3:14:32 PM | CREATE_IN_PROGRESS   | AWS::EC2::RouteTable                      | sbt-ecs-vpc/PublicSubnet1/RouteTable (sbtecsvpcPublicSubnet1RouteTable678F4053) 
shared-infra-stack | 16/88 | 3:14:32 PM | CREATE_COMPLETE      | AWS::DynamoDB::Table                      | TenantMappingTable (TenantMappingTable8521321C) 
shared-infra-stack | 17/88 | 3:14:32 PM | CREATE_COMPLETE      | AWS::S3::Bucket                           | AccessLogsBucket (AccessLogsBucket83982689) 
shared-infra-stack | 17/88 | 3:14:32 PM | CREATE_IN_PROGRESS   | AWS::IAM::Role                            | Custom::VpcRestrictDefaultSGCustomResourceProvider/Role (CustomVpcRestrictDefaultSGCustomResourceProviderRole26592FE0) 
shared-infra-stack | 17/88 | 3:14:32 PM | CREATE_IN_PROGRESS   | AWS::EC2::SecurityGroup                   | alb-sg (albsg40B076C4) 
shared-infra-stack | 17/88 | 3:14:32 PM | CREATE_IN_PROGRESS   | AWS::EC2::VPCGatewayAttachment            | sbt-ecs-vpc/VPCGW (sbtecsvpcVPCGWF79F6979) Resource creation Initiated
shared-infra-stack | 17/88 | 3:14:33 PM | CREATE_IN_PROGRESS   | AWS::ElasticLoadBalancingV2::TargetGroup  | alb-tg (albtgF21BDA43) Resource creation Initiated
shared-infra-stack | 17/88 | 3:14:33 PM | CREATE_IN_PROGRESS   | AWS::EC2::RouteTable                      | sbt-ecs-vpc/PrivateSubnet2/RouteTable (sbtecsvpcPrivateSubnet2RouteTable477B92AD) Resource creation Initiated
shared-infra-stack | 17/88 | 3:14:33 PM | CREATE_IN_PROGRESS   | AWS::EC2::Subnet                          | sbt-ecs-vpc/PublicSubnet3/Subnet (sbtecsvpcPublicSubnet3SubnetFFDC88A5) Resource creation Initiated
shared-infra-stack | 17/88 | 3:14:33 PM | CREATE_IN_PROGRESS   | AWS::EC2::RouteTable                      | sbt-ecs-vpc/PrivateSubnet3/RouteTable (sbtecsvpcPrivateSubnet3RouteTable8E260A8D) Resource creation Initiated
shared-infra-stack | 17/88 | 3:14:33 PM | CREATE_IN_PROGRESS   | AWS::S3::Bucket                           | adminsite/adminsiteBucket (adminsiteadminsiteBucketCFEB0FF8) 
shared-infra-stack | 17/88 | 3:14:33 PM | CREATE_IN_PROGRESS   | AWS::EC2::Subnet                          | sbt-ecs-vpc/PublicSubnet1/Subnet (sbtecsvpcPublicSubnet1Subnet856489C2) Resource creation Initiated
shared-infra-stack | 17/88 | 3:14:33 PM | CREATE_IN_PROGRESS   | AWS::EC2::RouteTable                      | sbt-ecs-vpc/PrivateSubnet1/RouteTable (sbtecsvpcPrivateSubnet1RouteTable37DB4B89) Resource creation Initiated
shared-infra-stack | 17/88 | 3:14:33 PM | CREATE_IN_PROGRESS   | AWS::EC2::Subnet                          | sbt-ecs-vpc/PublicSubnet2/Subnet (sbtecsvpcPublicSubnet2Subnet4301D0C6) Resource creation Initiated
shared-infra-stack | 17/88 | 3:14:33 PM | CREATE_IN_PROGRESS   | AWS::EC2::RouteTable                      | sbt-ecs-vpc/PublicSubnet1/RouteTable (sbtecsvpcPublicSubnet1RouteTable678F4053) Resource creation Initiated
shared-infra-stack | 17/88 | 3:14:33 PM | CREATE_IN_PROGRESS   | AWS::EC2::RouteTable                      | sbt-ecs-vpc/PublicSubnet3/RouteTable (sbtecsvpcPublicSubnet3RouteTable8023ABBF) Resource creation Initiated
shared-infra-stack | 17/88 | 3:14:33 PM | CREATE_IN_PROGRESS   | AWS::EC2::Subnet                          | sbt-ecs-vpc/PrivateSubnet1/Subnet (sbtecsvpcPrivateSubnet1SubnetED0F6F4B) Resource creation Initiated
shared-infra-stack | 17/88 | 3:14:33 PM | CREATE_IN_PROGRESS   | AWS::EC2::Subnet                          | sbt-ecs-vpc/PrivateSubnet2/Subnet (sbtecsvpcPrivateSubnet2Subnet85B7AA27) Resource creation Initiated
shared-infra-stack | 17/88 | 3:14:33 PM | CREATE_IN_PROGRESS   | AWS::EC2::RouteTable                      | sbt-ecs-vpc/PublicSubnet2/RouteTable (sbtecsvpcPublicSubnet2RouteTableB25348F4) Resource creation Initiated
shared-infra-stack | 17/88 | 3:14:33 PM | CREATE_IN_PROGRESS   | AWS::IAM::Role                            | Custom::VpcRestrictDefaultSGCustomResourceProvider/Role (CustomVpcRestrictDefaultSGCustomResourceProviderRole26592FE0) Resource creation Initiated
shared-infra-stack | 17/88 | 3:14:33 PM | CREATE_IN_PROGRESS   | AWS::EC2::RouteTable                      | sbt-ecs-vpc/PrivateSubnet2/RouteTable (sbtecsvpcPrivateSubnet2RouteTable477B92AD) Eventual consistency check initiated
shared-infra-stack | 17/88 | 3:14:33 PM | CREATE_IN_PROGRESS   | AWS::EC2::RouteTable                      | sbt-ecs-vpc/PrivateSubnet1/RouteTable (sbtecsvpcPrivateSubnet1RouteTable37DB4B89) Eventual consistency check initiated
shared-infra-stack | 17/88 | 3:14:33 PM | CREATE_IN_PROGRESS   | AWS::EC2::RouteTable                      | sbt-ecs-vpc/PrivateSubnet3/RouteTable (sbtecsvpcPrivateSubnet3RouteTable8E260A8D) Eventual consistency check initiated
shared-infra-stack | 17/88 | 3:14:33 PM | CREATE_IN_PROGRESS   | AWS::EC2::RouteTable                      | sbt-ecs-vpc/PublicSubnet1/RouteTable (sbtecsvpcPublicSubnet1RouteTable678F4053) Eventual consistency check initiated
shared-infra-stack | 17/88 | 3:14:33 PM | CREATE_IN_PROGRESS   | AWS::EC2::RouteTable                      | sbt-ecs-vpc/PublicSubnet3/RouteTable (sbtecsvpcPublicSubnet3RouteTable8023ABBF) Eventual consistency check initiated
shared-infra-stack | 17/88 | 3:14:34 PM | CREATE_IN_PROGRESS   | AWS::EC2::RouteTable                      | sbt-ecs-vpc/PublicSubnet2/RouteTable (sbtecsvpcPublicSubnet2RouteTableB25348F4) Eventual consistency check initiated
shared-infra-stack | 17/88 | 3:14:34 PM | CREATE_IN_PROGRESS   | AWS::S3::Bucket                           | adminsite/adminsiteBucket (adminsiteadminsiteBucketCFEB0FF8) Resource creation Initiated
shared-infra-stack | 18/88 | 3:14:34 PM | CREATE_COMPLETE      | AWS::EC2::InternetGateway                 | sbt-ecs-vpc/IGW (sbtecsvpcIGW0DBAA523) 
shared-infra-stack | 18/88 | 3:14:34 PM | CREATE_IN_PROGRESS   | AWS::EC2::Subnet                          | sbt-ecs-vpc/PrivateSubnet3/Subnet (sbtecsvpcPrivateSubnet3SubnetADF53398) Resource creation Initiated
shared-infra-stack | 19/88 | 3:14:34 PM | CREATE_COMPLETE      | AWS::EC2::VPCGatewayAttachment            | sbt-ecs-vpc/VPCGW (sbtecsvpcVPCGWF79F6979) 
shared-infra-stack | 19/88 | 3:14:35 PM | CREATE_IN_PROGRESS   | AWS::EC2::SecurityGroup                   | alb-sg (albsg40B076C4) Resource creation Initiated
shared-infra-stack | 20/88 | 3:14:35 PM | CREATE_COMPLETE      | AWS::IAM::Role                            | sbt-ecs-vpc/sbt-ecs-vpcFlowLog/IAMRole (sbtecsvpcsbtecsvpcFlowLogIAMRoleD25C6AE5) 
shared-infra-stack | 21/88 | 3:14:35 PM | CREATE_COMPLETE      | AWS::IAM::Role                            | ApiGateway/TenantApi/CloudWatchRole (ApiGatewayTenantApiCloudWatchRole5BB328FD) 
shared-infra-stack | 22/88 | 3:14:35 PM | CREATE_COMPLETE      | AWS::IAM::Role                            | Custom::S3AutoDeleteObjectsCustomResourceProvider/Role (CustomS3AutoDeleteObjectsCustomResourceProviderRole3B1BD092) 
shared-infra-stack | 23/88 | 3:14:35 PM | CREATE_COMPLETE      | AWS::IAM::Role                            | ApiGateway/AuthorizerFunctionRole (ApiGatewayAuthorizerFunctionRoleF7F0A96E) 
shared-infra-stack | 24/88 | 3:14:36 PM | CREATE_COMPLETE      | AWS::EC2::EIP                             | sbt-ecs-vpc/PublicSubnet1/EIP (sbtecsvpcPublicSubnet1EIP54E5BF0A) 
shared-infra-stack | 25/88 | 3:14:36 PM | CREATE_COMPLETE      | AWS::EC2::EIP                             | sbt-ecs-vpc/PublicSubnet3/EIP (sbtecsvpcPublicSubnet3EIP2ECFF0A0) 
shared-infra-stack | 26/88 | 3:14:36 PM | CREATE_COMPLETE      | AWS::EC2::EIP                             | sbt-ecs-vpc/PublicSubnet2/EIP (sbtecsvpcPublicSubnet2EIPC620B071) 
shared-infra-stack | 26/88 | 3:14:36 PM | CREATE_IN_PROGRESS   | AWS::IAM::Policy                          | sbt-ecs-vpc/sbt-ecs-vpcFlowLog/IAMRole/DefaultPolicy (sbtecsvpcsbtecsvpcFlowLogIAMRoleDefaultPolicy205B2458) 
shared-infra-stack | 26/88 | 3:14:36 PM | CREATE_IN_PROGRESS   | AWS::EC2::FlowLog                         | sbt-ecs-vpc/sbt-ecs-vpcFlowLog/FlowLog (sbtecsvpcsbtecsvpcFlowLog4E442BE8) 
shared-infra-stack | 26/88 | 3:14:36 PM | CREATE_IN_PROGRESS   | AWS::IAM::Policy                          | ApiGateway/AuthorizerFunctionRole/DefaultPolicy (ApiGatewayAuthorizerFunctionRoleDefaultPolicy5C1B2C51) 
shared-infra-stack | 27/88 | 3:14:36 PM | CREATE_COMPLETE      | AWS::EC2::Subnet                          | sbt-ecs-vpc/PublicSubnet2/Subnet (sbtecsvpcPublicSubnet2Subnet4301D0C6) 
shared-infra-stack | 27/88 | 3:14:36 PM | CREATE_IN_PROGRESS   | AWS::Lambda::Function                     | Custom::S3AutoDeleteObjectsCustomResourceProvider/Handler (CustomS3AutoDeleteObjectsCustomResourceProviderHandler9D90184F) 
shared-infra-stack | 28/88 | 3:14:36 PM | CREATE_COMPLETE      | AWS::EC2::Subnet                          | sbt-ecs-vpc/PrivateSubnet1/Subnet (sbtecsvpcPrivateSubnet1SubnetED0F6F4B) 
shared-infra-stack | 29/88 | 3:14:36 PM | CREATE_COMPLETE      | AWS::EC2::Subnet                          | sbt-ecs-vpc/PublicSubnet3/Subnet (sbtecsvpcPublicSubnet3SubnetFFDC88A5) 
shared-infra-stack | 30/88 | 3:14:36 PM | CREATE_COMPLETE      | AWS::EC2::Subnet                          | sbt-ecs-vpc/PublicSubnet1/Subnet (sbtecsvpcPublicSubnet1Subnet856489C2) 
shared-infra-stack | 31/88 | 3:14:36 PM | CREATE_COMPLETE      | AWS::EC2::Subnet                          | sbt-ecs-vpc/PrivateSubnet2/Subnet (sbtecsvpcPrivateSubnet2Subnet85B7AA27) 
shared-infra-stack | 31/88 | 3:14:36 PM | CREATE_IN_PROGRESS   | AWS::IAM::Role                            | ApiGateway/AuthorizerAccessRole (ApiGatewayAuthorizerAccessRoleDDEE10F1) 
shared-infra-stack | 31/88 | 3:14:37 PM | CREATE_IN_PROGRESS   | AWS::EC2::SubnetRouteTableAssociation     | sbt-ecs-vpc/PublicSubnet2/RouteTableAssociation (sbtecsvpcPublicSubnet2RouteTableAssociationC3386A8E) 
shared-infra-stack | 31/88 | 3:14:37 PM | CREATE_IN_PROGRESS   | AWS::IAM::Policy                          | ApiGateway/AuthorizerFunctionRole/DefaultPolicy (ApiGatewayAuthorizerFunctionRoleDefaultPolicy5C1B2C51) Resource creation Initiated
shared-infra-stack | 31/88 | 3:14:37 PM | CREATE_IN_PROGRESS   | AWS::EC2::SubnetRouteTableAssociation     | sbt-ecs-vpc/PrivateSubnet1/RouteTableAssociation (sbtecsvpcPrivateSubnet1RouteTableAssociation53E2B4AA) 
shared-infra-stack | 31/88 | 3:14:37 PM | CREATE_IN_PROGRESS   | AWS::EC2::SubnetRouteTableAssociation     | sbt-ecs-vpc/PublicSubnet3/RouteTableAssociation (sbtecsvpcPublicSubnet3RouteTableAssociation9736E471) 
shared-infra-stack | 31/88 | 3:14:37 PM | CREATE_IN_PROGRESS   | AWS::IAM::Policy                          | sbt-ecs-vpc/sbt-ecs-vpcFlowLog/IAMRole/DefaultPolicy (sbtecsvpcsbtecsvpcFlowLogIAMRoleDefaultPolicy205B2458) Resource creation Initiated
shared-infra-stack | 31/88 | 3:14:37 PM | CREATE_IN_PROGRESS   | AWS::EC2::SubnetRouteTableAssociation     | sbt-ecs-vpc/PrivateSubnet2/RouteTableAssociation (sbtecsvpcPrivateSubnet2RouteTableAssociation99C7D779) 
shared-infra-stack | 31/88 | 3:14:37 PM | CREATE_IN_PROGRESS   | AWS::EC2::FlowLog                         | sbt-ecs-vpc/sbt-ecs-vpcFlowLog/FlowLog (sbtecsvpcsbtecsvpcFlowLog4E442BE8) Resource creation Initiated
shared-infra-stack | 31/88 | 3:14:37 PM | CREATE_IN_PROGRESS   | AWS::IAM::Role                            | ApiGateway/AuthorizerAccessRole (ApiGatewayAuthorizerAccessRoleDDEE10F1) Resource creation Initiated
shared-infra-stack | 31/88 | 3:14:37 PM | CREATE_IN_PROGRESS   | AWS::Lambda::Function                     | Custom::S3AutoDeleteObjectsCustomResourceProvider/Handler (CustomS3AutoDeleteObjectsCustomResourceProviderHandler9D90184F) Resource creation Initiated
shared-infra-stack | 32/88 | 3:14:37 PM | CREATE_COMPLETE      | AWS::EC2::Subnet                          | sbt-ecs-vpc/PrivateSubnet3/Subnet (sbtecsvpcPrivateSubnet3SubnetADF53398) 
shared-infra-stack | 32/88 | 3:14:38 PM | CREATE_IN_PROGRESS   | AWS::EC2::SubnetRouteTableAssociation     | sbt-ecs-vpc/PublicSubnet1/RouteTableAssociation (sbtecsvpcPublicSubnet1RouteTableAssociation28E3A2E0) 
shared-infra-stack | 33/88 | 3:14:38 PM | CREATE_COMPLETE      | AWS::EC2::FlowLog                         | sbt-ecs-vpc/sbt-ecs-vpcFlowLog/FlowLog (sbtecsvpcsbtecsvpcFlowLog4E442BE8) 
shared-infra-stack | 33/88 | 3:14:38 PM | CREATE_IN_PROGRESS   | AWS::EC2::SubnetRouteTableAssociation     | sbt-ecs-vpc/PrivateSubnet1/RouteTableAssociation (sbtecsvpcPrivateSubnet1RouteTableAssociation53E2B4AA) Resource creation Initiated
shared-infra-stack | 33/88 | 3:14:38 PM | CREATE_IN_PROGRESS   | AWS::EC2::SubnetRouteTableAssociation     | sbt-ecs-vpc/PublicSubnet2/RouteTableAssociation (sbtecsvpcPublicSubnet2RouteTableAssociationC3386A8E) Resource creation Initiated
shared-infra-stack | 33/88 | 3:14:38 PM | CREATE_IN_PROGRESS   | AWS::EC2::SubnetRouteTableAssociation     | sbt-ecs-vpc/PublicSubnet3/RouteTableAssociation (sbtecsvpcPublicSubnet3RouteTableAssociation9736E471) Resource creation Initiated
shared-infra-stack | 33/88 | 3:14:38 PM | CREATE_IN_PROGRESS   | AWS::EC2::SubnetRouteTableAssociation     | sbt-ecs-vpc/PrivateSubnet2/RouteTableAssociation (sbtecsvpcPrivateSubnet2RouteTableAssociation99C7D779) Resource creation Initiated
shared-infra-stack | 33/88 | 3:14:38 PM | CREATE_IN_PROGRESS   | AWS::EC2::SubnetRouteTableAssociation     | sbt-ecs-vpc/PrivateSubnet3/RouteTableAssociation (sbtecsvpcPrivateSubnet3RouteTableAssociation4C6903D9) 
shared-infra-stack | 33/88 | 3:14:38 PM | CREATE_IN_PROGRESS   | AWS::ElasticLoadBalancingV2::LoadBalancer | sbt-ecs-nlb (sbtecsnlb202937F4) 
shared-infra-stack | 33/88 | 3:14:38 PM | CREATE_IN_PROGRESS   | AWS::Lambda::Function                     | Custom::S3AutoDeleteObjectsCustomResourceProvider/Handler (CustomS3AutoDeleteObjectsCustomResourceProviderHandler9D90184F) Eventual consistency check initiated
shared-infra-stack | 34/88 | 3:14:39 PM | CREATE_COMPLETE      | AWS::EC2::SubnetRouteTableAssociation     | sbt-ecs-vpc/PublicSubnet2/RouteTableAssociation (sbtecsvpcPublicSubnet2RouteTableAssociationC3386A8E) 
shared-infra-stack | 35/88 | 3:14:39 PM | CREATE_COMPLETE      | AWS::EC2::SubnetRouteTableAssociation     | sbt-ecs-vpc/PublicSubnet3/RouteTableAssociation (sbtecsvpcPublicSubnet3RouteTableAssociation9736E471) 
shared-infra-stack | 36/88 | 3:14:39 PM | CREATE_COMPLETE      | AWS::EC2::SubnetRouteTableAssociation     | sbt-ecs-vpc/PrivateSubnet1/RouteTableAssociation (sbtecsvpcPrivateSubnet1RouteTableAssociation53E2B4AA) 
shared-infra-stack | 37/88 | 3:14:39 PM | CREATE_COMPLETE      | AWS::EC2::SubnetRouteTableAssociation     | sbt-ecs-vpc/PrivateSubnet2/RouteTableAssociation (sbtecsvpcPrivateSubnet2RouteTableAssociation99C7D779) 
shared-infra-stack | 37/88 | 3:14:39 PM | CREATE_IN_PROGRESS   | AWS::EC2::SubnetRouteTableAssociation     | sbt-ecs-vpc/PublicSubnet1/RouteTableAssociation (sbtecsvpcPublicSubnet1RouteTableAssociation28E3A2E0) Resource creation Initiated
shared-infra-stack | 37/88 | 3:14:39 PM | CREATE_IN_PROGRESS   | AWS::EC2::SubnetRouteTableAssociation     | sbt-ecs-vpc/PrivateSubnet3/RouteTableAssociation (sbtecsvpcPrivateSubnet3RouteTableAssociation4C6903D9) Resource creation Initiated
shared-infra-stack | 38/88 | 3:14:40 PM | CREATE_COMPLETE      | AWS::EC2::SubnetRouteTableAssociation     | sbt-ecs-vpc/PublicSubnet1/RouteTableAssociation (sbtecsvpcPublicSubnet1RouteTableAssociation28E3A2E0) 
shared-infra-stack | 39/88 | 3:14:40 PM | CREATE_COMPLETE      | AWS::EC2::SubnetRouteTableAssociation     | sbt-ecs-vpc/PrivateSubnet3/RouteTableAssociation (sbtecsvpcPrivateSubnet3RouteTableAssociation4C6903D9) 
shared-infra-stack | 39/88 | 3:14:41 PM | CREATE_IN_PROGRESS   | AWS::ElasticLoadBalancingV2::LoadBalancer | sbt-ecs-nlb (sbtecsnlb202937F4) Resource creation Initiated
shared-infra-stack | 40/88 | 3:14:42 PM | CREATE_COMPLETE      | AWS::EC2::SecurityGroup                   | alb-sg (albsg40B076C4) 
shared-infra-stack | 41/88 | 3:14:43 PM | CREATE_COMPLETE      | AWS::EC2::RouteTable                      | sbt-ecs-vpc/PrivateSubnet3/RouteTable (sbtecsvpcPrivateSubnet3RouteTable8E260A8D) 
shared-infra-stack | 41/88 | 3:14:44 PM | CREATE_IN_PROGRESS   | AWS::ElasticLoadBalancingV2::LoadBalancer | sbt-ecs-alb (sbtecsalbC25444E7) 
shared-infra-stack | 42/88 | 3:14:44 PM | CREATE_COMPLETE      | AWS::EC2::RouteTable                      | sbt-ecs-vpc/PrivateSubnet1/RouteTable (sbtecsvpcPrivateSubnet1RouteTable37DB4B89) 
shared-infra-stack | 43/88 | 3:14:44 PM | CREATE_COMPLETE      | AWS::EC2::RouteTable                      | sbt-ecs-vpc/PublicSubnet3/RouteTable (sbtecsvpcPublicSubnet3RouteTable8023ABBF) 
shared-infra-stack | 44/88 | 3:14:44 PM | CREATE_COMPLETE      | AWS::EC2::RouteTable                      | sbt-ecs-vpc/PrivateSubnet2/RouteTable (sbtecsvpcPrivateSubnet2RouteTable477B92AD) 
shared-infra-stack | 45/88 | 3:14:44 PM | CREATE_COMPLETE      | AWS::EC2::RouteTable                      | sbt-ecs-vpc/PublicSubnet1/RouteTable (sbtecsvpcPublicSubnet1RouteTable678F4053) 
shared-infra-stack | 46/88 | 3:14:44 PM | CREATE_COMPLETE      | AWS::Lambda::Function                     | Custom::S3AutoDeleteObjectsCustomResourceProvider/Handler (CustomS3AutoDeleteObjectsCustomResourceProviderHandler9D90184F) 
shared-infra-stack | 47/88 | 3:14:44 PM | CREATE_COMPLETE      | AWS::EC2::RouteTable                      | sbt-ecs-vpc/PublicSubnet2/RouteTable (sbtecsvpcPublicSubnet2RouteTableB25348F4) 
shared-infra-stack | 47/88 | 3:14:44 PM | CREATE_IN_PROGRESS   | AWS::EC2::Route                           | sbt-ecs-vpc/PublicSubnet1/DefaultRoute (sbtecsvpcPublicSubnet1DefaultRouteD766FF4E) 
shared-infra-stack | 47/88 | 3:14:45 PM | CREATE_IN_PROGRESS   | AWS::EC2::Route                           | sbt-ecs-vpc/PublicSubnet2/DefaultRoute (sbtecsvpcPublicSubnet2DefaultRouteD8E051EA) 
shared-infra-stack | 47/88 | 3:14:45 PM | CREATE_IN_PROGRESS   | AWS::EC2::Route                           | sbt-ecs-vpc/PublicSubnet3/DefaultRoute (sbtecsvpcPublicSubnet3DefaultRoute54F2399D) 
shared-infra-stack | 47/88 | 3:14:45 PM | CREATE_IN_PROGRESS   | AWS::EC2::Route                           | sbt-ecs-vpc/PublicSubnet1/DefaultRoute (sbtecsvpcPublicSubnet1DefaultRouteD766FF4E) Resource creation Initiated
shared-infra-stack | 47/88 | 3:14:46 PM | CREATE_IN_PROGRESS   | AWS::EC2::Route                           | sbt-ecs-vpc/PublicSubnet2/DefaultRoute (sbtecsvpcPublicSubnet2DefaultRouteD8E051EA) Resource creation Initiated
shared-infra-stack | 47/88 | 3:14:46 PM | CREATE_IN_PROGRESS   | AWS::EC2::Route                           | sbt-ecs-vpc/PublicSubnet3/DefaultRoute (sbtecsvpcPublicSubnet3DefaultRoute54F2399D) Resource creation Initiated
shared-infra-stack | 48/88 | 3:14:46 PM | CREATE_COMPLETE      | AWS::EC2::Route                           | sbt-ecs-vpc/PublicSubnet1/DefaultRoute (sbtecsvpcPublicSubnet1DefaultRouteD766FF4E) 
shared-infra-stack | 49/88 | 3:14:46 PM | CREATE_COMPLETE      | AWS::EC2::Route                           | sbt-ecs-vpc/PublicSubnet2/DefaultRoute (sbtecsvpcPublicSubnet2DefaultRouteD8E051EA) 
shared-infra-stack | 49/88 | 3:14:46 PM | CREATE_IN_PROGRESS   | AWS::ElasticLoadBalancingV2::LoadBalancer | sbt-ecs-alb (sbtecsalbC25444E7) Resource creation Initiated
shared-infra-stack | 50/88 | 3:14:47 PM | CREATE_COMPLETE      | AWS::S3::Bucket                           | adminsite/adminsiteBucket (adminsiteadminsiteBucketCFEB0FF8) 
shared-infra-stack | 51/88 | 3:14:47 PM | CREATE_COMPLETE      | AWS::EC2::Route                           | sbt-ecs-vpc/PublicSubnet3/DefaultRoute (sbtecsvpcPublicSubnet3DefaultRoute54F2399D) 
shared-infra-stack | 51/88 | 3:14:47 PM | CREATE_IN_PROGRESS   | AWS::EC2::NatGateway                      | sbt-ecs-vpc/PublicSubnet1/NATGateway (sbtecsvpcPublicSubnet1NATGatewayD242401F) 
shared-infra-stack | 51/88 | 3:14:47 PM | CREATE_IN_PROGRESS   | AWS::EC2::NatGateway                      | sbt-ecs-vpc/PublicSubnet2/NATGateway (sbtecsvpcPublicSubnet2NATGateway1650422A) 
shared-infra-stack | 51/88 | 3:14:48 PM | CREATE_IN_PROGRESS   | AWS::EC2::NatGateway                      | sbt-ecs-vpc/PublicSubnet3/NATGateway (sbtecsvpcPublicSubnet3NATGatewayAAB34223) 
shared-infra-stack | 51/88 | 3:14:48 PM | CREATE_IN_PROGRESS   | AWS::EC2::NatGateway                      | sbt-ecs-vpc/PublicSubnet1/NATGateway (sbtecsvpcPublicSubnet1NATGatewayD242401F) Resource creation Initiated
shared-infra-stack | 52/88 | 3:14:48 PM | CREATE_COMPLETE      | AWS::ElasticLoadBalancingV2::TargetGroup  | alb-tg (albtgF21BDA43) 
shared-infra-stack | 52/88 | 3:14:49 PM | CREATE_IN_PROGRESS   | AWS::EC2::NatGateway                      | sbt-ecs-vpc/PublicSubnet2/NATGateway (sbtecsvpcPublicSubnet2NATGateway1650422A) Resource creation Initiated
shared-infra-stack | 52/88 | 3:14:49 PM | CREATE_IN_PROGRESS   | AWS::CloudFront::Distribution             | adminsite/adminsiteDistribution (adminsiteadminsiteDistributionCB923EF7) 
shared-infra-stack | 52/88 | 3:14:49 PM | CREATE_IN_PROGRESS   | AWS::S3::BucketPolicy                     | AccessLogsBucket/Policy (AccessLogsBucketPolicy7F77476F) 
shared-infra-stack | 52/88 | 3:14:49 PM | CREATE_IN_PROGRESS   | AWS::EC2::NatGateway                      | sbt-ecs-vpc/PublicSubnet3/NATGateway (sbtecsvpcPublicSubnet3NATGatewayAAB34223) Resource creation Initiated
shared-infra-stack | 53/88 | 3:14:50 PM | CREATE_COMPLETE      | AWS::IAM::Role                            | Custom::VpcRestrictDefaultSGCustomResourceProvider/Role (CustomVpcRestrictDefaultSGCustomResourceProviderRole26592FE0) 
shared-infra-stack | 53/88 | 3:14:50 PM | CREATE_IN_PROGRESS   | AWS::S3::BucketPolicy                     | AccessLogsBucket/Policy (AccessLogsBucketPolicy7F77476F) Resource creation Initiated
shared-infra-stack | 54/88 | 3:14:51 PM | CREATE_COMPLETE      | AWS::S3::BucketPolicy                     | AccessLogsBucket/Policy (AccessLogsBucketPolicy7F77476F) 
shared-infra-stack | 54/88 | 3:14:51 PM | CREATE_IN_PROGRESS   | AWS::Lambda::Function                     | Custom::VpcRestrictDefaultSGCustomResourceProvider/Handler (CustomVpcRestrictDefaultSGCustomResourceProviderHandlerDC833E5E) 
shared-infra-stack | 54/88 | 3:14:51 PM | CREATE_IN_PROGRESS   | Custom::S3AutoDeleteObjects               | AccessLogsBucket/AutoDeleteObjectsCustomResource/Default (AccessLogsBucketAutoDeleteObjectsCustomResource93F9213A) 
shared-infra-stack | 54/88 | 3:14:51 PM | CREATE_IN_PROGRESS   | AWS::CloudFront::Distribution             | adminsite/adminsiteDistribution (adminsiteadminsiteDistributionCB923EF7) Resource creation Initiated
shared-infra-stack | 55/88 | 3:14:52 PM | CREATE_COMPLETE      | AWS::IAM::Policy                          | ApiGateway/AuthorizerFunctionRole/DefaultPolicy (ApiGatewayAuthorizerFunctionRoleDefaultPolicy5C1B2C51) 
shared-infra-stack | 55/88 | 3:14:52 PM | CREATE_IN_PROGRESS   | AWS::Lambda::Function                     | Custom::VpcRestrictDefaultSGCustomResourceProvider/Handler (CustomVpcRestrictDefaultSGCustomResourceProviderHandlerDC833E5E) Resource creation Initiated
shared-infra-stack | 56/88 | 3:14:52 PM | CREATE_COMPLETE      | AWS::IAM::Policy                          | sbt-ecs-vpc/sbt-ecs-vpcFlowLog/IAMRole/DefaultPolicy (sbtecsvpcsbtecsvpcFlowLogIAMRoleDefaultPolicy205B2458) 
shared-infra-stack | 56/88 | 3:14:53 PM | CREATE_IN_PROGRESS   | AWS::Lambda::Function                     | Custom::VpcRestrictDefaultSGCustomResourceProvider/Handler (CustomVpcRestrictDefaultSGCustomResourceProviderHandlerDC833E5E) Eventual consistency check initiated
shared-infra-stack | 57/88 | 3:14:53 PM | CREATE_COMPLETE      | AWS::IAM::Role                            | ApiGateway/AuthorizerAccessRole (ApiGatewayAuthorizerAccessRoleDDEE10F1) 
shared-infra-stack | 57/88 | 3:14:54 PM | CREATE_IN_PROGRESS   | Custom::S3AutoDeleteObjects               | AccessLogsBucket/AutoDeleteObjectsCustomResource/Default (AccessLogsBucketAutoDeleteObjectsCustomResource93F9213A) Resource creation Initiated
shared-infra-stack | 58/88 | 3:14:54 PM | CREATE_COMPLETE      | Custom::S3AutoDeleteObjects               | AccessLogsBucket/AutoDeleteObjectsCustomResource/Default (AccessLogsBucketAutoDeleteObjectsCustomResource93F9213A) 
shared-infra-stack | 58/88 | 3:14:54 PM | CREATE_IN_PROGRESS   | AWS::Lambda::Function                     | ApiGateway/AuthorizerFunction (ApiGatewayAuthorizerFunction2879897D) 
shared-infra-stack | 58/88 | 3:14:57 PM | CREATE_IN_PROGRESS   | AWS::Lambda::Function                     | ApiGateway/AuthorizerFunction (ApiGatewayAuthorizerFunction2879897D) Resource creation Initiated
shared-infra-stack | 58/88 | 3:14:58 PM | CREATE_IN_PROGRESS   | AWS::Lambda::Function                     | ApiGateway/AuthorizerFunction (ApiGatewayAuthorizerFunction2879897D) Eventual consistency check initiated
shared-infra-stack | 59/88 | 3:14:59 PM | CREATE_COMPLETE      | AWS::Lambda::Function                     | Custom::VpcRestrictDefaultSGCustomResourceProvider/Handler (CustomVpcRestrictDefaultSGCustomResourceProviderHandlerDC833E5E) 
shared-infra-stack | 59/88 | 3:14:59 PM | CREATE_IN_PROGRESS   | Custom::VpcRestrictDefaultSG              | sbt-ecs-vpc/RestrictDefaultSecurityGroupCustomResource/Default (sbtecsvpcRestrictDefaultSecurityGroupCustomResource3BF2A7A3) 
shared-infra-stack | 60/88 | 3:15:03 PM | CREATE_COMPLETE      | AWS::Lambda::Function                     | ApiGateway/AuthorizerFunction (ApiGatewayAuthorizerFunction2879897D) 
shared-infra-stack | 60/88 | 3:15:11 PM | CREATE_IN_PROGRESS   | Custom::VpcRestrictDefaultSG              | sbt-ecs-vpc/RestrictDefaultSecurityGroupCustomResource/Default (sbtecsvpcRestrictDefaultSecurityGroupCustomResource3BF2A7A3) Resource creation Initiated
shared-infra-stack | 61/88 | 3:15:11 PM | CREATE_COMPLETE      | Custom::VpcRestrictDefaultSG              | sbt-ecs-vpc/RestrictDefaultSecurityGroupCustomResource/Default (sbtecsvpcRestrictDefaultSecurityGroupCustomResource3BF2A7A3) 
shared-infra-stack | 62/88 | 3:16:19 PM | CREATE_COMPLETE      | AWS::EC2::NatGateway                      | sbt-ecs-vpc/PublicSubnet3/NATGateway (sbtecsvpcPublicSubnet3NATGatewayAAB34223) 
shared-infra-stack | 62/88 | 3:16:20 PM | CREATE_IN_PROGRESS   | AWS::EC2::Route                           | sbt-ecs-vpc/PrivateSubnet3/DefaultRoute (sbtecsvpcPrivateSubnet3DefaultRouteFE8D79CC) 
shared-infra-stack | 62/88 | 3:16:21 PM | CREATE_IN_PROGRESS   | AWS::EC2::Route                           | sbt-ecs-vpc/PrivateSubnet3/DefaultRoute (sbtecsvpcPrivateSubnet3DefaultRouteFE8D79CC) Resource creation Initiated
shared-infra-stack | 63/88 | 3:16:22 PM | CREATE_COMPLETE      | AWS::EC2::Route                           | sbt-ecs-vpc/PrivateSubnet3/DefaultRoute (sbtecsvpcPrivateSubnet3DefaultRouteFE8D79CC) 
shared-infra-stack | 64/88 | 3:16:23 PM | CREATE_COMPLETE      | AWS::EC2::NatGateway                      | sbt-ecs-vpc/PublicSubnet1/NATGateway (sbtecsvpcPublicSubnet1NATGatewayD242401F) 
shared-infra-stack | 64/88 | 3:16:23 PM | CREATE_IN_PROGRESS   | AWS::EC2::Route                           | sbt-ecs-vpc/PrivateSubnet1/DefaultRoute (sbtecsvpcPrivateSubnet1DefaultRoute72219AA7) 
shared-infra-stack | 64/88 | 3:16:25 PM | CREATE_IN_PROGRESS   | AWS::EC2::Route                           | sbt-ecs-vpc/PrivateSubnet1/DefaultRoute (sbtecsvpcPrivateSubnet1DefaultRoute72219AA7) Resource creation Initiated
shared-infra-stack | 65/88 | 3:16:25 PM | CREATE_COMPLETE      | AWS::EC2::Route                           | sbt-ecs-vpc/PrivateSubnet1/DefaultRoute (sbtecsvpcPrivateSubnet1DefaultRoute72219AA7) 
shared-infra-stack | 66/88 | 3:16:34 PM | CREATE_COMPLETE      | AWS::EC2::NatGateway                      | sbt-ecs-vpc/PublicSubnet2/NATGateway (sbtecsvpcPublicSubnet2NATGateway1650422A) 
shared-infra-stack | 66/88 | 3:16:35 PM | CREATE_IN_PROGRESS   | AWS::EC2::Route                           | sbt-ecs-vpc/PrivateSubnet2/DefaultRoute (sbtecsvpcPrivateSubnet2DefaultRouteC79D238D) 
shared-infra-stack | 66/88 | 3:16:36 PM | CREATE_IN_PROGRESS   | AWS::EC2::Route                           | sbt-ecs-vpc/PrivateSubnet2/DefaultRoute (sbtecsvpcPrivateSubnet2DefaultRouteC79D238D) Resource creation Initiated
shared-infra-stack | 67/88 | 3:16:37 PM | CREATE_COMPLETE      | AWS::EC2::Route                           | sbt-ecs-vpc/PrivateSubnet2/DefaultRoute (sbtecsvpcPrivateSubnet2DefaultRouteC79D238D) 
shared-infra-stack | 68/88 | 3:17:14 PM | CREATE_COMPLETE      | AWS::ElasticLoadBalancingV2::LoadBalancer | sbt-ecs-nlb (sbtecsnlb202937F4) 
shared-infra-stack | 68/88 | 3:17:15 PM | CREATE_IN_PROGRESS   | AWS::ApiGateway::VpcLink                  | ecs-vpc-link (ecsvpclinkEC65F091) 
shared-infra-stack | 68/88 | 3:17:16 PM | CREATE_IN_PROGRESS   | AWS::ApiGateway::VpcLink                  | ecs-vpc-link (ecsvpclinkEC65F091) Resource creation Initiated
shared-infra-stack | 68/88 | 3:17:16 PM | CREATE_IN_PROGRESS   | AWS::ApiGateway::VpcLink                  | ecs-vpc-link (ecsvpclinkEC65F091) Eventual consistency check initiated
shared-infra-stack | 68/88 | 3:17:34 PM | CREATE_IN_PROGRESS   | AWS::ApiGateway::RestApi                  | ApiGateway/TenantApi (ApiGatewayTenantApiF5CE34AA) 
shared-infra-stack | 68/88 | 3:17:37 PM | CREATE_IN_PROGRESS   | AWS::ApiGateway::RestApi                  | ApiGateway/TenantApi (ApiGatewayTenantApiF5CE34AA) Resource creation Initiated
shared-infra-stack | 69/88 | 3:17:38 PM | CREATE_COMPLETE      | AWS::ApiGateway::RestApi                  | ApiGateway/TenantApi (ApiGatewayTenantApiF5CE34AA) 
shared-infra-stack | 69/88 | 3:17:39 PM | CREATE_IN_PROGRESS   | AWS::ApiGateway::Deployment               | ApiGateway/TenantApi/Deployment (ApiGatewayTenantApiDeployment4DA0AEAF611a310e9f3360327b47dca8ee105d3f) 
shared-infra-stack | 69/88 | 3:17:39 PM | CREATE_IN_PROGRESS   | AWS::Lambda::Permission                   | ApiGateway/AuthorizerFunction/AuthorizerPermission (ApiGatewayAuthorizerFunctionAuthorizerPermissionE36FFBC1) 
shared-infra-stack | 69/88 | 3:17:40 PM | CREATE_IN_PROGRESS   | AWS::Lambda::Permission                   | ApiGateway/AuthorizerFunction/AuthorizerPermission (ApiGatewayAuthorizerFunctionAuthorizerPermissionE36FFBC1) Resource creation Initiated
shared-infra-stack | 70/88 | 3:17:41 PM | CREATE_COMPLETE      | AWS::Lambda::Permission                   | ApiGateway/AuthorizerFunction/AuthorizerPermission (ApiGatewayAuthorizerFunctionAuthorizerPermissionE36FFBC1) 
shared-infra-stack | 70/88 | 3:17:41 PM | CREATE_IN_PROGRESS   | AWS::ApiGateway::Deployment               | ApiGateway/TenantApi/Deployment (ApiGatewayTenantApiDeployment4DA0AEAF611a310e9f3360327b47dca8ee105d3f) Resource creation Initiated
shared-infra-stack | 71/88 | 3:17:41 PM | CREATE_COMPLETE      | AWS::ApiGateway::Deployment               | ApiGateway/TenantApi/Deployment (ApiGatewayTenantApiDeployment4DA0AEAF611a310e9f3360327b47dca8ee105d3f) 
shared-infra-stack | 72/88 | 3:17:50 PM | CREATE_COMPLETE      | AWS::ElasticLoadBalancingV2::LoadBalancer | sbt-ecs-alb (sbtecsalbC25444E7) 
shared-infra-stack | 72/88 | 3:17:50 PM | CREATE_IN_PROGRESS   | AWS::ElasticLoadBalancingV2::Listener     | sbt-ecs-alb/alb-listener (sbtecsalbalblistener17039046) 
shared-infra-stack | 72/88 | 3:17:52 PM | CREATE_IN_PROGRESS   | AWS::ElasticLoadBalancingV2::Listener     | sbt-ecs-alb/alb-listener (sbtecsalbalblistener17039046) Resource creation Initiated
shared-infra-stack | 73/88 | 3:17:52 PM | CREATE_COMPLETE      | AWS::ElasticLoadBalancingV2::Listener     | sbt-ecs-alb/alb-listener (sbtecsalbalblistener17039046) 
shared-infra-stack | 73/88 | 3:17:53 PM | CREATE_IN_PROGRESS   | AWS::ElasticLoadBalancingV2::TargetGroup  | sbt-ecs-nlb/nlb-listener/nlb-targetsGroup (sbtecsnlbnlblistenernlbtargetsGroup100DD6D6) 
shared-infra-stack | 73/88 | 3:17:54 PM | CREATE_IN_PROGRESS   | AWS::ElasticLoadBalancingV2::TargetGroup  | sbt-ecs-nlb/nlb-listener/nlb-targetsGroup (sbtecsnlbnlblistenernlbtargetsGroup100DD6D6) Resource creation Initiated
shared-infra-stack | 74/88 | 3:18:10 PM | CREATE_COMPLETE      | AWS::ElasticLoadBalancingV2::TargetGroup  | sbt-ecs-nlb/nlb-listener/nlb-targetsGroup (sbtecsnlbnlblistenernlbtargetsGroup100DD6D6) 
shared-infra-stack | 74/88 | 3:18:11 PM | CREATE_IN_PROGRESS   | AWS::ElasticLoadBalancingV2::Listener     | sbt-ecs-nlb/nlb-listener (sbtecsnlbnlblistener7A93F98A) 
shared-infra-stack | 74/88 | 3:18:12 PM | CREATE_IN_PROGRESS   | AWS::ElasticLoadBalancingV2::Listener     | sbt-ecs-nlb/nlb-listener (sbtecsnlbnlblistener7A93F98A) Resource creation Initiated
shared-infra-stack | 75/88 | 3:18:13 PM | CREATE_COMPLETE      | AWS::ElasticLoadBalancingV2::Listener     | sbt-ecs-nlb/nlb-listener (sbtecsnlbnlblistener7A93F98A) 
shared-infra-stack | 76/88 | 3:18:55 PM | CREATE_COMPLETE      | AWS::CloudFront::Distribution             | adminsite/adminsiteDistribution (adminsiteadminsiteDistributionCB923EF7) 
shared-infra-stack | 76/88 | 3:18:56 PM | CREATE_IN_PROGRESS   | AWS::S3::BucketPolicy                     | adminsite/adminsiteBucket/Policy (adminsiteadminsiteBucketPolicy4F3F6492) 
shared-infra-stack | 76/88 | 3:18:57 PM | CREATE_IN_PROGRESS   | AWS::S3::BucketPolicy                     | adminsite/adminsiteBucket/Policy (adminsiteadminsiteBucketPolicy4F3F6492) Resource creation Initiated
shared-infra-stack | 77/88 | 3:18:57 PM | CREATE_COMPLETE      | AWS::S3::BucketPolicy                     | adminsite/adminsiteBucket/Policy (adminsiteadminsiteBucketPolicy4F3F6492) 
shared-infra-stack | 77/88 | 3:18:58 PM | CREATE_IN_PROGRESS   | Custom::S3AutoDeleteObjects               | adminsite/adminsiteBucket/AutoDeleteObjectsCustomResource/Default (adminsiteadminsiteBucketAutoDeleteObjectsCustomResource621A6582) 
shared-infra-stack | 77/88 | 3:19:00 PM | CREATE_IN_PROGRESS   | Custom::S3AutoDeleteObjects               | adminsite/adminsiteBucket/AutoDeleteObjectsCustomResource/Default (adminsiteadminsiteBucketAutoDeleteObjectsCustomResource621A6582) Resource creation Initiated
shared-infra-stack | 78/88 | 3:19:00 PM | CREATE_COMPLETE      | Custom::S3AutoDeleteObjects               | adminsite/adminsiteBucket/AutoDeleteObjectsCustomResource/Default (adminsiteadminsiteBucketAutoDeleteObjectsCustomResource621A6582) 
shared-infra-stack | 79/88 | 3:24:02 PM | CREATE_COMPLETE      | AWS::ApiGateway::VpcLink                  | ecs-vpc-link (ecsvpclinkEC65F091) 
shared-infra-stack | 79/88 | 3:24:03 PM | CREATE_IN_PROGRESS   | AWS::ApiGateway::Account                  | ApiGateway/TenantApi/Account (ApiGatewayTenantApiAccountADD8B333) 
shared-infra-stack | 79/88 | 3:24:04 PM | CREATE_IN_PROGRESS   | AWS::ApiGateway::Account                  | ApiGateway/TenantApi/Account (ApiGatewayTenantApiAccountADD8B333) Resource creation Initiated
shared-infra-stack | 80/88 | 3:24:05 PM | CREATE_COMPLETE      | AWS::ApiGateway::Account                  | ApiGateway/TenantApi/Account (ApiGatewayTenantApiAccountADD8B333) 
shared-infra-stack | 80/88 | 3:24:06 PM | CREATE_IN_PROGRESS   | AWS::ApiGateway::Stage                    | ApiGateway/TenantApi/DeploymentStage.prod (ApiGatewayTenantApiDeploymentStageprod5419DFE5) 
shared-infra-stack | 80/88 | 3:24:07 PM | CREATE_IN_PROGRESS   | AWS::ApiGateway::Stage                    | ApiGateway/TenantApi/DeploymentStage.prod (ApiGatewayTenantApiDeploymentStageprod5419DFE5) Resource creation Initiated
shared-infra-stack | 81/88 | 3:24:10 PM | CREATE_COMPLETE      | AWS::ApiGateway::Stage                    | ApiGateway/TenantApi/DeploymentStage.prod (ApiGatewayTenantApiDeploymentStageprod5419DFE5) 
shared-infra-stack | 81/88 | 3:24:10 PM | CREATE_IN_PROGRESS   | AWS::ApiGateway::UsagePlan                | ApiGateway/TenantApi/UsagePlanPremiumTier (ApiGatewayTenantApiUsagePlanPremiumTier66DA59A8) 
shared-infra-stack | 81/88 | 3:24:10 PM | CREATE_IN_PROGRESS   | AWS::ApiGateway::UsagePlan                | ApiGateway/TenantApi/UsagePlanBasicTier (ApiGatewayTenantApiUsagePlanBasicTier23F386C6) 
shared-infra-stack | 81/88 | 3:24:10 PM | CREATE_IN_PROGRESS   | AWS::ApiGateway::UsagePlan                | ApiGateway/TenantApi/UsagePlanAdvancedTier (ApiGatewayTenantApiUsagePlanAdvancedTier77C219E1) 
shared-infra-stack | 81/88 | 3:24:12 PM | CREATE_IN_PROGRESS   | AWS::ApiGateway::UsagePlan                | ApiGateway/TenantApi/UsagePlanBasicTier (ApiGatewayTenantApiUsagePlanBasicTier23F386C6) Resource creation Initiated
shared-infra-stack | 81/88 | 3:24:12 PM | CREATE_IN_PROGRESS   | AWS::ApiGateway::UsagePlan                | ApiGateway/TenantApi/UsagePlanAdvancedTier (ApiGatewayTenantApiUsagePlanAdvancedTier77C219E1) Resource creation Initiated
shared-infra-stack | 81/88 | 3:24:12 PM | CREATE_IN_PROGRESS   | AWS::ApiGateway::UsagePlan                | ApiGateway/TenantApi/UsagePlanPremiumTier (ApiGatewayTenantApiUsagePlanPremiumTier66DA59A8) Resource creation Initiated
shared-infra-stack | 82/88 | 3:24:12 PM | CREATE_COMPLETE      | AWS::ApiGateway::UsagePlan                | ApiGateway/TenantApi/UsagePlanAdvancedTier (ApiGatewayTenantApiUsagePlanAdvancedTier77C219E1) 
shared-infra-stack | 83/88 | 3:24:12 PM | CREATE_COMPLETE      | AWS::ApiGateway::UsagePlan                | ApiGateway/TenantApi/UsagePlanBasicTier (ApiGatewayTenantApiUsagePlanBasicTier23F386C6) 
shared-infra-stack | 84/88 | 3:24:13 PM | CREATE_COMPLETE      | AWS::ApiGateway::UsagePlan                | ApiGateway/TenantApi/UsagePlanPremiumTier (ApiGatewayTenantApiUsagePlanPremiumTier66DA59A8) 
shared-infra-stack | 84/88 | 3:24:13 PM | CREATE_IN_PROGRESS   | AWS::ApiGateway::UsagePlanKey             | ApiGateway/TenantApi/UsagePlanBasicTier/UsagePlanKeyResource:sharedinfrastackBasicTierApiKey85E6CA6D (ApiGatewayTenantApiUsagePlanBasicTierUsagePlanKeyResourcesharedinfrastackBasicTierApiKey85E6CA6D62030264) 
shared-infra-stack | 84/88 | 3:24:13 PM | CREATE_IN_PROGRESS   | AWS::ApiGateway::UsagePlanKey             | ApiGateway/TenantApi/UsagePlanAdvancedTier/UsagePlanKeyResource:sharedinfrastackAdvancedTierApiKey9D66A974 (ApiGatewayTenantApiUsagePlanAdvancedTierUsagePlanKeyResourcesharedinfrastackAdvancedTierApiKey9D66A974D5309814) 
shared-infra-stack | 84/88 | 3:24:13 PM | CREATE_IN_PROGRESS   | AWS::ApiGateway::UsagePlanKey             | ApiGateway/TenantApi/UsagePlanPremiumTier/UsagePlanKeyResource:sharedinfrastackPremiumTierApiKeyA15B3CAD (ApiGatewayTenantApiUsagePlanPremiumTierUsagePlanKeyResourcesharedinfrastackPremiumTierApiKeyA15B3CADFFE08BBA) 
shared-infra-stack | 84/88 | 3:24:14 PM | CREATE_IN_PROGRESS   | AWS::ApiGateway::UsagePlanKey             | ApiGateway/TenantApi/UsagePlanBasicTier/UsagePlanKeyResource:sharedinfrastackBasicTierApiKey85E6CA6D (ApiGatewayTenantApiUsagePlanBasicTierUsagePlanKeyResourcesharedinfrastackBasicTierApiKey85E6CA6D62030264) Resource creation Initiated
shared-infra-stack | 85/88 | 3:24:15 PM | CREATE_COMPLETE      | AWS::ApiGateway::UsagePlanKey             | ApiGateway/TenantApi/UsagePlanBasicTier/UsagePlanKeyResource:sharedinfrastackBasicTierApiKey85E6CA6D (ApiGatewayTenantApiUsagePlanBasicTierUsagePlanKeyResourcesharedinfrastackBasicTierApiKey85E6CA6D62030264) 
shared-infra-stack | 85/88 | 3:24:15 PM | CREATE_IN_PROGRESS   | AWS::ApiGateway::UsagePlanKey             | ApiGateway/TenantApi/UsagePlanAdvancedTier/UsagePlanKeyResource:sharedinfrastackAdvancedTierApiKey9D66A974 (ApiGatewayTenantApiUsagePlanAdvancedTierUsagePlanKeyResourcesharedinfrastackAdvancedTierApiKey9D66A974D5309814) Resource creation Initiated
shared-infra-stack | 86/88 | 3:24:16 PM | CREATE_COMPLETE      | AWS::ApiGateway::UsagePlanKey             | ApiGateway/TenantApi/UsagePlanAdvancedTier/UsagePlanKeyResource:sharedinfrastackAdvancedTierApiKey9D66A974 (ApiGatewayTenantApiUsagePlanAdvancedTierUsagePlanKeyResourcesharedinfrastackAdvancedTierApiKey9D66A974D5309814) 
shared-infra-stack | 86/88 | 3:24:20 PM | CREATE_IN_PROGRESS   | AWS::ApiGateway::UsagePlanKey             | ApiGateway/TenantApi/UsagePlanPremiumTier/UsagePlanKeyResource:sharedinfrastackPremiumTierApiKeyA15B3CAD (ApiGatewayTenantApiUsagePlanPremiumTierUsagePlanKeyResourcesharedinfrastackPremiumTierApiKeyA15B3CADFFE08BBA) Resource creation Initiated
shared-infra-stack | 87/88 | 3:24:21 PM | CREATE_COMPLETE      | AWS::ApiGateway::UsagePlanKey             | ApiGateway/TenantApi/UsagePlanPremiumTier/UsagePlanKeyResource:sharedinfrastackPremiumTierApiKeyA15B3CAD (ApiGatewayTenantApiUsagePlanPremiumTierUsagePlanKeyResourcesharedinfrastackPremiumTierApiKeyA15B3CADFFE08BBA) 
shared-infra-stack | 88/88 | 3:24:24 PM | CREATE_COMPLETE      | AWS::CloudFormation::Stack                | shared-infra-stack 

 ✅  shared-infra-stack

✨  Deployment time: 629.03s

Outputs:
shared-infra-stack.ALBArn = arn:aws:elasticloadbalancing:us-east-1:346698404105:loadbalancer/app/shared-sbtec-MsoOmHxnQxev/449160def45e2163
shared-infra-stack.ALBDnsName = internal-shared-sbtec-MsoOmHxnQxev-175797254.us-east-1.elb.amazonaws.com
shared-infra-stack.AlbSgId = sg-00d50233c03f13a79
shared-infra-stack.ApiGatewayTenantApiEndpointF0F42595 = https://iteja0t88a.execute-api.us-east-1.amazonaws.com/prod/
shared-infra-stack.ApiGatewayUrl = https://iteja0t88a.execute-api.us-east-1.amazonaws.com/prod/
shared-infra-stack.AvailabilityZones = us-east-1a,us-east-1b,us-east-1c
shared-infra-stack.EcsVpcId = vpc-0ad1d2239ffec5bc8
shared-infra-stack.ExportsOutputFnGetAttTenantMappingTable8521321CArn3DDEA8C7 = arn:aws:dynamodb:us-east-1:346698404105:table/shared-infra-stack-TenantMappingTable8521321C-N5CM085QTNBE
shared-infra-stack.ExportsOutputFnGetAttadminsiteadminsiteBucketCFEB0FF8Arn668B883E = arn:aws:s3:::adminsitebucket-346698404105-us-east-1
shared-infra-stack.ExportsOutputFnGetAttadminsiteadminsiteDistributionCB923EF7DomainName0F4425B4 = dqetempd7nued.cloudfront.net
shared-infra-stack.ExportsOutputRefTenantMappingTable8521321C99BF1CB4 = shared-infra-stack-TenantMappingTable8521321C-N5CM085QTNBE
shared-infra-stack.ExportsOutputRefadminsiteadminsiteBucketCFEB0FF8950F79BC = adminsitebucket-346698404105-us-east-1
shared-infra-stack.ListenerArn = arn:aws:elasticloadbalancing:us-east-1:346698404105:listener/app/shared-sbtec-MsoOmHxnQxev/449160def45e2163/2ebce35501f084d2
shared-infra-stack.PrivSub1RouteId = rtb-06b7a31dee0bc2093
shared-infra-stack.PrivSub2RouteId = rtb-0af23ee65d1dae685
shared-infra-stack.PrivSub3RouteId = rtb-06afbe0d20ddafcb7
shared-infra-stack.PrivateSubnetIds = subnet-0f90253dfbbd24497,subnet-0611639cec5ee04a8,subnet-0adfaa3fec0810f75
shared-infra-stack.adminSiteUrl = https://dqetempd7nued.cloudfront.net
Stack ARN:
arn:aws:cloudformation:us-east-1:346698404105:stack/shared-infra-stack/f54f98f0-e81f-11f0-a281-12f9e7ae7705

✨  Total time: 639.48s

controlplane-stack
controlplane-stack: deploying... [2/5]
tenant-template-stack-advanced: start: Publishing tenant-template-stack-advanced Template (current_account-current_region)
tenant-template-stack-basic: start: Publishing tenant-template-stack-basic Template (current_account-current_region)
controlplane-stack: creating CloudFormation changeset...
tenant-template-stack-advanced: success: Published tenant-template-stack-advanced Template (current_account-current_region)
tenant-template-stack-advanced
tenant-template-stack-advanced: deploying... [5/5]
tenant-template-stack-basic: success: Published tenant-template-stack-basic Template (current_account-current_region)
tenant-template-stack-basic
tenant-template-stack-basic: deploying... [4/5]
tenant-template-stack-advanced: creating CloudFormation changeset...
tenant-template-stack-basic: creating CloudFormation changeset...
tenant-template-stack-advanced | 0/10 | 3:24:30 PM | REVIEW_IN_PROGRESS   | AWS::CloudFormation::Stack   | tenant-template-stack-advanced User Initiated
tenant-template-stack-advanced | 0/10 | 3:24:36 PM | CREATE_IN_PROGRESS   | AWS::CloudFormation::Stack   | tenant-template-stack-advanced User Initiated
tenant-template-stack-advanced | 0/10 | 3:24:38 PM | CREATE_IN_PROGRESS   | AWS::CloudFormation::Stack   | EcsCluster.NestedStack/EcsCluster.NestedStackResource (EcsClusterNestedStackEcsClusterNestedStackResource0624F17C) 
tenant-template-stack-advanced | 0/10 | 3:24:38 PM | CREATE_IN_PROGRESS   | AWS::Cognito::UserPool       | IdentityProvider/advanced (advancedUserPooladvanced) 
tenant-template-stack-advanced | 0/10 | 3:24:38 PM | CREATE_IN_PROGRESS   | AWS::EC2::SecurityGroup      | ecsSG (ecsSGA0B21AD0) 
tenant-template-stack-advanced | 0/10 | 3:24:38 PM | CREATE_IN_PROGRESS   | AWS::IAM::Role               | AWS679f53fac002430cb0da5b7982bd2287/ServiceRole (AWS679f53fac002430cb0da5b7982bd2287ServiceRoleC1EA0FF2) 
tenant-template-stack-advanced | 0/10 | 3:24:39 PM | CREATE_IN_PROGRESS   | AWS::CDK::Metadata           | EcsCluster/CDKMetadata/Default (CDKMetadata) 
tenant-template-stack-advanced | 0/10 | 3:24:39 PM | CREATE_IN_PROGRESS   | AWS::IAM::Role               | AWS679f53fac002430cb0da5b7982bd2287/ServiceRole (AWS679f53fac002430cb0da5b7982bd2287ServiceRoleC1EA0FF2) Resource creation Initiated
tenant-template-stack-advanced | 0/10 | 3:24:39 PM | CREATE_IN_PROGRESS   | AWS::CloudFormation::Stack   | EcsCluster.NestedStack/EcsCluster.NestedStackResource (EcsClusterNestedStackEcsClusterNestedStackResource0624F17C) Resource creation Initiated
tenant-template-stack-advanced | 0/10 | 3:24:40 PM | CREATE_IN_PROGRESS   | AWS::CDK::Metadata           | EcsCluster/CDKMetadata/Default (CDKMetadata) Resource creation Initiated
tenant-template-stack-advanced | 1/10 | 3:24:40 PM | CREATE_COMPLETE      | AWS::CDK::Metadata           | EcsCluster/CDKMetadata/Default (CDKMetadata) 
tenant-template-stack-advanced | 1/10 | 3:24:40 PM | CREATE_IN_PROGRESS   | AWS::Cognito::UserPool       | IdentityProvider/advanced (advancedUserPooladvanced) Resource creation Initiated
controlplane-stack |   0/111 | 3:24:29 PM | REVIEW_IN_PROGRESS   | AWS::CloudFormation::Stack                | controlplane-stack User Initiated
controlplane-stack |   0/111 | 3:24:41 PM | CREATE_IN_PROGRESS   | AWS::CloudFormation::Stack                | controlplane-stack User Initiated
tenant-template-stack-advanced | 1/10 | 3:24:41 PM | CREATE_IN_PROGRESS   | AWS::EC2::SecurityGroup                   | ecsSG (ecsSGA0B21AD0) Resource creation Initiated
tenant-template-stack-advanced | 2/10 | 3:24:41 PM | CREATE_COMPLETE      | AWS::Cognito::UserPool                    | IdentityProvider/advanced (advancedUserPooladvanced) 
tenant-template-stack-advanced | 2/10 | 3:24:42 PM | CREATE_IN_PROGRESS   | AWS::Cognito::UserPoolClient              | IdentityProvider/tenantUserPoolClient (IdentityProvidertenantUserPoolClient01DA8A68) 
tenant-template-stack-advanced-EcsClusterNestedStackEcsClusterNestedStackResource0624F-16YPH1M1O6NC2 | 2/10 | 3:24:43 PM | CREATE_IN_PROGRESS   | AWS::CDK::Metadata                        | EcsCluster/CDKMetadata/Default (CDKMetadata) 
tenant-template-stack-advanced-EcsClusterNestedStackEcsClusterNestedStackResource0624F-16YPH1M1O6NC2 | 2/10 | 3:24:43 PM | CREATE_IN_PROGRESS   | AWS::IAM::Role                            | EcsCluster/ecs-autoscaleG-advanced/DrainECSHook/Function/ServiceRole (ecsautoscaleGadvancedDrainECSHookFunctionServiceRole62A40A07) 
tenant-template-stack-advanced-EcsClusterNestedStackEcsClusterNestedStackResource0624F-16YPH1M1O6NC2 | 2/10 | 3:24:43 PM | CREATE_IN_PROGRESS   | AWS::IAM::Role                            | EcsCluster/ecs-autoscaleG-advanced/LifecycleHookDrainHook/Role (ecsautoscaleGadvancedLifecycleHookDrainHookRole7ED514A7) 
tenant-template-stack-advanced-EcsClusterNestedStackEcsClusterNestedStackResource0624F-16YPH1M1O6NC2 | 2/10 | 3:24:43 PM | CREATE_IN_PROGRESS   | AWS::SNS::Topic                           | EcsCluster/ecs-autoscaleG-advanced/LifecycleHookDrainHook/Topic (ecsautoscaleGadvancedLifecycleHookDrainHookTopic10EB7A3B) 
tenant-template-stack-advanced-EcsClusterNestedStackEcsClusterNestedStackResource0624F-16YPH1M1O6NC2 | 2/10 | 3:24:43 PM | CREATE_IN_PROGRESS   | AWS::IAM::Role                            | EcsCluster/EniTrunking/CustomEniTrunkingRole (EniTrunkingCustomEniTrunkingRole13E70CB0) 
tenant-template-stack-advanced-EcsClusterNestedStackEcsClusterNestedStackResource0624F-16YPH1M1O6NC2 | 2/10 | 3:24:43 PM | CREATE_IN_PROGRESS   | AWS::ECS::Cluster                         | EcsCluster/EcsCluster (EcsCluster97242B84) 
tenant-template-stack-advanced-EcsClusterNestedStackEcsClusterNestedStackResource0624F-16YPH1M1O6NC2 | 2/10 | 3:24:43 PM | CREATE_IN_PROGRESS   | AWS::IAM::Role                            | EcsCluster/EcsCluster/launchTemplateRole (EcsClusterlaunchTemplateRole4A7FB63F) 
tenant-template-stack-advanced-EcsClusterNestedStackEcsClusterNestedStackResource0624F-16YPH1M1O6NC2 | 2/10 | 3:24:43 PM | CREATE_IN_PROGRESS   | AWS::EC2::SecurityGroup                   | EcsCluster/LaunchTemplateSG (LaunchTemplateSG62F977F3) 
tenant-template-stack-basic |  0/45 | 3:24:30 PM | REVIEW_IN_PROGRESS   | AWS::CloudFormation::Stack                | tenant-template-stack-basic User Initiated
tenant-template-stack-basic |  0/45 | 3:24:41 PM | CREATE_IN_PROGRESS   | AWS::CloudFormation::Stack                | tenant-template-stack-basic User Initiated
tenant-template-stack-advanced | 2/10 | 3:24:43 PM | CREATE_IN_PROGRESS   | AWS::Cognito::UserPoolClient              | IdentityProvider/tenantUserPoolClient (IdentityProvidertenantUserPoolClient01DA8A68) Resource creation Initiated
tenant-template-stack-advanced-EcsClusterNestedStackEcsClusterNestedStackResource0624F-16YPH1M1O6NC2 | 2/10 | 3:24:43 PM | CREATE_IN_PROGRESS   | AWS::IAM::Role                            | EcsCluster/ecs-autoscaleG-advanced/LifecycleHookDrainHook/Role (ecsautoscaleGadvancedLifecycleHookDrainHookRole7ED514A7) Resource creation Initiated
tenant-template-stack-advanced-EcsClusterNestedStackEcsClusterNestedStackResource0624F-16YPH1M1O6NC2 | 2/10 | 3:24:43 PM | CREATE_IN_PROGRESS   | AWS::IAM::Role                            | EcsCluster/EcsCluster/launchTemplateRole (EcsClusterlaunchTemplateRole4A7FB63F) Resource creation Initiated
tenant-template-stack-advanced-EcsClusterNestedStackEcsClusterNestedStackResource0624F-16YPH1M1O6NC2 | 2/10 | 3:24:43 PM | CREATE_IN_PROGRESS   | AWS::IAM::Role                            | EcsCluster/ecs-autoscaleG-advanced/DrainECSHook/Function/ServiceRole (ecsautoscaleGadvancedDrainECSHookFunctionServiceRole62A40A07) Resource creation Initiated
tenant-template-stack-advanced-EcsClusterNestedStackEcsClusterNestedStackResource0624F-16YPH1M1O6NC2 | 2/10 | 3:24:44 PM | CREATE_IN_PROGRESS   | AWS::IAM::Role                            | EcsCluster/EniTrunking/CustomEniTrunkingRole (EniTrunkingCustomEniTrunkingRole13E70CB0) Resource creation Initiated
tenant-template-stack-advanced-EcsClusterNestedStackEcsClusterNestedStackResource0624F-16YPH1M1O6NC2 | 2/10 | 3:24:44 PM | CREATE_IN_PROGRESS   | AWS::CDK::Metadata                        | EcsCluster/CDKMetadata/Default (CDKMetadata) Resource creation Initiated
tenant-template-stack-advanced-EcsClusterNestedStackEcsClusterNestedStackResource0624F-16YPH1M1O6NC2 | 2/10 | 3:24:44 PM | CREATE_IN_PROGRESS   | AWS::SNS::Topic                           | EcsCluster/ecs-autoscaleG-advanced/LifecycleHookDrainHook/Topic (ecsautoscaleGadvancedLifecycleHookDrainHookTopic10EB7A3B) Resource creation Initiated
tenant-template-stack-advanced-EcsClusterNestedStackEcsClusterNestedStackResource0624F-16YPH1M1O6NC2 | 2/10 | 3:24:44 PM | CREATE_IN_PROGRESS   | AWS::ECS::Cluster                         | EcsCluster/EcsCluster (EcsCluster97242B84) Resource creation Initiated
tenant-template-stack-advanced-EcsClusterNestedStackEcsClusterNestedStackResource0624F-16YPH1M1O6NC2 | 1/10 | 3:24:44 PM | CREATE_COMPLETE      | AWS::CDK::Metadata                        | EcsCluster/CDKMetadata/Default (CDKMetadata) 
tenant-template-stack-advanced | 2/10 | 3:24:44 PM | CREATE_COMPLETE      | AWS::Cognito::UserPoolClient              | IdentityProvider/tenantUserPoolClient (IdentityProvidertenantUserPoolClient01DA8A68) 
tenant-template-stack-advanced-EcsClusterNestedStackEcsClusterNestedStackResource0624F-16YPH1M1O6NC2 | 3/10 | 3:24:44 PM | CREATE_COMPLETE      | AWS::SNS::Topic                           | EcsCluster/ecs-autoscaleG-advanced/LifecycleHookDrainHook/Topic (ecsautoscaleGadvancedLifecycleHookDrainHookTopic10EB7A3B) 
tenant-template-stack-advanced-EcsClusterNestedStackEcsClusterNestedStackResource0624F-16YPH1M1O6NC2 | 3/10 | 3:24:45 PM | CREATE_IN_PROGRESS   | AWS::EC2::SecurityGroup                   | EcsCluster/LaunchTemplateSG (LaunchTemplateSG62F977F3) Resource creation Initiated
tenant-template-stack-basic |  0/45 | 3:24:46 PM | CREATE_IN_PROGRESS   | AWS::IAM::Role                            | identity-ecsTaskRole (identityecsTaskRoleB20B6097) 
tenant-template-stack-basic |  0/45 | 3:24:46 PM | CREATE_IN_PROGRESS   | AWS::IAM::Role                            | identity-EcsServices/ecsTaskExecutionRole-basic (identityEcsServicesecsTaskExecutionRolebasic39205BAE) 
tenant-template-stack-basic |  0/45 | 3:24:46 PM | CREATE_IN_PROGRESS   | AWS::IAM::Role                            | academics-ecsTaskRole (academicsecsTaskRole3A7D7505) 
tenant-template-stack-basic |  0/45 | 3:24:46 PM | CREATE_IN_PROGRESS   | AWS::Logs::LogGroup                       | academics-TaskDef/academics-container/LogGroup (academicsTaskDefacademicscontainerLogGroup7AACD3D6) 
tenant-template-stack-basic |  0/45 | 3:24:46 PM | CREATE_IN_PROGRESS   | AWS::Logs::LogGroup                       | identity-TaskDef/identity-container/LogGroup (identityTaskDefidentitycontainerLogGroup2EAE7319) 
tenant-template-stack-basic |  0/45 | 3:24:46 PM | CREATE_IN_PROGRESS   | AWS::ElasticLoadBalancingV2::TargetGroup  | rproxy-EcsServices/target-group-rproxy-basic (rproxyEcsServicestargetgrouprproxybasic8453AE28) 
tenant-template-stack-basic |  0/45 | 3:24:46 PM | CREATE_IN_PROGRESS   | AWS::CDK::Metadata                        | EcsCluster/CDKMetadata/Default (CDKMetadata) 
tenant-template-stack-basic |  0/45 | 3:24:46 PM | CREATE_IN_PROGRESS   | AWS::CloudFormation::Stack                | EcsCluster.NestedStack/EcsCluster.NestedStackResource (EcsClusterNestedStackEcsClusterNestedStackResource0624F17C) 
tenant-template-stack-basic |  0/45 | 3:24:46 PM | CREATE_IN_PROGRESS   | AWS::IAM::Role                            | rproxy-EcsServices/ecsTaskExecutionRole-basic (rproxyEcsServicesecsTaskExecutionRolebasic78D970C8) 
controlplane-stack |   0/111 | 3:24:46 PM | CREATE_IN_PROGRESS   | AWS::Lambda::LayerVersion                 | AdminWebUi/AdminSite/AwsCliLayer (AdminWebUiAdminSiteAwsCliLayer9649A36B) 
controlplane-stack |   0/111 | 3:24:46 PM | CREATE_IN_PROGRESS   | AWS::IAM::Role                            | AdminWebUi/AdminWebUiCodePipeline/Role (AdminWebUiAdminWebUiCodePipelineRole19064798) 
controlplane-stack |   0/111 | 3:24:46 PM | CREATE_IN_PROGRESS   | AWS::IAM::Role                            | controlplane-sbt/tenantRegistrationService/destination/EventsRole (controlplanesbttenantRegistrationServicedestinationEventsRoleD5C49E6D) 
controlplane-stack |   0/111 | 3:24:46 PM | CREATE_IN_PROGRESS   | AWS::IAM::Role                            | controlplane-sbt/tenantManagementService/tenantManagementLambda/tenantManagementExecRole (controlplanesbttenantManagementServicetenantManagementLambdatenantManagementExecRole329FB7E1) 
controlplane-stack |   0/111 | 3:24:46 PM | CREATE_IN_PROGRESS   | AWS::IAM::Role                            | CognitoAuth/userManagementExecRole (CognitoAuthuserManagementExecRoleD30402FF) 
controlplane-stack |   0/111 | 3:24:46 PM | CREATE_IN_PROGRESS   | AWS::Logs::LogGroup                       | controlplane-sbt/tenantConfigService/tenantConfigLambda/BillingIngestorLogGroup (controlplanesbttenantConfigServicetenantConfigLambdaBillingIngestorLogGroupF6A64471) 
controlplane-stack |   0/111 | 3:24:46 PM | CREATE_IN_PROGRESS   | AWS::IAM::Role                            | Custom::CDKBucketDeployment8693BB64968944B69AAFB0CC9EB8756C1024MiB/ServiceRole (CustomCDKBucketDeployment8693BB64968944B69AAFB0CC9EB8756C1024MiBServiceRole739949D8) 
controlplane-stack |   0/111 | 3:24:46 PM | CREATE_IN_PROGRESS   | AWS::S3::Bucket                           | AdminWebUi/AdminWebUiCodePipeline/ArtifactsBucket (AdminWebUiAdminWebUiCodePipelineArtifactsBucket791887F9) 
controlplane-stack |   0/111 | 3:24:46 PM | CREATE_IN_PROGRESS   | AWS::IAM::Role                            | AdminWebUi/AdminWebUiReactBuildProject/Role (AdminWebUiAdminWebUiReactBuildProjectRole57061517) 
controlplane-stack |   0/111 | 3:24:46 PM | CREATE_IN_PROGRESS   | AWS::IAM::Role                            | CognitoAuth/createAdminUserFunction/ServiceRole (CognitoAuthcreateAdminUserFunctionServiceRoleA3C45FFC) 
controlplane-stack |   0/111 | 3:24:46 PM | CREATE_IN_PROGRESS   | AWS::DynamoDB::Table                      | controlplane-sbt/tenantManagementService/tenantManagementTable/TenantDetails (controlplanesbttenantManagementServicetenantManagementTableTenantDetails2B9D9269) 
controlplane-stack |   0/111 | 3:24:46 PM | CREATE_IN_PROGRESS   | AWS::Cognito::UserPool                    | CognitoAuth/UserPool (CognitoAuthUserPool9F7F9231) 
controlplane-stack |   0/111 | 3:24:46 PM | CREATE_IN_PROGRESS   | AWS::IAM::Role                            | AWS679f53fac002430cb0da5b7982bd2287/ServiceRole (AWS679f53fac002430cb0da5b7982bd2287ServiceRoleC1EA0FF2) 
controlplane-stack |   0/111 | 3:24:46 PM | CREATE_IN_PROGRESS   | AWS::Events::EventBus                     | controlplane-sbt/EventManager/SbtEventBus (controlplanesbtEventManagerSbtEventBus84ECD1F3) 
controlplane-stack |   0/111 | 3:24:46 PM | CREATE_IN_PROGRESS   | AWS::IAM::Role                            | Custom::S3AutoDeleteObjectsCustomResourceProvider/Role (CustomS3AutoDeleteObjectsCustomResourceProviderRole3B1BD092) 
controlplane-stack |   0/111 | 3:24:46 PM | CREATE_IN_PROGRESS   | AWS::IAM::Role                            | controlplane-sbt/tenantRegistrationService/tenantRegistrationLambda/TenantRegistrationFunc/ServiceRole (controlplanesbttenantRegistrationServicetenantRegistrationLambdaTenantRegistrationFuncServiceRole8F041BE0) 
controlplane-stack |   0/111 | 3:24:46 PM | CREATE_IN_PROGRESS   | AWS::CDK::Metadata                        | CDKMetadata/Default (CDKMetadata) 
controlplane-stack |   0/111 | 3:24:46 PM | CREATE_IN_PROGRESS   | AWS::ApiGatewayV2::Api                    | controlplane-sbt/controlPlaneApi/controlPlaneAPI (controlplanesbtcontrolPlaneApicontrolPlaneAPI0727026B) 
controlplane-stack |   0/111 | 3:24:46 PM | CREATE_IN_PROGRESS   | AWS::DynamoDB::Table                      | controlplane-sbt/tenantRegistrationService/tenantRegistrationTable/TenantRegistrationTable (controlplanesbttenantRegistrationServicetenantRegistrationTableTenantRegistrationTableD511E0AE) 
controlplane-stack |   0/111 | 3:24:46 PM | CREATE_IN_PROGRESS   | AWS::Lambda::LayerVersion                 | controlplane-sbt/tenantRegistrationService/tenantRegistrationLambda/AwsRequestsAuthLayer (controlplanesbttenantRegistrationServicetenantRegistrationLambdaAwsRequestsAuthLayer12409EE8) 
controlplane-stack |   0/111 | 3:24:46 PM | CREATE_IN_PROGRESS   | AWS::S3::Bucket                           | AdminWebUi/AdminSiteSourceCodeBucket (AdminWebUiAdminSiteSourceCodeBucketE6701D80) 
controlplane-stack |   0/111 | 3:24:46 PM | CREATE_IN_PROGRESS   | AWS::IAM::Role                            | controlplane-sbt/tenantConfigService/tenantConfigLambda/TenantConfigServiceLambda/ServiceRole (controlplanesbttenantConfigServicetenantConfigLambdaTenantConfigServiceLambdaServiceRoleB0D0928E) 
controlplane-stack |   0/111 | 3:24:46 PM | CREATE_IN_PROGRESS   | AWS::Logs::LogGroup                       | controlplane-sbt/controlPlaneApi/controlPlaneAPILogGroup (controlplanesbtcontrolPlaneApicontrolPlaneAPILogGroup71EFEAC1) 
controlplane-stack |   0/111 | 3:24:47 PM | CREATE_IN_PROGRESS   | AWS::IAM::Role                            | AdminWebUi/AdminWebUiCodePipeline/Role (AdminWebUiAdminWebUiCodePipelineRole19064798) Resource creation Initiated
controlplane-stack |   0/111 | 3:24:47 PM | CREATE_IN_PROGRESS   | AWS::Logs::LogGroup                       | controlplane-sbt/tenantConfigService/tenantConfigLambda/BillingIngestorLogGroup (controlplanesbttenantConfigServicetenantConfigLambdaBillingIngestorLogGroupF6A64471) Resource creation Initiated
controlplane-stack |   0/111 | 3:24:47 PM | CREATE_IN_PROGRESS   | AWS::Events::EventBus                     | controlplane-sbt/EventManager/SbtEventBus (controlplanesbtEventManagerSbtEventBus84ECD1F3) Resource creation Initiated
controlplane-stack |   0/111 | 3:24:47 PM | CREATE_IN_PROGRESS   | AWS::IAM::Role                            | Custom::S3AutoDeleteObjectsCustomResourceProvider/Role (CustomS3AutoDeleteObjectsCustomResourceProviderRole3B1BD092) Resource creation Initiated
controlplane-stack |   0/111 | 3:24:47 PM | CREATE_IN_PROGRESS   | AWS::IAM::Role                            | controlplane-sbt/tenantRegistrationService/tenantRegistrationLambda/TenantRegistrationFunc/ServiceRole (controlplanesbttenantRegistrationServicetenantRegistrationLambdaTenantRegistrationFuncServiceRole8F041BE0) Resource creation Initiated
controlplane-stack |   0/111 | 3:24:47 PM | CREATE_IN_PROGRESS   | AWS::IAM::Role                            | controlplane-sbt/tenantRegistrationService/destination/EventsRole (controlplanesbttenantRegistrationServicedestinationEventsRoleD5C49E6D) Resource creation Initiated
controlplane-stack |   0/111 | 3:24:47 PM | CREATE_IN_PROGRESS   | AWS::IAM::Role                            | AWS679f53fac002430cb0da5b7982bd2287/ServiceRole (AWS679f53fac002430cb0da5b7982bd2287ServiceRoleC1EA0FF2) Resource creation Initiated
controlplane-stack |   0/111 | 3:24:47 PM | CREATE_IN_PROGRESS   | AWS::IAM::Role                            | AdminWebUi/AdminWebUiReactBuildProject/Role (AdminWebUiAdminWebUiReactBuildProjectRole57061517) Resource creation Initiated
controlplane-stack |   0/111 | 3:24:47 PM | CREATE_IN_PROGRESS   | AWS::Logs::LogGroup                       | controlplane-sbt/controlPlaneApi/controlPlaneAPILogGroup (controlplanesbtcontrolPlaneApicontrolPlaneAPILogGroup71EFEAC1) Resource creation Initiated
controlplane-stack |   0/111 | 3:24:47 PM | CREATE_IN_PROGRESS   | AWS::IAM::Role                            | controlplane-sbt/tenantConfigService/tenantConfigLambda/TenantConfigServiceLambda/ServiceRole (controlplanesbttenantConfigServicetenantConfigLambdaTenantConfigServiceLambdaServiceRoleB0D0928E) Resource creation Initiated
controlplane-stack |   0/111 | 3:24:47 PM | CREATE_IN_PROGRESS   | AWS::IAM::Role                            | Custom::CDKBucketDeployment8693BB64968944B69AAFB0CC9EB8756C1024MiB/ServiceRole (CustomCDKBucketDeployment8693BB64968944B69AAFB0CC9EB8756C1024MiBServiceRole739949D8) Resource creation Initiated
controlplane-stack |   0/111 | 3:24:47 PM | CREATE_IN_PROGRESS   | AWS::IAM::Role                            | CognitoAuth/createAdminUserFunction/ServiceRole (CognitoAuthcreateAdminUserFunctionServiceRoleA3C45FFC) Resource creation Initiated
controlplane-stack |   0/111 | 3:24:47 PM | CREATE_IN_PROGRESS   | AWS::S3::Bucket                           | AdminWebUi/AdminWebUiCodePipeline/ArtifactsBucket (AdminWebUiAdminWebUiCodePipelineArtifactsBucket791887F9) Resource creation Initiated
controlplane-stack |   0/111 | 3:24:47 PM | CREATE_IN_PROGRESS   | AWS::CDK::Metadata                        | CDKMetadata/Default (CDKMetadata) Resource creation Initiated
controlplane-stack |   0/111 | 3:24:47 PM | CREATE_IN_PROGRESS   | AWS::DynamoDB::Table                      | controlplane-sbt/tenantManagementService/tenantManagementTable/TenantDetails (controlplanesbttenantManagementServicetenantManagementTableTenantDetails2B9D9269) Resource creation Initiated
controlplane-stack |   0/111 | 3:24:47 PM | CREATE_IN_PROGRESS   | AWS::IAM::Role                            | controlplane-sbt/tenantManagementService/tenantManagementLambda/tenantManagementExecRole (controlplanesbttenantManagementServicetenantManagementLambdatenantManagementExecRole329FB7E1) Resource creation Initiated
controlplane-stack |   1/111 | 3:24:47 PM | CREATE_COMPLETE      | AWS::CDK::Metadata                        | CDKMetadata/Default (CDKMetadata) 
controlplane-stack |   1/111 | 3:24:47 PM | CREATE_IN_PROGRESS   | AWS::IAM::Role                            | CognitoAuth/userManagementExecRole (CognitoAuthuserManagementExecRoleD30402FF) Resource creation Initiated
controlplane-stack |   1/111 | 3:24:47 PM | CREATE_IN_PROGRESS   | AWS::S3::Bucket                           | AdminWebUi/AdminSiteSourceCodeBucket (AdminWebUiAdminSiteSourceCodeBucketE6701D80) Resource creation Initiated
controlplane-stack |   1/111 | 3:24:47 PM | CREATE_IN_PROGRESS   | AWS::DynamoDB::Table                      | controlplane-sbt/tenantRegistrationService/tenantRegistrationTable/TenantRegistrationTable (controlplanesbttenantRegistrationServicetenantRegistrationTableTenantRegistrationTableD511E0AE) Resource creation Initiated
controlplane-stack |   1/111 | 3:24:47 PM | CREATE_IN_PROGRESS   | AWS::ApiGatewayV2::Api                    | controlplane-sbt/controlPlaneApi/controlPlaneAPI (controlplanesbtcontrolPlaneApicontrolPlaneAPI0727026B) Resource creation Initiated
tenant-template-stack-advanced-EcsClusterNestedStackEcsClusterNestedStackResource0624F-16YPH1M1O6NC2 | 4/10 | 3:24:48 PM | CREATE_COMPLETE      | AWS::ECS::Cluster                         | EcsCluster/EcsCluster (EcsCluster97242B84) 
tenant-template-stack-basic |  0/45 | 3:24:46 PM | CREATE_IN_PROGRESS   | AWS::ServiceDiscovery::HttpNamespace      | CloudMapNamespace (CloudMapNamespaceD0A6E694) 
tenant-template-stack-basic |  0/45 | 3:24:46 PM | CREATE_IN_PROGRESS   | AWS::DynamoDB::Table                      | identityStorage/edforge-identity-basic (identityStorageedforgeidentitybasicED16B725) 
tenant-template-stack-basic |  0/45 | 3:24:46 PM | CREATE_IN_PROGRESS   | AWS::DynamoDB::Table                      | academicsStorage/edforge-academics-basic (academicsStorageedforgeacademicsbasic3A1D540B) 
tenant-template-stack-basic |  0/45 | 3:24:46 PM | CREATE_IN_PROGRESS   | AWS::Cognito::UserPool                    | IdentityProvider/basic (basicUserPoolbasic) 
tenant-template-stack-basic |  0/45 | 3:24:46 PM | CREATE_IN_PROGRESS   | AWS::IAM::Role                            | rProxy-taskRole (rProxytaskRoleFFAA6BEB) 
tenant-template-stack-basic |  0/45 | 3:24:46 PM | CREATE_IN_PROGRESS   | AWS::Logs::LogGroup                       | rproxy-TaskDef/rproxy-container/LogGroup (rproxyTaskDefrproxycontainerLogGroup46CEFAD7) 
tenant-template-stack-basic |  0/45 | 3:24:46 PM | CREATE_IN_PROGRESS   | AWS::IAM::Role                            | AWS679f53fac002430cb0da5b7982bd2287/ServiceRole (AWS679f53fac002430cb0da5b7982bd2287ServiceRoleC1EA0FF2) 
tenant-template-stack-basic |  0/45 | 3:24:47 PM | CREATE_IN_PROGRESS   | AWS::Logs::LogGroup                       | identity-TaskDef/identity-container/LogGroup (identityTaskDefidentitycontainerLogGroup2EAE7319) Resource creation Initiated
tenant-template-stack-basic |  0/45 | 3:24:47 PM | CREATE_IN_PROGRESS   | AWS::IAM::Role                            | identity-EcsServices/ecsTaskExecutionRole-basic (identityEcsServicesecsTaskExecutionRolebasic39205BAE) Resource creation Initiated
tenant-template-stack-basic |  0/45 | 3:24:47 PM | CREATE_IN_PROGRESS   | AWS::CloudFormation::Stack                | EcsCluster.NestedStack/EcsCluster.NestedStackResource (EcsClusterNestedStackEcsClusterNestedStackResource0624F17C) Resource creation Initiated
tenant-template-stack-basic |  0/45 | 3:24:47 PM | CREATE_IN_PROGRESS   | AWS::IAM::Role                            | academics-ecsTaskRole (academicsecsTaskRole3A7D7505) Resource creation Initiated
tenant-template-stack-basic |  0/45 | 3:24:47 PM | CREATE_IN_PROGRESS   | AWS::Logs::LogGroup                       | rproxy-TaskDef/rproxy-container/LogGroup (rproxyTaskDefrproxycontainerLogGroup46CEFAD7) Resource creation Initiated
tenant-template-stack-basic |  0/45 | 3:24:47 PM | CREATE_IN_PROGRESS   | AWS::Logs::LogGroup                       | academics-TaskDef/academics-container/LogGroup (academicsTaskDefacademicscontainerLogGroup7AACD3D6) Resource creation Initiated
tenant-template-stack-basic |  0/45 | 3:24:47 PM | CREATE_IN_PROGRESS   | AWS::IAM::Role                            | identity-ecsTaskRole (identityecsTaskRoleB20B6097) Resource creation Initiated
tenant-template-stack-basic |  0/45 | 3:24:47 PM | CREATE_IN_PROGRESS   | AWS::IAM::Role                            | academics-EcsServices/ecsTaskExecutionRole-basic (academicsEcsServicesecsTaskExecutionRolebasicCAE27643) Resource creation Initiated
tenant-template-stack-basic |  0/45 | 3:24:47 PM | CREATE_IN_PROGRESS   | AWS::IAM::Role                            | rproxy-EcsServices/ecsTaskExecutionRole-basic (rproxyEcsServicesecsTaskExecutionRolebasic78D970C8) Resource creation Initiated
tenant-template-stack-basic |  0/45 | 3:24:47 PM | CREATE_IN_PROGRESS   | AWS::ElasticLoadBalancingV2::TargetGroup  | rproxy-EcsServices/target-group-rproxy-basic (rproxyEcsServicestargetgrouprproxybasic8453AE28) Resource creation Initiated
tenant-template-stack-basic |  0/45 | 3:24:47 PM | CREATE_IN_PROGRESS   | AWS::IAM::Role                            | rProxy-taskRole (rProxytaskRoleFFAA6BEB) Resource creation Initiated
tenant-template-stack-basic |  0/45 | 3:24:47 PM | CREATE_IN_PROGRESS   | AWS::CDK::Metadata                        | EcsCluster/CDKMetadata/Default (CDKMetadata) Resource creation Initiated
tenant-template-stack-basic |  0/45 | 3:24:47 PM | CREATE_IN_PROGRESS   | AWS::IAM::Role                            | AWS679f53fac002430cb0da5b7982bd2287/ServiceRole (AWS679f53fac002430cb0da5b7982bd2287ServiceRoleC1EA0FF2) Resource creation Initiated
tenant-template-stack-basic |  0/45 | 3:24:47 PM | CREATE_IN_PROGRESS   | AWS::DynamoDB::Table                      | identityStorage/edforge-identity-basic (identityStorageedforgeidentitybasicED16B725) Resource creation Initiated
tenant-template-stack-basic |  1/45 | 3:24:47 PM | CREATE_COMPLETE      | AWS::CDK::Metadata                        | EcsCluster/CDKMetadata/Default (CDKMetadata) 
tenant-template-stack-basic |  1/45 | 3:24:47 PM | CREATE_IN_PROGRESS   | AWS::DynamoDB::Table                      | academicsStorage/edforge-academics-basic (academicsStorageedforgeacademicsbasic3A1D540B) Resource creation Initiated
tenant-template-stack-basic |  1/45 | 3:24:47 PM | CREATE_IN_PROGRESS   | AWS::ServiceDiscovery::HttpNamespace      | CloudMapNamespace (CloudMapNamespaceD0A6E694) Resource creation Initiated
tenant-template-stack-basic |  1/45 | 3:24:48 PM | CREATE_IN_PROGRESS   | AWS::Cognito::UserPool                    | IdentityProvider/basic (basicUserPoolbasic) Resource creation Initiated
controlplane-stack |   1/111 | 3:24:48 PM | CREATE_IN_PROGRESS   | AWS::Cognito::UserPool                    | CognitoAuth/UserPool (CognitoAuthUserPool9F7F9231) Resource creation Initiated
controlplane-stack |   2/111 | 3:24:48 PM | CREATE_COMPLETE      | AWS::ApiGatewayV2::Api                    | controlplane-sbt/controlPlaneApi/controlPlaneAPI (controlplanesbtcontrolPlaneApicontrolPlaneAPI0727026B) 
controlplane-stack |   3/111 | 3:24:49 PM | CREATE_COMPLETE      | AWS::Events::EventBus                     | controlplane-sbt/EventManager/SbtEventBus (controlplanesbtEventManagerSbtEventBus84ECD1F3) 
controlplane-stack |   4/111 | 3:24:49 PM | CREATE_COMPLETE      | AWS::Cognito::UserPool                    | CognitoAuth/UserPool (CognitoAuthUserPool9F7F9231) 
tenant-template-stack-advanced | 5/10 | 3:24:48 PM | CREATE_COMPLETE      | AWS::EC2::SecurityGroup                   | ecsSG (ecsSGA0B21AD0) 
tenant-template-stack-basic |  1/45 | 3:24:48 PM | CREATE_IN_PROGRESS   | AWS::EC2::SecurityGroup                   | ecsSG (ecsSGA0B21AD0) Resource creation Initiated
tenant-template-stack-basic-EcsClusterNestedStackEcsClusterNestedStackResource0624F17C-1PVFB7H852JF9 |  1/45 | 3:24:49 PM | CREATE_IN_PROGRESS   | AWS::ECS::Cluster                         | EcsCluster/EcsCluster (EcsCluster97242B84) 
tenant-template-stack-basic-EcsClusterNestedStackEcsClusterNestedStackResource0624F17C-1PVFB7H852JF9 |  1/45 | 3:24:49 PM | CREATE_IN_PROGRESS   | AWS::CDK::Metadata                        | EcsCluster/CDKMetadata/Default (CDKMetadata) 
tenant-template-stack-basic |  2/45 | 3:24:49 PM | CREATE_COMPLETE      | AWS::Cognito::UserPool                    | IdentityProvider/basic (basicUserPoolbasic) 
tenant-template-stack-basic |  2/45 | 3:24:50 PM | CREATE_IN_PROGRESS   | AWS::Cognito::UserPoolClient              | IdentityProvider/tenantUserPoolClient (IdentityProvidertenantUserPoolClient01DA8A68) 
tenant-template-stack-basic-EcsClusterNestedStackEcsClusterNestedStackResource0624F17C-1PVFB7H852JF9 |  2/45 | 3:24:50 PM | CREATE_IN_PROGRESS   | AWS::CDK::Metadata                        | EcsCluster/CDKMetadata/Default (CDKMetadata) Resource creation Initiated
tenant-template-stack-basic-EcsClusterNestedStackEcsClusterNestedStackResource0624F17C-1PVFB7H852JF9 |  2/45 | 3:24:50 PM | CREATE_IN_PROGRESS   | AWS::ECS::Cluster                         | EcsCluster/EcsCluster (EcsCluster97242B84) Resource creation Initiated
tenant-template-stack-basic-EcsClusterNestedStackEcsClusterNestedStackResource0624F17C-1PVFB7H852JF9 |  1/45 | 3:24:50 PM | CREATE_COMPLETE      | AWS::CDK::Metadata                        | EcsCluster/CDKMetadata/Default (CDKMetadata) 
controlplane-stack |   4/111 | 3:24:50 PM | CREATE_IN_PROGRESS   | AWS::Cognito::UserPoolResourceServer      | CognitoAuth/UserPool/UserResourceServer (CognitoAuthUserPoolUserResourceServer6B37EC4B) 
controlplane-stack |   4/111 | 3:24:50 PM | CREATE_IN_PROGRESS   | AWS::Cognito::UserPoolDomain              | CognitoAuth/UserPoolDomain (CognitoAuthUserPoolDomain01556BC6) 
controlplane-stack |   4/111 | 3:24:50 PM | CREATE_IN_PROGRESS   | AWS::Cognito::UserPoolResourceServer      | CognitoAuth/UserPool/TenantResourceServer (CognitoAuthUserPoolTenantResourceServerBD937B49) 
controlplane-stack |   4/111 | 3:24:51 PM | CREATE_IN_PROGRESS   | AWS::Cognito::UserPoolResourceServer      | CognitoAuth/UserPool/UserResourceServer (CognitoAuthUserPoolUserResourceServer6B37EC4B) Resource creation Initiated
controlplane-stack |   4/111 | 3:24:51 PM | CREATE_IN_PROGRESS   | AWS::Cognito::UserPoolResourceServer      | CognitoAuth/UserPool/TenantResourceServer (CognitoAuthUserPoolTenantResourceServerBD937B49) Resource creation Initiated
controlplane-stack |   4/111 | 3:24:51 PM | CREATE_IN_PROGRESS   | AWS::Cognito::UserPoolDomain              | CognitoAuth/UserPoolDomain (CognitoAuthUserPoolDomain01556BC6) Resource creation Initiated
controlplane-stack |   5/111 | 3:24:51 PM | CREATE_COMPLETE      | AWS::Cognito::UserPoolResourceServer      | CognitoAuth/UserPool/UserResourceServer (CognitoAuthUserPoolUserResourceServer6B37EC4B) 
controlplane-stack |   6/111 | 3:24:52 PM | CREATE_COMPLETE      | AWS::Cognito::UserPoolResourceServer      | CognitoAuth/UserPool/TenantResourceServer (CognitoAuthUserPoolTenantResourceServerBD937B49) 
tenant-template-stack-advanced-EcsClusterNestedStackEcsClusterNestedStackResource0624F-16YPH1M1O6NC2 | 6/10 | 3:24:52 PM | CREATE_COMPLETE      | AWS::EC2::SecurityGroup                   | EcsCluster/LaunchTemplateSG (LaunchTemplateSG62F977F3) 
tenant-template-stack-basic |  1/45 | 3:24:51 PM | CREATE_IN_PROGRESS   | AWS::Cognito::UserPoolClient              | IdentityProvider/tenantUserPoolClient (IdentityProvidertenantUserPoolClient01DA8A68) Resource creation Initiated
tenant-template-stack-basic |  2/45 | 3:24:51 PM | CREATE_COMPLETE      | AWS::Cognito::UserPoolClient              | IdentityProvider/tenantUserPoolClient (IdentityProvidertenantUserPoolClient01DA8A68) 
controlplane-stack |   7/111 | 3:24:52 PM | CREATE_COMPLETE      | AWS::Cognito::UserPoolDomain              | CognitoAuth/UserPoolDomain (CognitoAuthUserPoolDomain01556BC6) 
controlplane-stack |   7/111 | 3:24:52 PM | CREATE_IN_PROGRESS   | AWS::Cognito::UserPoolClient              | CognitoAuth/UserPoolMachineClient (CognitoAuthUserPoolMachineClient3F49DBCF) 
controlplane-stack |   7/111 | 3:24:52 PM | CREATE_IN_PROGRESS   | AWS::Cognito::UserPoolClient              | CognitoAuth/UserPoolUserClient (CognitoAuthUserPoolUserClient5DD0303C) 
controlplane-stack |   7/111 | 3:24:52 PM | CREATE_IN_PROGRESS   | AWS::Lambda::LayerVersion                 | controlplane-sbt/tenantRegistrationService/tenantRegistrationLambda/AwsRequestsAuthLayer (controlplanesbttenantRegistrationServicetenantRegistrationLambdaAwsRequestsAuthLayer12409EE8) Resource creation Initiated
controlplane-stack |   8/111 | 3:24:53 PM | CREATE_COMPLETE      | AWS::Lambda::LayerVersion                 | controlplane-sbt/tenantRegistrationService/tenantRegistrationLambda/AwsRequestsAuthLayer (controlplanesbttenantRegistrationServicetenantRegistrationLambdaAwsRequestsAuthLayer12409EE8) 
controlplane-stack |   8/111 | 3:24:53 PM | CREATE_IN_PROGRESS   | AWS::Cognito::UserPoolClient              | CognitoAuth/UserPoolUserClient (CognitoAuthUserPoolUserClient5DD0303C) Resource creation Initiated
controlplane-stack |   8/111 | 3:24:54 PM | CREATE_IN_PROGRESS   | AWS::Cognito::UserPoolClient              | CognitoAuth/UserPoolMachineClient (CognitoAuthUserPoolMachineClient3F49DBCF) Resource creation Initiated
tenant-template-stack-basic-EcsClusterNestedStackEcsClusterNestedStackResource0624F17C-1PVFB7H852JF9 |  3/45 | 3:24:54 PM | CREATE_COMPLETE      | AWS::ECS::Cluster                         | EcsCluster/EcsCluster (EcsCluster97242B84) 
tenant-template-stack-basic-EcsClusterNestedStackEcsClusterNestedStackResource0624F17C-1PVFB7H852JF9 |  4/45 | 3:24:55 PM | CREATE_COMPLETE      | AWS::CloudFormation::Stack                | tenant-template-stack-basic-EcsClusterNestedStackEcsClusterNestedStackResource0624F17C-1PVFB7H852JF9 
tenant-template-stack-basic |  5/45 | 3:24:55 PM | CREATE_COMPLETE      | AWS::EC2::SecurityGroup                   | ecsSG (ecsSGA0B21AD0) 
tenant-template-stack-basic |  5/45 | 3:24:55 PM | CREATE_IN_PROGRESS   | AWS::Logs::LogGroup                       | academics-TaskDef/academics-container/LogGroup (academicsTaskDefacademicscontainerLogGroup7AACD3D6) Eventual consistency check initiated
tenant-template-stack-basic |  5/45 | 3:24:55 PM | CREATE_IN_PROGRESS   | AWS::Logs::LogGroup                       | rproxy-TaskDef/rproxy-container/LogGroup (rproxyTaskDefrproxycontainerLogGroup46CEFAD7) Eventual consistency check initiated
tenant-template-stack-basic |  5/45 | 3:24:56 PM | CREATE_IN_PROGRESS   | AWS::Logs::LogGroup                       | identity-TaskDef/identity-container/LogGroup (identityTaskDefidentitycontainerLogGroup2EAE7319) Eventual consistency check initiated
controlplane-stack |   9/111 | 3:24:54 PM | CREATE_COMPLETE      | AWS::Cognito::UserPoolClient              | CognitoAuth/UserPoolUserClient (CognitoAuthUserPoolUserClient5DD0303C) 
controlplane-stack |   9/111 | 3:24:54 PM | CREATE_IN_PROGRESS   | AWS::Lambda::LayerVersion                 | AdminWebUi/AdminSite/AwsCliLayer (AdminWebUiAdminSiteAwsCliLayer9649A36B) Resource creation Initiated
controlplane-stack |  10/111 | 3:24:54 PM | CREATE_COMPLETE      | AWS::Cognito::UserPoolClient              | CognitoAuth/UserPoolMachineClient (CognitoAuthUserPoolMachineClient3F49DBCF) 
controlplane-stack |  11/111 | 3:24:55 PM | CREATE_COMPLETE      | AWS::Lambda::LayerVersion                 | AdminWebUi/AdminSite/AwsCliLayer (AdminWebUiAdminSiteAwsCliLayer9649A36B) 
controlplane-stack |  11/111 | 3:24:55 PM | CREATE_IN_PROGRESS   | AWS::ApiGatewayV2::Authorizer             | controlplane-sbt/controlPlaneApi/controlPlaneAPI/tenantsAuthorizer (controlplanesbtcontrolPlaneApicontrolPlaneAPItenantsAuthorizer98A1C219) 
controlplane-stack |  11/111 | 3:24:56 PM | CREATE_IN_PROGRESS   | AWS::Logs::LogGroup                       | controlplane-sbt/tenantConfigService/tenantConfigLambda/BillingIngestorLogGroup (controlplanesbttenantConfigServicetenantConfigLambdaBillingIngestorLogGroupF6A64471) Eventual consistency check initiated
controlplane-stack |  11/111 | 3:24:56 PM | CREATE_IN_PROGRESS   | AWS::Logs::LogGroup                       | controlplane-sbt/controlPlaneApi/controlPlaneAPILogGroup (controlplanesbtcontrolPlaneApicontrolPlaneAPILogGroup71EFEAC1) Eventual consistency check initiated
controlplane-stack |  12/111 | 3:24:56 PM | CREATE_COMPLETE      | AWS::Logs::LogGroup                       | controlplane-sbt/tenantConfigService/tenantConfigLambda/BillingIngestorLogGroup (controlplanesbttenantConfigServicetenantConfigLambdaBillingIngestorLogGroupF6A64471) 
controlplane-stack |  13/111 | 3:24:56 PM | CREATE_COMPLETE      | AWS::Logs::LogGroup                       | controlplane-sbt/controlPlaneApi/controlPlaneAPILogGroup (controlplanesbtcontrolPlaneApicontrolPlaneAPILogGroup71EFEAC1) 
controlplane-stack |  13/111 | 3:24:56 PM | CREATE_IN_PROGRESS   | AWS::ApiGatewayV2::Authorizer             | controlplane-sbt/controlPlaneApi/controlPlaneAPI/tenantsAuthorizer (controlplanesbtcontrolPlaneApicontrolPlaneAPItenantsAuthorizer98A1C219) Resource creation Initiated
tenant-template-stack-advanced | 7/10 | 3:24:56 PM | CREATE_COMPLETE      | AWS::IAM::Role                            | AWS679f53fac002430cb0da5b7982bd2287/ServiceRole (AWS679f53fac002430cb0da5b7982bd2287ServiceRoleC1EA0FF2) 
tenant-template-stack-advanced | 7/10 | 3:24:56 PM | CREATE_IN_PROGRESS   | AWS::IAM::Policy                          | CreateTenantMapping/CustomResourcePolicy (CreateTenantMappingCustomResourcePolicy8D1C8E08) 
tenant-template-stack-advanced | 7/10 | 3:24:57 PM | CREATE_IN_PROGRESS   | AWS::Lambda::Function                     | AWS679f53fac002430cb0da5b7982bd2287 (AWS679f53fac002430cb0da5b7982bd22872D164C4C) 
tenant-template-stack-advanced | 7/10 | 3:24:57 PM | CREATE_IN_PROGRESS   | AWS::IAM::Policy                          | CreateTenantMapping/CustomResourcePolicy (CreateTenantMappingCustomResourcePolicy8D1C8E08) Resource creation Initiated
tenant-template-stack-basic |  6/45 | 3:24:56 PM | CREATE_COMPLETE      | AWS::Logs::LogGroup                       | identity-TaskDef/identity-container/LogGroup (identityTaskDefidentitycontainerLogGroup2EAE7319) 
tenant-template-stack-basic |  7/45 | 3:24:56 PM | CREATE_COMPLETE      | AWS::Logs::LogGroup                       | academics-TaskDef/academics-container/LogGroup (academicsTaskDefacademicscontainerLogGroup7AACD3D6) 
tenant-template-stack-basic |  8/45 | 3:24:56 PM | CREATE_COMPLETE      | AWS::Logs::LogGroup                       | rproxy-TaskDef/rproxy-container/LogGroup (rproxyTaskDefrproxycontainerLogGroup46CEFAD7) 
tenant-template-stack-basic |  8/45 | 3:24:56 PM | CREATE_IN_PROGRESS   | AWS::EC2::SecurityGroupIngress            | ecsSG/from tenanttemplatestackbasicecsSG212121C2:3010 (ecsSGfromtenanttemplatestackbasicecsSG212121C230109F3751AC) 
tenant-template-stack-basic |  8/45 | 3:24:56 PM | CREATE_IN_PROGRESS   | AWS::EC2::SecurityGroupIngress            | ecsSG/from tenanttemplatestackbasicrproxyEcsServicesalbSG86EEF133:80 (ecsSGfromtenanttemplatestackbasicrproxyEcsServicesalbSG86EEF133807887FD3B) 
tenant-template-stack-basic |  9/45 | 3:24:57 PM | CREATE_COMPLETE      | AWS::CloudFormation::Stack                | EcsCluster.NestedStack/EcsCluster.NestedStackResource (EcsClusterNestedStackEcsClusterNestedStackResource0624F17C) 
tenant-template-stack-basic |  9/45 | 3:24:57 PM | CREATE_IN_PROGRESS   | AWS::EC2::SecurityGroupIngress            | ecsSG/from tenanttemplatestackbasicecsSG212121C2:3010 (ecsSGfromtenanttemplatestackbasicecsSG212121C230109F3751AC) Resource creation Initiated
tenant-template-stack-basic |  9/45 | 3:24:57 PM | CREATE_IN_PROGRESS   | AWS::EC2::SecurityGroupIngress            | ecsSG/from tenanttemplatestackbasicrproxyEcsServicesalbSG86EEF133:80 (ecsSGfromtenanttemplatestackbasicrproxyEcsServicesalbSG86EEF133807887FD3B) Resource creation Initiated
controlplane-stack |  14/111 | 3:24:57 PM | CREATE_COMPLETE      | AWS::ApiGatewayV2::Authorizer             | controlplane-sbt/controlPlaneApi/controlPlaneAPI/tenantsAuthorizer (controlplanesbtcontrolPlaneApicontrolPlaneAPItenantsAuthorizer98A1C219) 
controlplane-stack |  14/111 | 3:24:57 PM | CREATE_IN_PROGRESS   | AWS::ApiGatewayV2::Stage                  | controlplane-sbt/controlPlaneApi/controlPlaneAPI/DefaultStage (controlplanesbtcontrolPlaneApicontrolPlaneAPIDefaultStage5AE17249) 
controlplane-stack |  14/111 | 3:24:58 PM | CREATE_IN_PROGRESS   | AWS::ApiGatewayV2::Stage                  | controlplane-sbt/controlPlaneApi/controlPlaneAPI/DefaultStage (controlplanesbtcontrolPlaneApicontrolPlaneAPIDefaultStage5AE17249) Resource creation Initiated
tenant-template-stack-advanced | 7/10 | 3:24:58 PM | CREATE_IN_PROGRESS   | AWS::Lambda::Function                     | AWS679f53fac002430cb0da5b7982bd2287 (AWS679f53fac002430cb0da5b7982bd22872D164C4C) Resource creation Initiated
tenant-template-stack-advanced | 7/10 | 3:24:59 PM | CREATE_IN_PROGRESS   | AWS::Lambda::Function                     | AWS679f53fac002430cb0da5b7982bd2287 (AWS679f53fac002430cb0da5b7982bd22872D164C4C) Eventual consistency check initiated
tenant-template-stack-advanced-EcsClusterNestedStackEcsClusterNestedStackResource0624F-16YPH1M1O6NC2 | 8/10 | 3:25:00 PM | CREATE_COMPLETE      | AWS::IAM::Role                            | EcsCluster/ecs-autoscaleG-advanced/LifecycleHookDrainHook/Role (ecsautoscaleGadvancedLifecycleHookDrainHookRole7ED514A7) 
tenant-template-stack-advanced-EcsClusterNestedStackEcsClusterNestedStackResource0624F-16YPH1M1O6NC2 | 9/10 | 3:25:00 PM | CREATE_COMPLETE      | AWS::IAM::Role                            | EcsCluster/ecs-autoscaleG-advanced/DrainECSHook/Function/ServiceRole (ecsautoscaleGadvancedDrainECSHookFunctionServiceRole62A40A07) 
tenant-template-stack-advanced-EcsClusterNestedStackEcsClusterNestedStackResource0624F-16YPH1M1O6NC2 | 10/10 | 3:25:00 PM | CREATE_COMPLETE      | AWS::IAM::Role                            | EcsCluster/EcsCluster/launchTemplateRole (EcsClusterlaunchTemplateRole4A7FB63F) 
tenant-template-stack-advanced-EcsClusterNestedStackEcsClusterNestedStackResource0624F-16YPH1M1O6NC2 | 11/10 | 3:25:00 PM | CREATE_COMPLETE      | AWS::IAM::Role                            | EcsCluster/EniTrunking/CustomEniTrunkingRole (EniTrunkingCustomEniTrunkingRole13E70CB0) 
tenant-template-stack-advanced-EcsClusterNestedStackEcsClusterNestedStackResource0624F-16YPH1M1O6NC2 | 11/10 | 3:25:00 PM | CREATE_IN_PROGRESS   | AWS::IAM::Policy                          | EcsCluster/ecs-autoscaleG-advanced/LifecycleHookDrainHook/Role/DefaultPolicy (ecsautoscaleGadvancedLifecycleHookDrainHookRoleDefaultPolicyE16405D8) 
tenant-template-stack-basic | 10/45 | 3:24:58 PM | CREATE_COMPLETE      | AWS::EC2::SecurityGroupIngress            | ecsSG/from tenanttemplatestackbasicecsSG212121C2:3010 (ecsSGfromtenanttemplatestackbasicecsSG212121C230109F3751AC) 
tenant-template-stack-basic | 11/45 | 3:24:58 PM | CREATE_COMPLETE      | AWS::EC2::SecurityGroupIngress            | ecsSG/from tenanttemplatestackbasicrproxyEcsServicesalbSG86EEF133:80 (ecsSGfromtenanttemplatestackbasicrproxyEcsServicesalbSG86EEF133807887FD3B) 
controlplane-stack |  15/111 | 3:24:59 PM | CREATE_COMPLETE      | AWS::ApiGatewayV2::Stage                  | controlplane-sbt/controlPlaneApi/controlPlaneAPI/DefaultStage (controlplanesbtcontrolPlaneApicontrolPlaneAPIDefaultStage5AE17249) 
controlplane-stack |  16/111 | 3:25:00 PM | CREATE_COMPLETE      | AWS::S3::Bucket                           | AdminWebUi/AdminWebUiCodePipeline/ArtifactsBucket (AdminWebUiAdminWebUiCodePipelineArtifactsBucket791887F9) 
controlplane-stack |  17/111 | 3:25:00 PM | CREATE_COMPLETE      | AWS::DynamoDB::Table                      | controlplane-sbt/tenantRegistrationService/tenantRegistrationTable/TenantRegistrationTable (controlplanesbttenantRegistrationServicetenantRegistrationTableTenantRegistrationTableD511E0AE) 
controlplane-stack |  18/111 | 3:25:01 PM | CREATE_COMPLETE      | AWS::S3::Bucket                           | AdminWebUi/AdminSiteSourceCodeBucket (AdminWebUiAdminSiteSourceCodeBucketE6701D80) 
tenant-template-stack-advanced-EcsClusterNestedStackEcsClusterNestedStackResource0624F-16YPH1M1O6NC2 | 11/10 | 3:25:01 PM | CREATE_IN_PROGRESS   | AWS::IAM::Role                            | EcsCluster/EniTrunking/EC2Role (EniTrunkingEC2Role860DCE83) 
tenant-template-stack-advanced-EcsClusterNestedStackEcsClusterNestedStackResource0624F-16YPH1M1O6NC2 | 11/10 | 3:25:01 PM | CREATE_IN_PROGRESS   | AWS::IAM::Policy                          | EcsCluster/ecs-autoscaleG-advanced/LifecycleHookDrainHook/Role/DefaultPolicy (ecsautoscaleGadvancedLifecycleHookDrainHookRoleDefaultPolicyE16405D8) Resource creation Initiated
tenant-template-stack-advanced-EcsClusterNestedStackEcsClusterNestedStackResource0624F-16YPH1M1O6NC2 | 11/10 | 3:25:02 PM | CREATE_IN_PROGRESS   | AWS::IAM::Role                            | EcsCluster/EniTrunking/EC2Role (EniTrunkingEC2Role860DCE83) Resource creation Initiated
controlplane-stack |  18/111 | 3:25:02 PM | CREATE_IN_PROGRESS   | AWS::S3::BucketPolicy                     | AdminWebUi/AdminWebUiCodePipeline/ArtifactsBucket/Policy (AdminWebUiAdminWebUiCodePipelineArtifactsBucketPolicy82355E65) 
controlplane-stack |  18/111 | 3:25:03 PM | CREATE_IN_PROGRESS   | AWS::S3::BucketPolicy                     | AdminWebUi/AdminWebUiCodePipeline/ArtifactsBucket/Policy (AdminWebUiAdminWebUiCodePipelineArtifactsBucketPolicy82355E65) Resource creation Initiated
controlplane-stack |  19/111 | 3:25:03 PM | CREATE_COMPLETE      | AWS::IAM::Role                            | AdminWebUi/AdminWebUiCodePipeline/Role (AdminWebUiAdminWebUiCodePipelineRole19064798) 
controlplane-stack |  20/111 | 3:25:03 PM | CREATE_COMPLETE      | AWS::IAM::Role                            | Custom::S3AutoDeleteObjectsCustomResourceProvider/Role (CustomS3AutoDeleteObjectsCustomResourceProviderRole3B1BD092) 
tenant-template-stack-basic | 12/45 | 3:25:03 PM | CREATE_COMPLETE      | AWS::ElasticLoadBalancingV2::TargetGroup  | rproxy-EcsServices/target-group-rproxy-basic (rproxyEcsServicestargetgrouprproxybasic8453AE28) 
tenant-template-stack-basic | 13/45 | 3:25:03 PM | CREATE_COMPLETE      | AWS::IAM::Role                            | academics-ecsTaskRole (academicsecsTaskRole3A7D7505) 
tenant-template-stack-basic | 14/45 | 3:25:03 PM | CREATE_COMPLETE      | AWS::IAM::Role                            | identity-ecsTaskRole (identityecsTaskRoleB20B6097) 
tenant-template-stack-basic | 15/45 | 3:25:03 PM | CREATE_COMPLETE      | AWS::IAM::Role                            | identity-EcsServices/ecsTaskExecutionRole-basic (identityEcsServicesecsTaskExecutionRolebasic39205BAE) 
tenant-template-stack-basic | 16/45 | 3:25:03 PM | CREATE_COMPLETE      | AWS::IAM::Role                            | academics-EcsServices/ecsTaskExecutionRole-basic (academicsEcsServicesecsTaskExecutionRolebasicCAE27643) 
tenant-template-stack-basic | 16/45 | 3:25:03 PM | CREATE_IN_PROGRESS   | AWS::ElasticLoadBalancingV2::ListenerRule | rproxy-EcsServices/Rule-rproxy-basic (rproxyEcsServicesRulerproxybasicD860984B) 
tenant-template-stack-basic | 17/45 | 3:25:03 PM | CREATE_COMPLETE      | AWS::IAM::Role                            | rProxy-taskRole (rProxytaskRoleFFAA6BEB) 
tenant-template-stack-basic | 18/45 | 3:25:03 PM | CREATE_COMPLETE      | AWS::IAM::Role                            | rproxy-EcsServices/ecsTaskExecutionRole-basic (rproxyEcsServicesecsTaskExecutionRolebasic78D970C8) 
tenant-template-stack-basic | 19/45 | 3:25:03 PM | CREATE_COMPLETE      | AWS::IAM::Role                            | AWS679f53fac002430cb0da5b7982bd2287/ServiceRole (AWS679f53fac002430cb0da5b7982bd2287ServiceRoleC1EA0FF2) 
tenant-template-stack-basic | 19/45 | 3:25:04 PM | CREATE_IN_PROGRESS   | AWS::IAM::Policy                          | identityAdditionalPolicy (identityAdditionalPolicyC8B83EBD) 
tenant-template-stack-basic | 19/45 | 3:25:04 PM | CREATE_IN_PROGRESS   | AWS::IAM::Policy                          | academicsAdditionalPolicy (academicsAdditionalPolicyCC46FF36) 
tenant-template-stack-basic | 19/45 | 3:25:04 PM | CREATE_IN_PROGRESS   | AWS::IAM::Policy                          | rProxy-taskRole/DefaultPolicy (rProxytaskRoleDefaultPolicy86C93DA0) 
tenant-template-stack-basic | 19/45 | 3:25:04 PM | CREATE_IN_PROGRESS   | AWS::IAM::Policy                          | CreateTenantMapping/CustomResourcePolicy (CreateTenantMappingCustomResourcePolicy8D1C8E08) 
tenant-template-stack-basic | 19/45 | 3:25:04 PM | CREATE_IN_PROGRESS   | AWS::Lambda::Function                     | AWS679f53fac002430cb0da5b7982bd2287 (AWS679f53fac002430cb0da5b7982bd22872D164C4C) 
tenant-template-stack-basic | 19/45 | 3:25:05 PM | CREATE_IN_PROGRESS   | AWS::IAM::Policy                          | identityAdditionalPolicy (identityAdditionalPolicyC8B83EBD) Resource creation Initiated
tenant-template-stack-basic | 19/45 | 3:25:05 PM | CREATE_IN_PROGRESS   | AWS::IAM::Policy                          | academicsAdditionalPolicy (academicsAdditionalPolicyCC46FF36) Resource creation Initiated
tenant-template-stack-basic | 19/45 | 3:25:05 PM | CREATE_IN_PROGRESS   | AWS::ElasticLoadBalancingV2::ListenerRule | rproxy-EcsServices/Rule-rproxy-basic (rproxyEcsServicesRulerproxybasicD860984B) Resource creation Initiated
tenant-template-stack-basic | 19/45 | 3:25:05 PM | CREATE_IN_PROGRESS   | AWS::ECS::TaskDefinition                  | rproxy-TaskDef (rproxyTaskDefA08A04AC) 
tenant-template-stack-basic | 19/45 | 3:25:05 PM | CREATE_IN_PROGRESS   | AWS::IAM::Policy                          | rProxy-taskRole/DefaultPolicy (rProxytaskRoleDefaultPolicy86C93DA0) Resource creation Initiated
tenant-template-stack-basic | 19/45 | 3:25:05 PM | CREATE_IN_PROGRESS   | AWS::IAM::Policy                          | CreateTenantMapping/CustomResourcePolicy (CreateTenantMappingCustomResourcePolicy8D1C8E08) Resource creation Initiated
tenant-template-stack-advanced | 12/10 | 3:25:05 PM | CREATE_COMPLETE      | AWS::Lambda::Function                     | AWS679f53fac002430cb0da5b7982bd2287 (AWS679f53fac002430cb0da5b7982bd22872D164C4C) 
controlplane-stack |  21/111 | 3:25:03 PM | CREATE_COMPLETE      | AWS::IAM::Role                            | controlplane-sbt/tenantRegistrationService/tenantRegistrationLambda/TenantRegistrationFunc/ServiceRole (controlplanesbttenantRegistrationServicetenantRegistrationLambdaTenantRegistrationFuncServiceRole8F041BE0) 
controlplane-stack |  22/111 | 3:25:03 PM | CREATE_COMPLETE      | AWS::IAM::Role                            | controlplane-sbt/tenantRegistrationService/destination/EventsRole (controlplanesbttenantRegistrationServicedestinationEventsRoleD5C49E6D) 
controlplane-stack |  23/111 | 3:25:03 PM | CREATE_COMPLETE      | AWS::IAM::Role                            | AWS679f53fac002430cb0da5b7982bd2287/ServiceRole (AWS679f53fac002430cb0da5b7982bd2287ServiceRoleC1EA0FF2) 
controlplane-stack |  24/111 | 3:25:03 PM | CREATE_COMPLETE      | AWS::IAM::Role                            | Custom::CDKBucketDeployment8693BB64968944B69AAFB0CC9EB8756C1024MiB/ServiceRole (CustomCDKBucketDeployment8693BB64968944B69AAFB0CC9EB8756C1024MiBServiceRole739949D8) 
controlplane-stack |  25/111 | 3:25:04 PM | CREATE_COMPLETE      | AWS::S3::BucketPolicy                     | AdminWebUi/AdminWebUiCodePipeline/ArtifactsBucket/Policy (AdminWebUiAdminWebUiCodePipelineArtifactsBucketPolicy82355E65) 
controlplane-stack |  26/111 | 3:25:04 PM | CREATE_COMPLETE      | AWS::IAM::Role                            | AdminWebUi/AdminWebUiReactBuildProject/Role (AdminWebUiAdminWebUiReactBuildProjectRole57061517) 
controlplane-stack |  27/111 | 3:25:04 PM | CREATE_COMPLETE      | AWS::IAM::Role                            | CognitoAuth/createAdminUserFunction/ServiceRole (CognitoAuthcreateAdminUserFunctionServiceRoleA3C45FFC) 
controlplane-stack |  28/111 | 3:25:04 PM | CREATE_COMPLETE      | AWS::IAM::Role                            | controlplane-sbt/tenantManagementService/tenantManagementLambda/tenantManagementExecRole (controlplanesbttenantManagementServicetenantManagementLambdatenantManagementExecRole329FB7E1) 
controlplane-stack |  29/111 | 3:25:04 PM | CREATE_COMPLETE      | AWS::IAM::Role                            | controlplane-sbt/tenantConfigService/tenantConfigLambda/TenantConfigServiceLambda/ServiceRole (controlplanesbttenantConfigServicetenantConfigLambdaTenantConfigServiceLambdaServiceRoleB0D0928E) 
controlplane-stack |  30/111 | 3:25:04 PM | CREATE_COMPLETE      | AWS::IAM::Role                            | CognitoAuth/userManagementExecRole (CognitoAuthuserManagementExecRoleD30402FF) 
controlplane-stack |  30/111 | 3:25:04 PM | CREATE_IN_PROGRESS   | AWS::IAM::Role                            | AdminWebUi/AdminWebUiCodePipeline/Build/CompileReactSite/CodePipelineActionRole (AdminWebUiAdminWebUiCodePipelineBuildCompileReactSiteCodePipelineActionRole78C82098) 
controlplane-stack |  30/111 | 3:25:04 PM | CREATE_IN_PROGRESS   | AWS::IAM::Role                            | AdminWebUi/AdminWebUiCodePipeline/Source/AdminWebUi/CodePipelineActionRole (AdminWebUiAdminWebUiCodePipelineSourceAdminWebUiCodePipelineActionRoleB57BDF09) 
controlplane-stack |  30/111 | 3:25:04 PM | CREATE_IN_PROGRESS   | AWS::IAM::Role                            | AdminWebUi/AdminWebUiCodePipeline/Deploy/CopyToS3/CodePipelineActionRole (AdminWebUiAdminWebUiCodePipelineDeployCopyToS3CodePipelineActionRole16894AF5) 
controlplane-stack |  30/111 | 3:25:04 PM | CREATE_IN_PROGRESS   | AWS::Lambda::Function                     | Custom::S3AutoDeleteObjectsCustomResourceProvider/Handler (CustomS3AutoDeleteObjectsCustomResourceProviderHandler9D90184F) 
controlplane-stack |  30/111 | 3:25:04 PM | CREATE_IN_PROGRESS   | AWS::IAM::Policy                          | CognitoAuth/userManagementExecRole/DefaultPolicy (CognitoAuthuserManagementExecRoleDefaultPolicyDC2BBB91) 
controlplane-stack |  30/111 | 3:25:04 PM | CREATE_IN_PROGRESS   | AWS::Lambda::Function                     | AWS679f53fac002430cb0da5b7982bd2287 (AWS679f53fac002430cb0da5b7982bd22872D164C4C) 
controlplane-stack |  30/111 | 3:25:04 PM | CREATE_IN_PROGRESS   | AWS::CodeBuild::Project                   | AdminWebUi/AdminWebUiReactBuildProject (AdminWebUiAdminWebUiReactBuildProjectC8D6BA9F) 
controlplane-stack |  30/111 | 3:25:05 PM | CREATE_IN_PROGRESS   | AWS::IAM::Policy                          | CognitoAuth/UserPoolMachineClient/DescribeCognitoUserPoolClient/CustomResourcePolicy (CognitoAuthUserPoolMachineClientDescribeCognitoUserPoolClientCustomResourcePolicy1DCE2451) 
controlplane-stack |  30/111 | 3:25:05 PM | CREATE_IN_PROGRESS   | AWS::S3::BucketPolicy                     | AdminWebUi/AdminSiteSourceCodeBucket/Policy (AdminWebUiAdminSiteSourceCodeBucketPolicy15EFA742) 
controlplane-stack |  30/111 | 3:25:05 PM | CREATE_IN_PROGRESS   | AWS::IAM::Policy                          | controlplane-sbt/tenantRegistrationService/tenantRegistrationLambda/TenantRegistrationFunc/ServiceRole/DefaultPolicy (controlplanesbttenantRegistrationServicetenantRegistrationLambdaTenantRegistrationFuncServiceRoleDefaultPolicy302347DD) 
controlplane-stack |  30/111 | 3:25:05 PM | CREATE_IN_PROGRESS   | AWS::IAM::Policy                          | CognitoAuth/createAdminUserFunction/ServiceRole/DefaultPolicy (CognitoAuthcreateAdminUserFunctionServiceRoleDefaultPolicyDCFAA4D5) 
controlplane-stack |  30/111 | 3:25:05 PM | CREATE_IN_PROGRESS   | AWS::IAM::Role                            | AdminWebUi/AdminWebUiCodePipeline/Deploy/CopyToS3/CodePipelineActionRole (AdminWebUiAdminWebUiCodePipelineDeployCopyToS3CodePipelineActionRole16894AF5) Resource creation Initiated
controlplane-stack |  30/111 | 3:25:05 PM | CREATE_IN_PROGRESS   | AWS::IAM::Role                            | AdminWebUi/AdminWebUiCodePipeline/Source/AdminWebUi/CodePipelineActionRole (AdminWebUiAdminWebUiCodePipelineSourceAdminWebUiCodePipelineActionRoleB57BDF09) Resource creation Initiated
controlplane-stack |  30/111 | 3:25:05 PM | CREATE_IN_PROGRESS   | AWS::IAM::Role                            | AdminWebUi/AdminWebUiCodePipeline/Build/CompileReactSite/CodePipelineActionRole (AdminWebUiAdminWebUiCodePipelineBuildCompileReactSiteCodePipelineActionRole78C82098) Resource creation Initiated
controlplane-stack |  30/111 | 3:25:05 PM | CREATE_IN_PROGRESS   | AWS::IAM::Policy                          | CognitoAuth/userManagementExecRole/DefaultPolicy (CognitoAuthuserManagementExecRoleDefaultPolicyDC2BBB91) Resource creation Initiated
controlplane-stack |  30/111 | 3:25:05 PM | CREATE_IN_PROGRESS   | AWS::IAM::Policy                          | Custom::CDKBucketDeployment8693BB64968944B69AAFB0CC9EB8756C1024MiB/ServiceRole/DefaultPolicy (CustomCDKBucketDeployment8693BB64968944B69AAFB0CC9EB8756C1024MiBServiceRoleDefaultPolicy0801355D) 
controlplane-stack |  30/111 | 3:25:06 PM | CREATE_IN_PROGRESS   | AWS::IAM::Policy                          | CognitoAuth/UserPoolMachineClient/DescribeCognitoUserPoolClient/CustomResourcePolicy (CognitoAuthUserPoolMachineClientDescribeCognitoUserPoolClientCustomResourcePolicy1DCE2451) Resource creation Initiated
controlplane-stack |  30/111 | 3:25:06 PM | CREATE_IN_PROGRESS   | AWS::IAM::Policy                          | controlplane-sbt/tenantRegistrationService/tenantRegistrationLambda/TenantRegistrationFunc/ServiceRole/DefaultPolicy (controlplanesbttenantRegistrationServicetenantRegistrationLambdaTenantRegistrationFuncServiceRoleDefaultPolicy302347DD) Resource creation Initiated
controlplane-stack |  30/111 | 3:25:06 PM | CREATE_IN_PROGRESS   | AWS::CodeBuild::Project                   | AdminWebUi/AdminWebUiReactBuildProject (AdminWebUiAdminWebUiReactBuildProjectC8D6BA9F) Resource creation Initiated
controlplane-stack |  30/111 | 3:25:06 PM | CREATE_IN_PROGRESS   | AWS::IAM::Policy                          | CognitoAuth/createAdminUserFunction/ServiceRole/DefaultPolicy (CognitoAuthcreateAdminUserFunctionServiceRoleDefaultPolicyDCFAA4D5) Resource creation Initiated
tenant-template-stack-basic | 20/45 | 3:25:06 PM | CREATE_COMPLETE      | AWS::ElasticLoadBalancingV2::ListenerRule | rproxy-EcsServices/Rule-rproxy-basic (rproxyEcsServicesRulerproxybasicD860984B) 
tenant-template-stack-basic | 20/45 | 3:25:06 PM | CREATE_IN_PROGRESS   | AWS::Lambda::Function                     | AWS679f53fac002430cb0da5b7982bd2287 (AWS679f53fac002430cb0da5b7982bd22872D164C4C) Resource creation Initiated
tenant-template-stack-basic | 20/45 | 3:25:06 PM | CREATE_IN_PROGRESS   | AWS::ECS::TaskDefinition                  | rproxy-TaskDef (rproxyTaskDefA08A04AC) Resource creation Initiated
tenant-template-stack-basic | 20/45 | 3:25:07 PM | CREATE_IN_PROGRESS   | AWS::Lambda::Function                     | AWS679f53fac002430cb0da5b7982bd2287 (AWS679f53fac002430cb0da5b7982bd22872D164C4C) Eventual consistency check initiated
tenant-template-stack-basic | 21/45 | 3:25:07 PM | CREATE_COMPLETE      | AWS::ECS::TaskDefinition                  | rproxy-TaskDef (rproxyTaskDefA08A04AC) 
controlplane-stack |  30/111 | 3:25:06 PM | CREATE_IN_PROGRESS   | AWS::Lambda::Function                     | Custom::S3AutoDeleteObjectsCustomResourceProvider/Handler (CustomS3AutoDeleteObjectsCustomResourceProviderHandler9D90184F) Resource creation Initiated
controlplane-stack |  30/111 | 3:25:06 PM | CREATE_IN_PROGRESS   | AWS::S3::BucketPolicy                     | AdminWebUi/AdminSiteSourceCodeBucket/Policy (AdminWebUiAdminSiteSourceCodeBucketPolicy15EFA742) Resource creation Initiated
controlplane-stack |  30/111 | 3:25:06 PM | CREATE_IN_PROGRESS   | AWS::Lambda::Function                     | AWS679f53fac002430cb0da5b7982bd2287 (AWS679f53fac002430cb0da5b7982bd22872D164C4C) Resource creation Initiated
controlplane-stack |  30/111 | 3:25:06 PM | CREATE_IN_PROGRESS   | AWS::IAM::Policy                          | Custom::CDKBucketDeployment8693BB64968944B69AAFB0CC9EB8756C1024MiB/ServiceRole/DefaultPolicy (CustomCDKBucketDeployment8693BB64968944B69AAFB0CC9EB8756C1024MiBServiceRoleDefaultPolicy0801355D) Resource creation Initiated
controlplane-stack |  31/111 | 3:25:06 PM | CREATE_COMPLETE      | AWS::CodeBuild::Project                   | AdminWebUi/AdminWebUiReactBuildProject (AdminWebUiAdminWebUiReactBuildProjectC8D6BA9F) 
controlplane-stack |  32/111 | 3:25:06 PM | CREATE_COMPLETE      | AWS::S3::BucketPolicy                     | AdminWebUi/AdminSiteSourceCodeBucket/Policy (AdminWebUiAdminSiteSourceCodeBucketPolicy15EFA742) 
controlplane-stack |  32/111 | 3:25:07 PM | CREATE_IN_PROGRESS   | AWS::Lambda::Function                     | Custom::S3AutoDeleteObjectsCustomResourceProvider/Handler (CustomS3AutoDeleteObjectsCustomResourceProviderHandler9D90184F) Eventual consistency check initiated
controlplane-stack |  32/111 | 3:25:07 PM | CREATE_IN_PROGRESS   | AWS::Lambda::Function                     | AWS679f53fac002430cb0da5b7982bd2287 (AWS679f53fac002430cb0da5b7982bd22872D164C4C) Eventual consistency check initiated
controlplane-stack |  32/111 | 3:25:08 PM | CREATE_IN_PROGRESS   | AWS::IAM::Policy                          | AdminWebUi/AdminWebUiReactBuildProject/Role/DefaultPolicy (AdminWebUiAdminWebUiReactBuildProjectRoleDefaultPolicyAC957AE1) 
controlplane-stack |  32/111 | 3:25:09 PM | CREATE_IN_PROGRESS   | AWS::IAM::Policy                          | AdminWebUi/AdminWebUiReactBuildProject/Role/DefaultPolicy (AdminWebUiAdminWebUiReactBuildProjectRoleDefaultPolicyAC957AE1) Resource creation Initiated
tenant-template-stack-basic | 22/45 | 3:25:11 PM | CREATE_COMPLETE      | AWS::DynamoDB::Table                      | identityStorage/edforge-identity-basic (identityStorageedforgeidentitybasicED16B725) 
tenant-template-stack-basic | 23/45 | 3:25:11 PM | CREATE_COMPLETE      | AWS::DynamoDB::Table                      | academicsStorage/edforge-academics-basic (academicsStorageedforgeacademicsbasic3A1D540B) 
controlplane-stack |  33/111 | 3:25:11 PM | CREATE_COMPLETE      | AWS::DynamoDB::Table                      | controlplane-sbt/tenantManagementService/tenantManagementTable/TenantDetails (controlplanesbttenantManagementServicetenantManagementTableTenantDetails2B9D9269) 
controlplane-stack |  33/111 | 3:25:12 PM | CREATE_IN_PROGRESS   | AWS::IAM::Policy                          | controlplane-sbt/tenantConfigService/tenantConfigLambda/TenantConfigServiceLambda/ServiceRole/DefaultPolicy (controlplanesbttenantConfigServicetenantConfigLambdaTenantConfigServiceLambdaServiceRoleDefaultPolicyEC907167) 
controlplane-stack |  33/111 | 3:25:12 PM | CREATE_IN_PROGRESS   | AWS::IAM::Policy                          | controlplane-sbt/tenantManagementService/tenantManagementLambda/tenantManagementExecRole/DefaultPolicy (controlplanesbttenantManagementServicetenantManagementLambdatenantManagementExecRoleDefaultPolicy5BFA216F) 
controlplane-stack |  34/111 | 3:25:12 PM | CREATE_COMPLETE      | AWS::Lambda::Function                     | Custom::S3AutoDeleteObjectsCustomResourceProvider/Handler (CustomS3AutoDeleteObjectsCustomResourceProviderHandler9D90184F) 
controlplane-stack |  35/111 | 3:25:12 PM | CREATE_COMPLETE      | AWS::Lambda::Function                     | AWS679f53fac002430cb0da5b7982bd2287 (AWS679f53fac002430cb0da5b7982bd22872D164C4C) 
controlplane-stack |  35/111 | 3:25:13 PM | CREATE_IN_PROGRESS   | AWS::IAM::Policy                          | controlplane-sbt/tenantConfigService/tenantConfigLambda/TenantConfigServiceLambda/ServiceRole/DefaultPolicy (controlplanesbttenantConfigServicetenantConfigLambdaTenantConfigServiceLambdaServiceRoleDefaultPolicyEC907167) Resource creation Initiated
controlplane-stack |  35/111 | 3:25:13 PM | CREATE_IN_PROGRESS   | AWS::IAM::Policy                          | controlplane-sbt/tenantManagementService/tenantManagementLambda/tenantManagementExecRole/DefaultPolicy (controlplanesbttenantManagementServicetenantManagementLambdatenantManagementExecRoleDefaultPolicy5BFA216F) Resource creation Initiated
tenant-template-stack-basic | 24/45 | 3:25:12 PM | CREATE_COMPLETE      | AWS::Lambda::Function                     | AWS679f53fac002430cb0da5b7982bd2287 (AWS679f53fac002430cb0da5b7982bd22872D164C4C) 
tenant-template-stack-basic | 24/45 | 3:25:13 PM | CREATE_IN_PROGRESS   | AWS::IAM::Role                            | identity-ABACRole (identityABACRole5D838F5D) 
tenant-template-stack-basic | 24/45 | 3:25:13 PM | CREATE_IN_PROGRESS   | AWS::IAM::Role                            | academics-ABACRole (academicsABACRole8A109C8E) 
tenant-template-stack-basic | 24/45 | 3:25:13 PM | CREATE_IN_PROGRESS   | AWS::IAM::Role                            | identity-ABACRole (identityABACRole5D838F5D) Resource creation Initiated
tenant-template-stack-basic | 24/45 | 3:25:14 PM | CREATE_IN_PROGRESS   | AWS::IAM::Role                            | academics-ABACRole (academicsABACRole8A109C8E) Resource creation Initiated
controlplane-stack |  35/111 | 3:25:13 PM | CREATE_IN_PROGRESS   | Custom::S3AutoDeleteObjects               | AdminWebUi/AdminSiteSourceCodeBucket/AutoDeleteObjectsCustomResource/Default (AdminWebUiAdminSiteSourceCodeBucketAutoDeleteObjectsCustomResource40F6C61E) 
tenant-template-stack-advanced | 13/10 | 3:25:13 PM | CREATE_COMPLETE      | AWS::IAM::Policy                          | CreateTenantMapping/CustomResourcePolicy (CreateTenantMappingCustomResourcePolicy8D1C8E08) 
tenant-template-stack-advanced | 13/10 | 3:25:14 PM | CREATE_IN_PROGRESS   | Custom::AWS                               | CreateTenantMapping/Resource/Default (CreateTenantMappingA61F466B) 
controlplane-stack |  35/111 | 3:25:16 PM | CREATE_IN_PROGRESS   | Custom::S3AutoDeleteObjects               | AdminWebUi/AdminSiteSourceCodeBucket/AutoDeleteObjectsCustomResource/Default (AdminWebUiAdminSiteSourceCodeBucketAutoDeleteObjectsCustomResource40F6C61E) Resource creation Initiated
controlplane-stack |  36/111 | 3:25:16 PM | CREATE_COMPLETE      | Custom::S3AutoDeleteObjects               | AdminWebUi/AdminSiteSourceCodeBucket/AutoDeleteObjectsCustomResource/Default (AdminWebUiAdminSiteSourceCodeBucketAutoDeleteObjectsCustomResource40F6C61E) 
tenant-template-stack-advanced-EcsClusterNestedStackEcsClusterNestedStackResource0624F-16YPH1M1O6NC2 | 14/10 | 3:25:17 PM | CREATE_COMPLETE      | AWS::IAM::Policy                          | EcsCluster/ecs-autoscaleG-advanced/LifecycleHookDrainHook/Role/DefaultPolicy (ecsautoscaleGadvancedLifecycleHookDrainHookRoleDefaultPolicyE16405D8) 
tenant-template-stack-advanced-EcsClusterNestedStackEcsClusterNestedStackResource0624F-16YPH1M1O6NC2 | 15/10 | 3:25:18 PM | CREATE_COMPLETE      | AWS::IAM::Role                            | EcsCluster/EniTrunking/EC2Role (EniTrunkingEC2Role860DCE83) 
tenant-template-stack-advanced-EcsClusterNestedStackEcsClusterNestedStackResource0624F-16YPH1M1O6NC2 | 15/10 | 3:25:19 PM | CREATE_IN_PROGRESS   | AWS::IAM::InstanceProfile                 | EcsCluster/EcsLaunchTemplate-advanced/Profile (EcsLaunchTemplateadvancedProfile3AA93A04) 
tenant-template-stack-advanced-EcsClusterNestedStackEcsClusterNestedStackResource0624F-16YPH1M1O6NC2 | 15/10 | 3:25:19 PM | CREATE_IN_PROGRESS   | AWS::IAM::Policy                          | EcsCluster/EniTrunking/CustomEniTrunkingRole/DefaultPolicy (EniTrunkingCustomEniTrunkingRoleDefaultPolicyFA5F0D55) 
tenant-template-stack-advanced-EcsClusterNestedStackEcsClusterNestedStackResource0624F-16YPH1M1O6NC2 | 15/10 | 3:25:19 PM | CREATE_IN_PROGRESS   | AWS::IAM::Policy                          | EcsCluster/EniTrunking/EC2Role/DefaultPolicy (EniTrunkingEC2RoleDefaultPolicy693FC9BA) 
tenant-template-stack-advanced-EcsClusterNestedStackEcsClusterNestedStackResource0624F-16YPH1M1O6NC2 | 15/10 | 3:25:20 PM | CREATE_IN_PROGRESS   | AWS::IAM::InstanceProfile                 | EcsCluster/EcsLaunchTemplate-advanced/Profile (EcsLaunchTemplateadvancedProfile3AA93A04) Resource creation Initiated
tenant-template-stack-advanced-EcsClusterNestedStackEcsClusterNestedStackResource0624F-16YPH1M1O6NC2 | 15/10 | 3:25:20 PM | CREATE_IN_PROGRESS   | AWS::IAM::Policy                          | EcsCluster/EniTrunking/CustomEniTrunkingRole/DefaultPolicy (EniTrunkingCustomEniTrunkingRoleDefaultPolicyFA5F0D55) Resource creation Initiated
tenant-template-stack-basic | 25/45 | 3:25:20 PM | CREATE_COMPLETE      | AWS::IAM::Policy                          | identityAdditionalPolicy (identityAdditionalPolicyC8B83EBD) 
tenant-template-stack-basic | 26/45 | 3:25:20 PM | CREATE_COMPLETE      | AWS::IAM::Policy                          | academicsAdditionalPolicy (academicsAdditionalPolicyCC46FF36) 
tenant-template-stack-basic | 27/45 | 3:25:20 PM | CREATE_COMPLETE      | AWS::IAM::Policy                          | rProxy-taskRole/DefaultPolicy (rProxytaskRoleDefaultPolicy86C93DA0) 
tenant-template-stack-basic | 28/45 | 3:25:21 PM | CREATE_COMPLETE      | AWS::IAM::Policy                          | CreateTenantMapping/CustomResourcePolicy (CreateTenantMappingCustomResourcePolicy8D1C8E08) 
tenant-template-stack-basic | 28/45 | 3:25:21 PM | CREATE_IN_PROGRESS   | Custom::AWS                               | CreateTenantMapping/Resource/Default (CreateTenantMappingA61F466B) 
controlplane-stack |  37/111 | 3:25:21 PM | CREATE_COMPLETE      | AWS::IAM::Policy                          | CognitoAuth/userManagementExecRole/DefaultPolicy (CognitoAuthuserManagementExecRoleDefaultPolicyDC2BBB91) 
controlplane-stack |  38/111 | 3:25:21 PM | CREATE_COMPLETE      | AWS::IAM::Policy                          | CognitoAuth/UserPoolMachineClient/DescribeCognitoUserPoolClient/CustomResourcePolicy (CognitoAuthUserPoolMachineClientDescribeCognitoUserPoolClientCustomResourcePolicy1DCE2451) 
controlplane-stack |  39/111 | 3:25:21 PM | CREATE_COMPLETE      | AWS::IAM::Policy                          | controlplane-sbt/tenantRegistrationService/tenantRegistrationLambda/TenantRegistrationFunc/ServiceRole/DefaultPolicy (controlplanesbttenantRegistrationServicetenantRegistrationLambdaTenantRegistrationFuncServiceRoleDefaultPolicy302347DD) 
controlplane-stack |  40/111 | 3:25:21 PM | CREATE_COMPLETE      | AWS::IAM::Policy                          | CognitoAuth/createAdminUserFunction/ServiceRole/DefaultPolicy (CognitoAuthcreateAdminUserFunctionServiceRoleDefaultPolicyDCFAA4D5) 
controlplane-stack |  41/111 | 3:25:22 PM | CREATE_COMPLETE      | AWS::IAM::Role                            | AdminWebUi/AdminWebUiCodePipeline/Deploy/CopyToS3/CodePipelineActionRole (AdminWebUiAdminWebUiCodePipelineDeployCopyToS3CodePipelineActionRole16894AF5) 
controlplane-stack |  42/111 | 3:25:22 PM | CREATE_COMPLETE      | AWS::IAM::Role                            | AdminWebUi/AdminWebUiCodePipeline/Source/AdminWebUi/CodePipelineActionRole (AdminWebUiAdminWebUiCodePipelineSourceAdminWebUiCodePipelineActionRoleB57BDF09) 
controlplane-stack |  43/111 | 3:25:22 PM | CREATE_COMPLETE      | AWS::IAM::Role                            | AdminWebUi/AdminWebUiCodePipeline/Build/CompileReactSite/CodePipelineActionRole (AdminWebUiAdminWebUiCodePipelineBuildCompileReactSiteCodePipelineActionRole78C82098) 
controlplane-stack |  44/111 | 3:25:22 PM | CREATE_COMPLETE      | AWS::IAM::Policy                          | Custom::CDKBucketDeployment8693BB64968944B69AAFB0CC9EB8756C1024MiB/ServiceRole/DefaultPolicy (CustomCDKBucketDeployment8693BB64968944B69AAFB0CC9EB8756C1024MiBServiceRoleDefaultPolicy0801355D) 
controlplane-stack |  44/111 | 3:25:22 PM | CREATE_IN_PROGRESS   | Custom::DescribeCognitoUserPoolClient     | CognitoAuth/UserPoolMachineClient/DescribeCognitoUserPoolClient/Resource/Default (CognitoAuthUserPoolMachineClientDescribeCognitoUserPoolClientA2620E4D) 
controlplane-stack |  44/111 | 3:25:22 PM | CREATE_IN_PROGRESS   | AWS::Lambda::Function                     | CognitoAuth/UserManagementServices (CognitoAuthUserManagementServicesF523CC2B) 
tenant-template-stack-advanced-EcsClusterNestedStackEcsClusterNestedStackResource0624F-16YPH1M1O6NC2 | 15/10 | 3:25:21 PM | CREATE_IN_PROGRESS   | AWS::IAM::Policy                          | EcsCluster/EniTrunking/EC2Role/DefaultPolicy (EniTrunkingEC2RoleDefaultPolicy693FC9BA) Resource creation Initiated
controlplane-stack |  44/111 | 3:25:22 PM | CREATE_IN_PROGRESS   | AWS::IAM::Policy                          | AdminWebUi/AdminWebUiCodePipeline/Deploy/CopyToS3/CodePipelineActionRole/DefaultPolicy (AdminWebUiAdminWebUiCodePipelineDeployCopyToS3CodePipelineActionRoleDefaultPolicy1B1F2F9C) 
controlplane-stack |  44/111 | 3:25:22 PM | CREATE_IN_PROGRESS   | AWS::Lambda::Function                     | controlplane-sbt/tenantRegistrationService/tenantRegistrationLambda/TenantRegistrationFunc (controlplanesbttenantRegistrationServicetenantRegistrationLambdaTenantRegistrationFunc48A324A1) 
controlplane-stack |  44/111 | 3:25:22 PM | CREATE_IN_PROGRESS   | AWS::Lambda::Function                     | CognitoAuth/createAdminUserFunction (CognitoAuthcreateAdminUserFunction5FBECAEB) 
controlplane-stack |  44/111 | 3:25:23 PM | CREATE_IN_PROGRESS   | AWS::IAM::Policy                          | AdminWebUi/AdminWebUiCodePipeline/Build/CompileReactSite/CodePipelineActionRole/DefaultPolicy (AdminWebUiAdminWebUiCodePipelineBuildCompileReactSiteCodePipelineActionRoleDefaultPolicyE1C91FDB) 
controlplane-stack |  44/111 | 3:25:23 PM | CREATE_IN_PROGRESS   | AWS::Lambda::Function                     | Custom::CDKBucketDeployment8693BB64968944B69AAFB0CC9EB8756C1024MiB (CustomCDKBucketDeployment8693BB64968944B69AAFB0CC9EB8756C1024MiBB049752D) 
controlplane-stack |  44/111 | 3:25:23 PM | CREATE_IN_PROGRESS   | AWS::IAM::Policy                          | AdminWebUi/AdminWebUiCodePipeline/Deploy/CopyToS3/CodePipelineActionRole/DefaultPolicy (AdminWebUiAdminWebUiCodePipelineDeployCopyToS3CodePipelineActionRoleDefaultPolicy1B1F2F9C) Resource creation Initiated
controlplane-stack |  44/111 | 3:25:23 PM | CREATE_IN_PROGRESS   | AWS::IAM::Policy                          | AdminWebUi/AdminWebUiCodePipeline/Role/DefaultPolicy (AdminWebUiAdminWebUiCodePipelineRoleDefaultPolicy64400030) 
controlplane-stack |  44/111 | 3:25:23 PM | CREATE_IN_PROGRESS   | AWS::IAM::Policy                          | AdminWebUi/AdminWebUiCodePipeline/Build/CompileReactSite/CodePipelineActionRole/DefaultPolicy (AdminWebUiAdminWebUiCodePipelineBuildCompileReactSiteCodePipelineActionRoleDefaultPolicyE1C91FDB) Resource creation Initiated
controlplane-stack |  44/111 | 3:25:24 PM | CREATE_IN_PROGRESS   | AWS::Lambda::Function                     | CognitoAuth/UserManagementServices (CognitoAuthUserManagementServicesF523CC2B) Resource creation Initiated
controlplane-stack |  44/111 | 3:25:24 PM | CREATE_IN_PROGRESS   | AWS::Lambda::Function                     | CognitoAuth/createAdminUserFunction (CognitoAuthcreateAdminUserFunction5FBECAEB) Resource creation Initiated
controlplane-stack |  44/111 | 3:25:24 PM | CREATE_IN_PROGRESS   | AWS::IAM::Policy                          | AdminWebUi/AdminWebUiCodePipeline/Role/DefaultPolicy (AdminWebUiAdminWebUiCodePipelineRoleDefaultPolicy64400030) Resource creation Initiated
controlplane-stack |  44/111 | 3:25:24 PM | CREATE_IN_PROGRESS   | AWS::Lambda::Function                     | controlplane-sbt/tenantRegistrationService/tenantRegistrationLambda/TenantRegistrationFunc (controlplanesbttenantRegistrationServicetenantRegistrationLambdaTenantRegistrationFunc48A324A1) Resource creation Initiated
controlplane-stack |  45/111 | 3:25:24 PM | CREATE_COMPLETE      | AWS::IAM::Policy                          | AdminWebUi/AdminWebUiReactBuildProject/Role/DefaultPolicy (AdminWebUiAdminWebUiReactBuildProjectRoleDefaultPolicyAC957AE1) 
controlplane-stack |  45/111 | 3:25:25 PM | CREATE_IN_PROGRESS   | AWS::Lambda::Function                     | Custom::CDKBucketDeployment8693BB64968944B69AAFB0CC9EB8756C1024MiB (CustomCDKBucketDeployment8693BB64968944B69AAFB0CC9EB8756C1024MiBB049752D) Resource creation Initiated
controlplane-stack |  45/111 | 3:25:25 PM | CREATE_IN_PROGRESS   | AWS::Lambda::Function                     | CognitoAuth/UserManagementServices (CognitoAuthUserManagementServicesF523CC2B) Eventual consistency check initiated
controlplane-stack |  45/111 | 3:25:25 PM | CREATE_IN_PROGRESS   | AWS::Lambda::Function                     | CognitoAuth/createAdminUserFunction (CognitoAuthcreateAdminUserFunction5FBECAEB) Eventual consistency check initiated
controlplane-stack |  45/111 | 3:25:25 PM | CREATE_IN_PROGRESS   | AWS::Lambda::Function                     | controlplane-sbt/tenantRegistrationService/tenantRegistrationLambda/TenantRegistrationFunc (controlplanesbttenantRegistrationServicetenantRegistrationLambdaTenantRegistrationFunc48A324A1) Eventual consistency check initiated
controlplane-stack |  45/111 | 3:25:25 PM | CREATE_IN_PROGRESS   | AWS::Lambda::Permission                   | controlplane-sbt/controlPlaneApi/controlPlaneAPI/GET--users--{userId}/tenantsHttpLambdaIntegration-Permission (controlplanesbtcontrolPlaneApicontrolPlaneAPIGETusersuserIdtenantsHttpLambdaIntegrationPermission75468268) 
controlplane-stack |  45/111 | 3:25:25 PM | CREATE_IN_PROGRESS   | AWS::Lambda::Permission                   | controlplane-sbt/controlPlaneApi/controlPlaneAPI/GET--users/tenantsHttpLambdaIntegration-Permission (controlplanesbtcontrolPlaneApicontrolPlaneAPIGETuserstenantsHttpLambdaIntegrationPermission836CEB16) 
controlplane-stack |  45/111 | 3:25:25 PM | CREATE_IN_PROGRESS   | AWS::Lambda::Permission                   | controlplane-sbt/controlPlaneApi/controlPlaneAPI/DELETE--users--{userId}/tenantsHttpLambdaIntegration-Permission (controlplanesbtcontrolPlaneApicontrolPlaneAPIDELETEusersuserIdtenantsHttpLambdaIntegrationPermission367F5FCF) 
controlplane-stack |  45/111 | 3:25:25 PM | CREATE_IN_PROGRESS   | AWS::Lambda::Permission                   | controlplane-sbt/controlPlaneApi/controlPlaneAPI/PUT--users--{userId}/tenantsHttpLambdaIntegration-Permission (controlplanesbtcontrolPlaneApicontrolPlaneAPIPUTusersuserIdtenantsHttpLambdaIntegrationPermissionFC83BFD3) 
controlplane-stack |  45/111 | 3:25:25 PM | CREATE_IN_PROGRESS   | AWS::Lambda::Permission                   | controlplane-sbt/controlPlaneApi/controlPlaneAPI/POST--users/tenantsHttpLambdaIntegration-Permission (controlplanesbtcontrolPlaneApicontrolPlaneAPIPOSTuserstenantsHttpLambdaIntegrationPermissionAE41AC7D) 
controlplane-stack |  45/111 | 3:25:25 PM | CREATE_IN_PROGRESS   | AWS::Lambda::Function                     | Custom::CDKBucketDeployment8693BB64968944B69AAFB0CC9EB8756C1024MiB (CustomCDKBucketDeployment8693BB64968944B69AAFB0CC9EB8756C1024MiBB049752D) Eventual consistency check initiated
controlplane-stack |  45/111 | 3:25:26 PM | CREATE_IN_PROGRESS   | AWS::Lambda::Permission                   | controlplane-sbt/controlPlaneApi/controlPlaneAPI/DELETE--tenant-registrations--{tenantRegistrationId}/tenantsHttpLambdaIntegration-Permission (controlplanesbtcontrolPlaneApicontrolPlaneAPIDELETEtenantregistrationstenantRegistrationIdtenantsHttpLambdaIntegrationPermission6F74BA21) 
controlplane-stack |  45/111 | 3:25:26 PM | CREATE_IN_PROGRESS   | AWS::Lambda::Permission                   | controlplane-sbt/controlPlaneApi/controlPlaneAPI/GET--tenant-registrations--{tenantRegistrationId}/tenantsHttpLambdaIntegration-Permission (controlplanesbtcontrolPlaneApicontrolPlaneAPIGETtenantregistrationstenantRegistrationIdtenantsHttpLambdaIntegrationPermission9085C72D) 
controlplane-stack |  45/111 | 3:25:26 PM | CREATE_IN_PROGRESS   | AWS::Lambda::Permission                   | controlplane-sbt/controlPlaneApi/controlPlaneAPI/POST--tenant-registrations/tenantsHttpLambdaIntegration-Permission (controlplanesbtcontrolPlaneApicontrolPlaneAPIPOSTtenantregistrationstenantsHttpLambdaIntegrationPermissionD14542B3) 
controlplane-stack |  45/111 | 3:25:26 PM | CREATE_IN_PROGRESS   | AWS::Lambda::Permission                   | controlplane-sbt/controlPlaneApi/controlPlaneAPI/GET--tenant-registrations/tenantsHttpLambdaIntegration-Permission (controlplanesbtcontrolPlaneApicontrolPlaneAPIGETtenantregistrationstenantsHttpLambdaIntegrationPermissionB5FB4FB5) 
controlplane-stack |  45/111 | 3:25:26 PM | CREATE_IN_PROGRESS   | AWS::Lambda::Permission                   | controlplane-sbt/controlPlaneApi/controlPlaneAPI/PATCH--tenant-registrations--{tenantRegistrationId}/tenantsHttpLambdaIntegration-Permission (controlplanesbtcontrolPlaneApicontrolPlaneAPIPATCHtenantregistrationstenantRegistrationIdtenantsHttpLambdaIntegrationPermissionE6AFC2D7) 
controlplane-stack |  45/111 | 3:25:26 PM | CREATE_IN_PROGRESS   | AWS::Lambda::Permission                   | controlplane-sbt/controlPlaneApi/controlPlaneAPI/PUT--users--{userId}/tenantsHttpLambdaIntegration-Permission (controlplanesbtcontrolPlaneApicontrolPlaneAPIPUTusersuserIdtenantsHttpLambdaIntegrationPermissionFC83BFD3) Resource creation Initiated
controlplane-stack |  45/111 | 3:25:26 PM | CREATE_IN_PROGRESS   | AWS::Lambda::Permission                   | controlplane-sbt/controlPlaneApi/controlPlaneAPI/GET--users/tenantsHttpLambdaIntegration-Permission (controlplanesbtcontrolPlaneApicontrolPlaneAPIGETuserstenantsHttpLambdaIntegrationPermission836CEB16) Resource creation Initiated
controlplane-stack |  45/111 | 3:25:26 PM | CREATE_IN_PROGRESS   | AWS::Lambda::Permission                   | controlplane-sbt/controlPlaneApi/controlPlaneAPI/GET--users--{userId}/tenantsHttpLambdaIntegration-Permission (controlplanesbtcontrolPlaneApicontrolPlaneAPIGETusersuserIdtenantsHttpLambdaIntegrationPermission75468268) Resource creation Initiated
controlplane-stack |  45/111 | 3:25:26 PM | CREATE_IN_PROGRESS   | AWS::Lambda::Permission                   | controlplane-sbt/controlPlaneApi/controlPlaneAPI/POST--users/tenantsHttpLambdaIntegration-Permission (controlplanesbtcontrolPlaneApicontrolPlaneAPIPOSTuserstenantsHttpLambdaIntegrationPermissionAE41AC7D) Resource creation Initiated
controlplane-stack |  45/111 | 3:25:26 PM | CREATE_IN_PROGRESS   | AWS::Lambda::Permission                   | controlplane-sbt/controlPlaneApi/controlPlaneAPI/DELETE--tenant-registrations--{tenantRegistrationId}/tenantsHttpLambdaIntegration-Permission (controlplanesbtcontrolPlaneApicontrolPlaneAPIDELETEtenantregistrationstenantRegistrationIdtenantsHttpLambdaIntegrationPermission6F74BA21) Resource creation Initiated
controlplane-stack |  45/111 | 3:25:26 PM | CREATE_IN_PROGRESS   | AWS::Lambda::Permission                   | controlplane-sbt/controlPlaneApi/controlPlaneAPI/DELETE--users--{userId}/tenantsHttpLambdaIntegration-Permission (controlplanesbtcontrolPlaneApicontrolPlaneAPIDELETEusersuserIdtenantsHttpLambdaIntegrationPermission367F5FCF) Resource creation Initiated
controlplane-stack |  45/111 | 3:25:27 PM | CREATE_IN_PROGRESS   | AWS::Lambda::Permission                   | controlplane-sbt/controlPlaneApi/controlPlaneAPI/GET--tenant-registrations--{tenantRegistrationId}/tenantsHttpLambdaIntegration-Permission (controlplanesbtcontrolPlaneApicontrolPlaneAPIGETtenantregistrationstenantRegistrationIdtenantsHttpLambdaIntegrationPermission9085C72D) Resource creation Initiated
controlplane-stack |  45/111 | 3:25:27 PM | CREATE_IN_PROGRESS   | AWS::Lambda::Permission                   | controlplane-sbt/controlPlaneApi/controlPlaneAPI/PATCH--tenant-registrations--{tenantRegistrationId}/tenantsHttpLambdaIntegration-Permission (controlplanesbtcontrolPlaneApicontrolPlaneAPIPATCHtenantregistrationstenantRegistrationIdtenantsHttpLambdaIntegrationPermissionE6AFC2D7) Resource creation Initiated
controlplane-stack |  45/111 | 3:25:27 PM | CREATE_IN_PROGRESS   | AWS::Lambda::Permission                   | controlplane-sbt/controlPlaneApi/controlPlaneAPI/POST--tenant-registrations/tenantsHttpLambdaIntegration-Permission (controlplanesbtcontrolPlaneApicontrolPlaneAPIPOSTtenantregistrationstenantsHttpLambdaIntegrationPermissionD14542B3) Resource creation Initiated
controlplane-stack |  45/111 | 3:25:27 PM | CREATE_IN_PROGRESS   | AWS::Lambda::Permission                   | controlplane-sbt/controlPlaneApi/controlPlaneAPI/GET--tenant-registrations/tenantsHttpLambdaIntegration-Permission (controlplanesbtcontrolPlaneApicontrolPlaneAPIGETtenantregistrationstenantsHttpLambdaIntegrationPermissionB5FB4FB5) Resource creation Initiated
controlplane-stack |  46/111 | 3:25:27 PM | CREATE_COMPLETE      | AWS::Lambda::Permission                   | controlplane-sbt/controlPlaneApi/controlPlaneAPI/PUT--users--{userId}/tenantsHttpLambdaIntegration-Permission (controlplanesbtcontrolPlaneApicontrolPlaneAPIPUTusersuserIdtenantsHttpLambdaIntegrationPermissionFC83BFD3) 
controlplane-stack |  47/111 | 3:25:27 PM | CREATE_COMPLETE      | AWS::Lambda::Permission                   | controlplane-sbt/controlPlaneApi/controlPlaneAPI/GET--users/tenantsHttpLambdaIntegration-Permission (controlplanesbtcontrolPlaneApicontrolPlaneAPIGETuserstenantsHttpLambdaIntegrationPermission836CEB16) 
controlplane-stack |  48/111 | 3:25:27 PM | CREATE_COMPLETE      | AWS::Lambda::Permission                   | controlplane-sbt/controlPlaneApi/controlPlaneAPI/GET--users--{userId}/tenantsHttpLambdaIntegration-Permission (controlplanesbtcontrolPlaneApicontrolPlaneAPIGETusersuserIdtenantsHttpLambdaIntegrationPermission75468268) 
controlplane-stack |  49/111 | 3:25:27 PM | CREATE_COMPLETE      | AWS::Lambda::Permission                   | controlplane-sbt/controlPlaneApi/controlPlaneAPI/POST--users/tenantsHttpLambdaIntegration-Permission (controlplanesbtcontrolPlaneApicontrolPlaneAPIPOSTuserstenantsHttpLambdaIntegrationPermissionAE41AC7D) 
controlplane-stack |  50/111 | 3:25:27 PM | CREATE_COMPLETE      | AWS::Lambda::Permission                   | controlplane-sbt/controlPlaneApi/controlPlaneAPI/DELETE--tenant-registrations--{tenantRegistrationId}/tenantsHttpLambdaIntegration-Permission (controlplanesbtcontrolPlaneApicontrolPlaneAPIDELETEtenantregistrationstenantRegistrationIdtenantsHttpLambdaIntegrationPermission6F74BA21) 
controlplane-stack |  51/111 | 3:25:27 PM | CREATE_COMPLETE      | AWS::Lambda::Permission                   | controlplane-sbt/controlPlaneApi/controlPlaneAPI/DELETE--users--{userId}/tenantsHttpLambdaIntegration-Permission (controlplanesbtcontrolPlaneApicontrolPlaneAPIDELETEusersuserIdtenantsHttpLambdaIntegrationPermission367F5FCF) 
controlplane-stack |  52/111 | 3:25:27 PM | CREATE_COMPLETE      | AWS::Lambda::Permission                   | controlplane-sbt/controlPlaneApi/controlPlaneAPI/GET--tenant-registrations--{tenantRegistrationId}/tenantsHttpLambdaIntegration-Permission (controlplanesbtcontrolPlaneApicontrolPlaneAPIGETtenantregistrationstenantRegistrationIdtenantsHttpLambdaIntegrationPermission9085C72D) 
controlplane-stack |  53/111 | 3:25:27 PM | CREATE_COMPLETE      | AWS::Lambda::Permission                   | controlplane-sbt/controlPlaneApi/controlPlaneAPI/POST--tenant-registrations/tenantsHttpLambdaIntegration-Permission (controlplanesbtcontrolPlaneApicontrolPlaneAPIPOSTtenantregistrationstenantsHttpLambdaIntegrationPermissionD14542B3) 
controlplane-stack |  54/111 | 3:25:27 PM | CREATE_COMPLETE      | AWS::Lambda::Permission                   | controlplane-sbt/controlPlaneApi/controlPlaneAPI/PATCH--tenant-registrations--{tenantRegistrationId}/tenantsHttpLambdaIntegration-Permission (controlplanesbtcontrolPlaneApicontrolPlaneAPIPATCHtenantregistrationstenantRegistrationIdtenantsHttpLambdaIntegrationPermissionE6AFC2D7) 
controlplane-stack |  55/111 | 3:25:27 PM | CREATE_COMPLETE      | AWS::Lambda::Permission                   | controlplane-sbt/controlPlaneApi/controlPlaneAPI/GET--tenant-registrations/tenantsHttpLambdaIntegration-Permission (controlplanesbtcontrolPlaneApicontrolPlaneAPIGETtenantregistrationstenantsHttpLambdaIntegrationPermissionB5FB4FB5) 
controlplane-stack |  56/111 | 3:25:28 PM | CREATE_COMPLETE      | AWS::IAM::Policy                          | controlplane-sbt/tenantConfigService/tenantConfigLambda/TenantConfigServiceLambda/ServiceRole/DefaultPolicy (controlplanesbttenantConfigServicetenantConfigLambdaTenantConfigServiceLambdaServiceRoleDefaultPolicyEC907167) 
controlplane-stack |  57/111 | 3:25:28 PM | CREATE_COMPLETE      | AWS::IAM::Policy                          | controlplane-sbt/tenantManagementService/tenantManagementLambda/tenantManagementExecRole/DefaultPolicy (controlplanesbttenantManagementServicetenantManagementLambdatenantManagementExecRoleDefaultPolicy5BFA216F) 
controlplane-stack |  57/111 | 3:25:29 PM | CREATE_IN_PROGRESS   | AWS::Lambda::Function                     | controlplane-sbt/tenantConfigService/tenantConfigLambda/TenantConfigServiceLambda (controlplanesbttenantConfigServicetenantConfigLambdaTenantConfigServiceLambda7C149819) 
tenant-template-stack-basic | 29/45 | 3:25:30 PM | CREATE_COMPLETE      | AWS::IAM::Role                            | identity-ABACRole (identityABACRole5D838F5D) 
tenant-template-stack-basic | 30/45 | 3:25:30 PM | CREATE_COMPLETE      | AWS::IAM::Role                            | academics-ABACRole (academicsABACRole8A109C8E) 
controlplane-stack |  57/111 | 3:25:29 PM | CREATE_IN_PROGRESS   | Custom::DescribeCognitoUserPoolClient     | CognitoAuth/UserPoolMachineClient/DescribeCognitoUserPoolClient/Resource/Default (CognitoAuthUserPoolMachineClientDescribeCognitoUserPoolClientA2620E4D) Resource creation Initiated
controlplane-stack |  58/111 | 3:25:29 PM | CREATE_COMPLETE      | Custom::DescribeCognitoUserPoolClient     | CognitoAuth/UserPoolMachineClient/DescribeCognitoUserPoolClient/Resource/Default (CognitoAuthUserPoolMachineClientDescribeCognitoUserPoolClientA2620E4D) 
controlplane-stack |  58/111 | 3:25:29 PM | CREATE_IN_PROGRESS   | AWS::Lambda::Function                     | controlplane-sbt/tenantManagementService/tenantManagementLambda/TenantManagementServices (controlplanesbttenantManagementServicetenantManagementLambdaTenantManagementServices3199260C) 
controlplane-stack |  59/111 | 3:25:30 PM | CREATE_COMPLETE      | AWS::Lambda::Function                     | CognitoAuth/UserManagementServices (CognitoAuthUserManagementServicesF523CC2B) 
controlplane-stack |  59/111 | 3:25:30 PM | CREATE_IN_PROGRESS   | AWS::Events::Connection                   | controlplane-sbt/tenantRegistrationService/connection/Connection (controlplanesbttenantRegistrationServiceconnectionConnection4EF316F0) 
controlplane-stack |  60/111 | 3:25:30 PM | CREATE_COMPLETE      | AWS::Lambda::Function                     | CognitoAuth/createAdminUserFunction (CognitoAuthcreateAdminUserFunction5FBECAEB) 
controlplane-stack |  60/111 | 3:25:31 PM | CREATE_IN_PROGRESS   | AWS::ApiGatewayV2::Integration            | controlplane-sbt/controlPlaneApi/controlPlaneAPI/GET--users/tenantsHttpLambdaIntegration (controlplanesbtcontrolPlaneApicontrolPlaneAPIGETuserstenantsHttpLambdaIntegration9DECA4A5) 
controlplane-stack |  61/111 | 3:25:31 PM | CREATE_COMPLETE      | AWS::Lambda::Function                     | controlplane-sbt/tenantRegistrationService/tenantRegistrationLambda/TenantRegistrationFunc (controlplanesbttenantRegistrationServicetenantRegistrationLambdaTenantRegistrationFunc48A324A1) 
controlplane-stack |  61/111 | 3:25:31 PM | CREATE_IN_PROGRESS   | AWS::ApiGatewayV2::Integration            | controlplane-sbt/controlPlaneApi/controlPlaneAPI/DELETE--users--{userId}/tenantsHttpLambdaIntegration (controlplanesbtcontrolPlaneApicontrolPlaneAPIDELETEusersuserIdtenantsHttpLambdaIntegrationE544B4E1) 
controlplane-stack |  61/111 | 3:25:31 PM | CREATE_IN_PROGRESS   | AWS::ApiGatewayV2::Integration            | controlplane-sbt/controlPlaneApi/controlPlaneAPI/GET--users--{userId}/tenantsHttpLambdaIntegration (controlplanesbtcontrolPlaneApicontrolPlaneAPIGETusersuserIdtenantsHttpLambdaIntegrationEBD8730F) 
controlplane-stack |  61/111 | 3:25:31 PM | CREATE_IN_PROGRESS   | AWS::ApiGatewayV2::Integration            | controlplane-sbt/controlPlaneApi/controlPlaneAPI/PUT--users--{userId}/tenantsHttpLambdaIntegration (controlplanesbtcontrolPlaneApicontrolPlaneAPIPUTusersuserIdtenantsHttpLambdaIntegration4BCBE2E8) 
controlplane-stack |  61/111 | 3:25:31 PM | CREATE_IN_PROGRESS   | AWS::Lambda::Function                     | controlplane-sbt/tenantConfigService/tenantConfigLambda/TenantConfigServiceLambda (controlplanesbttenantConfigServicetenantConfigLambdaTenantConfigServiceLambda7C149819) Resource creation Initiated
controlplane-stack |  61/111 | 3:25:31 PM | CREATE_IN_PROGRESS   | AWS::ApiGatewayV2::Integration            | controlplane-sbt/controlPlaneApi/controlPlaneAPI/POST--users/tenantsHttpLambdaIntegration (controlplanesbtcontrolPlaneApicontrolPlaneAPIPOSTuserstenantsHttpLambdaIntegrationEF646750) 
controlplane-stack |  62/111 | 3:25:31 PM | CREATE_COMPLETE      | AWS::Lambda::Function                     | Custom::CDKBucketDeployment8693BB64968944B69AAFB0CC9EB8756C1024MiB (CustomCDKBucketDeployment8693BB64968944B69AAFB0CC9EB8756C1024MiBB049752D) 
controlplane-stack |  62/111 | 3:25:31 PM | CREATE_IN_PROGRESS   | AWS::Lambda::Function                     | controlplane-sbt/tenantManagementService/tenantManagementLambda/TenantManagementServices (controlplanesbttenantManagementServicetenantManagementLambdaTenantManagementServices3199260C) Resource creation Initiated
controlplane-stack |  62/111 | 3:25:31 PM | CREATE_IN_PROGRESS   | AWS::CloudFormation::CustomResource       | controlplane-sbt/createAdminUserCustomResource-adminUser/Default (controlplanesbtcreateAdminUserCustomResourceadminUserACC2C95E) 
controlplane-stack |  62/111 | 3:25:31 PM | CREATE_IN_PROGRESS   | AWS::ApiGatewayV2::Integration            | controlplane-sbt/controlPlaneApi/controlPlaneAPI/GET--tenant-registrations/tenantsHttpLambdaIntegration (controlplanesbtcontrolPlaneApicontrolPlaneAPIGETtenantregistrationstenantsHttpLambdaIntegrationCA96288A) 
controlplane-stack |  62/111 | 3:25:31 PM | CREATE_IN_PROGRESS   | AWS::Events::Connection                   | controlplane-sbt/tenantRegistrationService/connection/Connection (controlplanesbttenantRegistrationServiceconnectionConnection4EF316F0) Resource creation Initiated
tenant-template-stack-basic | 30/45 | 3:25:31 PM | CREATE_IN_PROGRESS   | AWS::IAM::Policy                          | identity-ecsTaskRole/DefaultPolicy (identityecsTaskRoleDefaultPolicy38B0C497) 
tenant-template-stack-basic | 30/45 | 3:25:31 PM | CREATE_IN_PROGRESS   | AWS::IAM::Policy                          | academics-ecsTaskRole/DefaultPolicy (academicsecsTaskRoleDefaultPolicy4290F300) 
tenant-template-stack-basic | 30/45 | 3:25:31 PM | CREATE_IN_PROGRESS   | AWS::ECS::TaskDefinition                  | identity-TaskDef (identityTaskDef4E17C112) 
tenant-template-stack-basic | 30/45 | 3:25:31 PM | CREATE_IN_PROGRESS   | AWS::ECS::TaskDefinition                  | academics-TaskDef (academicsTaskDefEDF7D68A) 
tenant-template-stack-basic | 31/45 | 3:25:31 PM | CREATE_COMPLETE      | AWS::ServiceDiscovery::HttpNamespace      | CloudMapNamespace (CloudMapNamespaceD0A6E694) 
tenant-template-stack-basic | 31/45 | 3:25:32 PM | CREATE_IN_PROGRESS   | AWS::IAM::Policy                          | academics-ecsTaskRole/DefaultPolicy (academicsecsTaskRoleDefaultPolicy4290F300) Resource creation Initiated
tenant-template-stack-basic | 31/45 | 3:25:32 PM | CREATE_IN_PROGRESS   | AWS::IAM::Policy                          | identity-ecsTaskRole/DefaultPolicy (identityecsTaskRoleDefaultPolicy38B0C497) Resource creation Initiated
tenant-template-stack-basic | 31/45 | 3:25:32 PM | CREATE_IN_PROGRESS   | AWS::ECS::TaskDefinition                  | identity-TaskDef (identityTaskDef4E17C112) Resource creation Initiated
tenant-template-stack-basic | 31/45 | 3:25:33 PM | CREATE_IN_PROGRESS   | AWS::ECS::TaskDefinition                  | academics-TaskDef (academicsTaskDefEDF7D68A) Resource creation Initiated
controlplane-stack |  62/111 | 3:25:32 PM | CREATE_IN_PROGRESS   | AWS::ApiGatewayV2::Integration            | controlplane-sbt/controlPlaneApi/controlPlaneAPI/GET--users/tenantsHttpLambdaIntegration (controlplanesbtcontrolPlaneApicontrolPlaneAPIGETuserstenantsHttpLambdaIntegration9DECA4A5) Resource creation Initiated
controlplane-stack |  62/111 | 3:25:32 PM | CREATE_IN_PROGRESS   | AWS::ApiGatewayV2::Integration            | controlplane-sbt/controlPlaneApi/controlPlaneAPI/DELETE--users--{userId}/tenantsHttpLambdaIntegration (controlplanesbtcontrolPlaneApicontrolPlaneAPIDELETEusersuserIdtenantsHttpLambdaIntegrationE544B4E1) Resource creation Initiated
controlplane-stack |  62/111 | 3:25:32 PM | CREATE_IN_PROGRESS   | AWS::Lambda::Function                     | controlplane-sbt/tenantConfigService/tenantConfigLambda/TenantConfigServiceLambda (controlplanesbttenantConfigServicetenantConfigLambdaTenantConfigServiceLambda7C149819) Eventual consistency check initiated
controlplane-stack |  62/111 | 3:25:32 PM | CREATE_IN_PROGRESS   | AWS::ApiGatewayV2::Integration            | controlplane-sbt/controlPlaneApi/controlPlaneAPI/GET--users--{userId}/tenantsHttpLambdaIntegration (controlplanesbtcontrolPlaneApicontrolPlaneAPIGETusersuserIdtenantsHttpLambdaIntegrationEBD8730F) Resource creation Initiated
controlplane-stack |  62/111 | 3:25:32 PM | CREATE_IN_PROGRESS   | AWS::ApiGatewayV2::Integration            | controlplane-sbt/controlPlaneApi/controlPlaneAPI/POST--users/tenantsHttpLambdaIntegration (controlplanesbtcontrolPlaneApicontrolPlaneAPIPOSTuserstenantsHttpLambdaIntegrationEF646750) Resource creation Initiated
controlplane-stack |  62/111 | 3:25:32 PM | CREATE_IN_PROGRESS   | Custom::CDKBucketDeployment               | AdminWebUi/AdminSite/CustomResource-1024MiB/Default (AdminWebUiAdminSiteCustomResource1024MiBB5360447) 
controlplane-stack |  62/111 | 3:25:32 PM | CREATE_IN_PROGRESS   | AWS::ApiGatewayV2::Integration            | controlplane-sbt/controlPlaneApi/controlPlaneAPI/PUT--users--{userId}/tenantsHttpLambdaIntegration (controlplanesbtcontrolPlaneApicontrolPlaneAPIPUTusersuserIdtenantsHttpLambdaIntegration4BCBE2E8) Resource creation Initiated
controlplane-stack |  62/111 | 3:25:32 PM | CREATE_IN_PROGRESS   | AWS::Lambda::Function                     | controlplane-sbt/tenantManagementService/tenantManagementLambda/TenantManagementServices (controlplanesbttenantManagementServicetenantManagementLambdaTenantManagementServices3199260C) Eventual consistency check initiated
controlplane-stack |  62/111 | 3:25:32 PM | CREATE_IN_PROGRESS   | AWS::ApiGatewayV2::Integration            | controlplane-sbt/controlPlaneApi/controlPlaneAPI/GET--tenant-registrations/tenantsHttpLambdaIntegration (controlplanesbtcontrolPlaneApicontrolPlaneAPIGETtenantregistrationstenantsHttpLambdaIntegrationCA96288A) Resource creation Initiated
controlplane-stack |  62/111 | 3:25:32 PM | CREATE_IN_PROGRESS   | AWS::Lambda::Permission                   | controlplane-sbt/controlPlaneApi/controlPlaneAPI/GET--tenant-config/tenantConfigServiceHttpLambdaIntegration-Permission (controlplanesbtcontrolPlaneApicontrolPlaneAPIGETtenantconfigtenantConfigServiceHttpLambdaIntegrationPermission68279E46) 
controlplane-stack |  62/111 | 3:25:32 PM | CREATE_IN_PROGRESS   | AWS::Lambda::Permission                   | controlplane-sbt/controlPlaneApi/controlPlaneAPI/GET--tenant-config--{tenantName}/tenantConfigServiceHttpLambdaIntegration-Permission (controlplanesbtcontrolPlaneApicontrolPlaneAPIGETtenantconfigtenantNametenantConfigServiceHttpLambdaIntegrationPermission0E7E15F7) 
controlplane-stack |  63/111 | 3:25:32 PM | CREATE_COMPLETE      | AWS::ApiGatewayV2::Integration            | controlplane-sbt/controlPlaneApi/controlPlaneAPI/GET--users/tenantsHttpLambdaIntegration (controlplanesbtcontrolPlaneApicontrolPlaneAPIGETuserstenantsHttpLambdaIntegration9DECA4A5) 
controlplane-stack |  64/111 | 3:25:32 PM | CREATE_COMPLETE      | AWS::ApiGatewayV2::Integration            | controlplane-sbt/controlPlaneApi/controlPlaneAPI/DELETE--users--{userId}/tenantsHttpLambdaIntegration (controlplanesbtcontrolPlaneApicontrolPlaneAPIDELETEusersuserIdtenantsHttpLambdaIntegrationE544B4E1) 
controlplane-stack |  65/111 | 3:25:32 PM | CREATE_COMPLETE      | AWS::ApiGatewayV2::Integration            | controlplane-sbt/controlPlaneApi/controlPlaneAPI/GET--users--{userId}/tenantsHttpLambdaIntegration (controlplanesbtcontrolPlaneApicontrolPlaneAPIGETusersuserIdtenantsHttpLambdaIntegrationEBD8730F) 
controlplane-stack |  66/111 | 3:25:32 PM | CREATE_COMPLETE      | AWS::ApiGatewayV2::Integration            | controlplane-sbt/controlPlaneApi/controlPlaneAPI/PUT--users--{userId}/tenantsHttpLambdaIntegration (controlplanesbtcontrolPlaneApicontrolPlaneAPIPUTusersuserIdtenantsHttpLambdaIntegration4BCBE2E8) 
controlplane-stack |  67/111 | 3:25:32 PM | CREATE_COMPLETE      | AWS::ApiGatewayV2::Integration            | controlplane-sbt/controlPlaneApi/controlPlaneAPI/POST--users/tenantsHttpLambdaIntegration (controlplanesbtcontrolPlaneApicontrolPlaneAPIPOSTuserstenantsHttpLambdaIntegrationEF646750) 
controlplane-stack |  67/111 | 3:25:33 PM | CREATE_IN_PROGRESS   | AWS::Lambda::Permission                   | controlplane-sbt/controlPlaneApi/controlPlaneAPI/GET--tenants--{tenantId}/tenantsHttpLambdaIntegration-Permission (controlplanesbtcontrolPlaneApicontrolPlaneAPIGETtenantstenantIdtenantsHttpLambdaIntegrationPermission7618B4CE) 
controlplane-stack |  67/111 | 3:25:33 PM | CREATE_IN_PROGRESS   | AWS::Lambda::Permission                   | controlplane-sbt/controlPlaneApi/controlPlaneAPI/DELETE--tenants--{tenantId}/tenantsHttpLambdaIntegration-Permission (controlplanesbtcontrolPlaneApicontrolPlaneAPIDELETEtenantstenantIdtenantsHttpLambdaIntegrationPermission5E9C6B02) 
controlplane-stack |  67/111 | 3:25:33 PM | CREATE_IN_PROGRESS   | AWS::Lambda::Permission                   | controlplane-sbt/controlPlaneApi/controlPlaneAPI/POST--tenants/tenantsHttpLambdaIntegration-Permission (controlplanesbtcontrolPlaneApicontrolPlaneAPIPOSTtenantstenantsHttpLambdaIntegrationPermission4825B13A) 
controlplane-stack |  67/111 | 3:25:33 PM | CREATE_IN_PROGRESS   | AWS::Lambda::Permission                   | controlplane-sbt/controlPlaneApi/controlPlaneAPI/GET--tenants/tenantsHttpLambdaIntegration-Permission (controlplanesbtcontrolPlaneApicontrolPlaneAPIGETtenantstenantsHttpLambdaIntegrationPermission5261403B) 
controlplane-stack |  67/111 | 3:25:33 PM | CREATE_IN_PROGRESS   | AWS::Lambda::Permission                   | controlplane-sbt/controlPlaneApi/controlPlaneAPI/PUT--tenants--{tenantId}/tenantsHttpLambdaIntegration-Permission (controlplanesbtcontrolPlaneApicontrolPlaneAPIPUTtenantstenantIdtenantsHttpLambdaIntegrationPermission3678E74C) 
controlplane-stack |  67/111 | 3:25:33 PM | CREATE_IN_PROGRESS   | AWS::ApiGatewayV2::Route                  | controlplane-sbt/controlPlaneApi/controlPlaneAPI/DELETE--users--{userId} (controlplanesbtcontrolPlaneApicontrolPlaneAPIDELETEusersuserIdD040DF2F) 
controlplane-stack |  67/111 | 3:25:33 PM | CREATE_IN_PROGRESS   | AWS::ApiGatewayV2::Route                  | controlplane-sbt/controlPlaneApi/controlPlaneAPI/GET--users--{userId} (controlplanesbtcontrolPlaneApicontrolPlaneAPIGETusersuserId6991A9E6) 
controlplane-stack |  67/111 | 3:25:33 PM | CREATE_IN_PROGRESS   | AWS::ApiGatewayV2::Route                  | controlplane-sbt/controlPlaneApi/controlPlaneAPI/GET--users (controlplanesbtcontrolPlaneApicontrolPlaneAPIGETusers2A7DED17) 
controlplane-stack |  67/111 | 3:25:33 PM | CREATE_IN_PROGRESS   | AWS::Lambda::Permission                   | controlplane-sbt/controlPlaneApi/controlPlaneAPI/GET--tenant-config/tenantConfigServiceHttpLambdaIntegration-Permission (controlplanesbtcontrolPlaneApicontrolPlaneAPIGETtenantconfigtenantConfigServiceHttpLambdaIntegrationPermission68279E46) Resource creation Initiated
controlplane-stack |  68/111 | 3:25:33 PM | CREATE_COMPLETE      | AWS::ApiGatewayV2::Integration            | controlplane-sbt/controlPlaneApi/controlPlaneAPI/GET--tenant-registrations/tenantsHttpLambdaIntegration (controlplanesbtcontrolPlaneApicontrolPlaneAPIGETtenantregistrationstenantsHttpLambdaIntegrationCA96288A) 
controlplane-stack |  68/111 | 3:25:33 PM | CREATE_IN_PROGRESS   | AWS::Lambda::Permission                   | controlplane-sbt/controlPlaneApi/controlPlaneAPI/GET--tenant-config--{tenantName}/tenantConfigServiceHttpLambdaIntegration-Permission (controlplanesbtcontrolPlaneApicontrolPlaneAPIGETtenantconfigtenantNametenantConfigServiceHttpLambdaIntegrationPermission0E7E15F7) Resource creation Initiated
controlplane-stack |  68/111 | 3:25:33 PM | CREATE_IN_PROGRESS   | AWS::ApiGatewayV2::Route                  | controlplane-sbt/controlPlaneApi/controlPlaneAPI/POST--users (controlplanesbtcontrolPlaneApicontrolPlaneAPIPOSTusersA662394F) 
controlplane-stack |  68/111 | 3:25:33 PM | CREATE_IN_PROGRESS   | AWS::Lambda::Permission                   | controlplane-sbt/controlPlaneApi/controlPlaneAPI/POST--tenants/tenantsHttpLambdaIntegration-Permission (controlplanesbtcontrolPlaneApicontrolPlaneAPIPOSTtenantstenantsHttpLambdaIntegrationPermission4825B13A) Resource creation Initiated
controlplane-stack |  68/111 | 3:25:33 PM | CREATE_IN_PROGRESS   | AWS::Lambda::Permission                   | controlplane-sbt/controlPlaneApi/controlPlaneAPI/DELETE--tenants--{tenantId}/tenantsHttpLambdaIntegration-Permission (controlplanesbtcontrolPlaneApicontrolPlaneAPIDELETEtenantstenantIdtenantsHttpLambdaIntegrationPermission5E9C6B02) Resource creation Initiated
controlplane-stack |  68/111 | 3:25:34 PM | CREATE_IN_PROGRESS   | AWS::Lambda::Permission                   | controlplane-sbt/controlPlaneApi/controlPlaneAPI/GET--tenants/tenantsHttpLambdaIntegration-Permission (controlplanesbtcontrolPlaneApicontrolPlaneAPIGETtenantstenantsHttpLambdaIntegrationPermission5261403B) Resource creation Initiated
controlplane-stack |  68/111 | 3:25:34 PM | CREATE_IN_PROGRESS   | AWS::Lambda::Permission                   | controlplane-sbt/controlPlaneApi/controlPlaneAPI/PUT--tenants--{tenantId}/tenantsHttpLambdaIntegration-Permission (controlplanesbtcontrolPlaneApicontrolPlaneAPIPUTtenantstenantIdtenantsHttpLambdaIntegrationPermission3678E74C) Resource creation Initiated
controlplane-stack |  69/111 | 3:25:34 PM | CREATE_COMPLETE      | AWS::Lambda::Permission                   | controlplane-sbt/controlPlaneApi/controlPlaneAPI/GET--tenant-config/tenantConfigServiceHttpLambdaIntegration-Permission (controlplanesbtcontrolPlaneApicontrolPlaneAPIGETtenantconfigtenantConfigServiceHttpLambdaIntegrationPermission68279E46) 
controlplane-stack |  69/111 | 3:25:34 PM | CREATE_IN_PROGRESS   | AWS::ApiGatewayV2::Route                  | controlplane-sbt/controlPlaneApi/controlPlaneAPI/DELETE--users--{userId} (controlplanesbtcontrolPlaneApicontrolPlaneAPIDELETEusersuserIdD040DF2F) Resource creation Initiated
controlplane-stack |  69/111 | 3:25:34 PM | CREATE_IN_PROGRESS   | AWS::ApiGatewayV2::Route                  | controlplane-sbt/controlPlaneApi/controlPlaneAPI/DELETE--tenant-registrations--{tenantRegistrationId} (controlplanesbtcontrolPlaneApicontrolPlaneAPIDELETEtenantregistrationstenantRegistrationIdC6021B71) 
tenant-template-stack-basic | 32/45 | 3:25:33 PM | CREATE_COMPLETE      | AWS::ECS::TaskDefinition                  | identity-TaskDef (identityTaskDef4E17C112) 
tenant-template-stack-basic | 33/45 | 3:25:34 PM | CREATE_COMPLETE      | AWS::ECS::TaskDefinition                  | academics-TaskDef (academicsTaskDefEDF7D68A) 
controlplane-stack |  69/111 | 3:25:34 PM | CREATE_IN_PROGRESS   | AWS::ApiGatewayV2::Route                  | controlplane-sbt/controlPlaneApi/controlPlaneAPI/GET--tenant-registrations (controlplanesbtcontrolPlaneApicontrolPlaneAPIGETtenantregistrationsFAAC74DF) 
controlplane-stack |  69/111 | 3:25:34 PM | CREATE_IN_PROGRESS   | AWS::ApiGatewayV2::Route                  | controlplane-sbt/controlPlaneApi/controlPlaneAPI/PATCH--tenant-registrations--{tenantRegistrationId} (controlplanesbtcontrolPlaneApicontrolPlaneAPIPATCHtenantregistrationstenantRegistrationIdDA9F159F) 
controlplane-stack |  69/111 | 3:25:34 PM | CREATE_IN_PROGRESS   | AWS::ApiGatewayV2::Route                  | controlplane-sbt/controlPlaneApi/controlPlaneAPI/PUT--users--{userId} (controlplanesbtcontrolPlaneApicontrolPlaneAPIPUTusersuserId216200AC) 
controlplane-stack |  69/111 | 3:25:34 PM | CREATE_IN_PROGRESS   | AWS::ApiGatewayV2::Route                  | controlplane-sbt/controlPlaneApi/controlPlaneAPI/GET--tenant-registrations--{tenantRegistrationId} (controlplanesbtcontrolPlaneApicontrolPlaneAPIGETtenantregistrationstenantRegistrationIdACCA5B05) 
controlplane-stack |  69/111 | 3:25:34 PM | CREATE_IN_PROGRESS   | AWS::Lambda::Permission                   | controlplane-sbt/controlPlaneApi/controlPlaneAPI/GET--tenants--{tenantId}/tenantsHttpLambdaIntegration-Permission (controlplanesbtcontrolPlaneApicontrolPlaneAPIGETtenantstenantIdtenantsHttpLambdaIntegrationPermission7618B4CE) Resource creation Initiated
controlplane-stack |  70/111 | 3:25:34 PM | CREATE_COMPLETE      | AWS::Lambda::Permission                   | controlplane-sbt/controlPlaneApi/controlPlaneAPI/GET--tenant-config--{tenantName}/tenantConfigServiceHttpLambdaIntegration-Permission (controlplanesbtcontrolPlaneApicontrolPlaneAPIGETtenantconfigtenantNametenantConfigServiceHttpLambdaIntegrationPermission0E7E15F7) 
controlplane-stack |  70/111 | 3:25:34 PM | CREATE_IN_PROGRESS   | AWS::ApiGatewayV2::Route                  | controlplane-sbt/controlPlaneApi/controlPlaneAPI/GET--users--{userId} (controlplanesbtcontrolPlaneApicontrolPlaneAPIGETusersuserId6991A9E6) Resource creation Initiated
controlplane-stack |  71/111 | 3:25:34 PM | CREATE_COMPLETE      | AWS::Lambda::Permission                   | controlplane-sbt/controlPlaneApi/controlPlaneAPI/POST--tenants/tenantsHttpLambdaIntegration-Permission (controlplanesbtcontrolPlaneApicontrolPlaneAPIPOSTtenantstenantsHttpLambdaIntegrationPermission4825B13A) 
controlplane-stack |  71/111 | 3:25:34 PM | CREATE_IN_PROGRESS   | AWS::ApiGatewayV2::Route                  | controlplane-sbt/controlPlaneApi/controlPlaneAPI/POST--tenant-registrations (controlplanesbtcontrolPlaneApicontrolPlaneAPIPOSTtenantregistrations04A11BC8) 
controlplane-stack |  71/111 | 3:25:34 PM | CREATE_IN_PROGRESS   | AWS::ApiGatewayV2::Route                  | controlplane-sbt/controlPlaneApi/controlPlaneAPI/GET--users (controlplanesbtcontrolPlaneApicontrolPlaneAPIGETusers2A7DED17) Resource creation Initiated
controlplane-stack |  72/111 | 3:25:34 PM | CREATE_COMPLETE      | AWS::Lambda::Permission                   | controlplane-sbt/controlPlaneApi/controlPlaneAPI/DELETE--tenants--{tenantId}/tenantsHttpLambdaIntegration-Permission (controlplanesbtcontrolPlaneApicontrolPlaneAPIDELETEtenantstenantIdtenantsHttpLambdaIntegrationPermission5E9C6B02) 
controlplane-stack |  72/111 | 3:25:34 PM | CREATE_IN_PROGRESS   | AWS::CloudFormation::CustomResource       | controlplane-sbt/createAdminUserCustomResource-adminUser/Default (controlplanesbtcreateAdminUserCustomResourceadminUserACC2C95E) Resource creation Initiated
controlplane-stack |  72/111 | 3:25:34 PM | CREATE_IN_PROGRESS   | AWS::ApiGatewayV2::Route                  | controlplane-sbt/controlPlaneApi/controlPlaneAPI/POST--users (controlplanesbtcontrolPlaneApicontrolPlaneAPIPOSTusersA662394F) Resource creation Initiated
controlplane-stack |  73/111 | 3:25:34 PM | CREATE_COMPLETE      | AWS::Lambda::Permission                   | controlplane-sbt/controlPlaneApi/controlPlaneAPI/GET--tenants/tenantsHttpLambdaIntegration-Permission (controlplanesbtcontrolPlaneApicontrolPlaneAPIGETtenantstenantsHttpLambdaIntegrationPermission5261403B) 
controlplane-stack |  74/111 | 3:25:34 PM | CREATE_COMPLETE      | AWS::CloudFormation::CustomResource       | controlplane-sbt/createAdminUserCustomResource-adminUser/Default (controlplanesbtcreateAdminUserCustomResourceadminUserACC2C95E) 
controlplane-stack |  75/111 | 3:25:34 PM | CREATE_COMPLETE      | AWS::Lambda::Permission                   | controlplane-sbt/controlPlaneApi/controlPlaneAPI/PUT--tenants--{tenantId}/tenantsHttpLambdaIntegration-Permission (controlplanesbtcontrolPlaneApicontrolPlaneAPIPUTtenantstenantIdtenantsHttpLambdaIntegrationPermission3678E74C) 
controlplane-stack |  76/111 | 3:25:34 PM | CREATE_COMPLETE      | AWS::ApiGatewayV2::Route                  | controlplane-sbt/controlPlaneApi/controlPlaneAPI/DELETE--users--{userId} (controlplanesbtcontrolPlaneApicontrolPlaneAPIDELETEusersuserIdD040DF2F) 
controlplane-stack |  76/111 | 3:25:35 PM | CREATE_IN_PROGRESS   | AWS::ApiGatewayV2::Route                  | controlplane-sbt/controlPlaneApi/controlPlaneAPI/DELETE--tenant-registrations--{tenantRegistrationId} (controlplanesbtcontrolPlaneApicontrolPlaneAPIDELETEtenantregistrationstenantRegistrationIdC6021B71) Resource creation Initiated
controlplane-stack |  77/111 | 3:25:35 PM | CREATE_COMPLETE      | AWS::Lambda::Permission                   | controlplane-sbt/controlPlaneApi/controlPlaneAPI/GET--tenants--{tenantId}/tenantsHttpLambdaIntegration-Permission (controlplanesbtcontrolPlaneApicontrolPlaneAPIGETtenantstenantIdtenantsHttpLambdaIntegrationPermission7618B4CE) 
controlplane-stack |  78/111 | 3:25:35 PM | CREATE_COMPLETE      | AWS::ApiGatewayV2::Route                  | controlplane-sbt/controlPlaneApi/controlPlaneAPI/GET--users--{userId} (controlplanesbtcontrolPlaneApicontrolPlaneAPIGETusersuserId6991A9E6) 
controlplane-stack |  78/111 | 3:25:35 PM | CREATE_IN_PROGRESS   | AWS::ApiGatewayV2::Route                  | controlplane-sbt/controlPlaneApi/controlPlaneAPI/PATCH--tenant-registrations--{tenantRegistrationId} (controlplanesbtcontrolPlaneApicontrolPlaneAPIPATCHtenantregistrationstenantRegistrationIdDA9F159F) Resource creation Initiated
controlplane-stack |  79/111 | 3:25:35 PM | CREATE_COMPLETE      | AWS::ApiGatewayV2::Route                  | controlplane-sbt/controlPlaneApi/controlPlaneAPI/GET--users (controlplanesbtcontrolPlaneApicontrolPlaneAPIGETusers2A7DED17) 
controlplane-stack |  79/111 | 3:25:35 PM | CREATE_IN_PROGRESS   | AWS::ApiGatewayV2::Route                  | controlplane-sbt/controlPlaneApi/controlPlaneAPI/GET--tenant-registrations--{tenantRegistrationId} (controlplanesbtcontrolPlaneApicontrolPlaneAPIGETtenantregistrationstenantRegistrationIdACCA5B05) Resource creation Initiated
controlplane-stack |  79/111 | 3:25:35 PM | CREATE_IN_PROGRESS   | AWS::ApiGatewayV2::Route                  | controlplane-sbt/controlPlaneApi/controlPlaneAPI/GET--tenant-registrations (controlplanesbtcontrolPlaneApicontrolPlaneAPIGETtenantregistrationsFAAC74DF) Resource creation Initiated
controlplane-stack |  79/111 | 3:25:35 PM | CREATE_IN_PROGRESS   | AWS::ApiGatewayV2::Route                  | controlplane-sbt/controlPlaneApi/controlPlaneAPI/PUT--users--{userId} (controlplanesbtcontrolPlaneApicontrolPlaneAPIPUTusersuserId216200AC) Resource creation Initiated
controlplane-stack |  79/111 | 3:25:35 PM | CREATE_IN_PROGRESS   | AWS::ApiGatewayV2::Route                  | controlplane-sbt/controlPlaneApi/controlPlaneAPI/POST--tenant-registrations (controlplanesbtcontrolPlaneApicontrolPlaneAPIPOSTtenantregistrations04A11BC8) Resource creation Initiated
controlplane-stack |  80/111 | 3:25:35 PM | CREATE_COMPLETE      | AWS::ApiGatewayV2::Route                  | controlplane-sbt/controlPlaneApi/controlPlaneAPI/POST--users (controlplanesbtcontrolPlaneApicontrolPlaneAPIPOSTusersA662394F) 
controlplane-stack |  81/111 | 3:25:35 PM | CREATE_COMPLETE      | AWS::ApiGatewayV2::Route                  | controlplane-sbt/controlPlaneApi/controlPlaneAPI/DELETE--tenant-registrations--{tenantRegistrationId} (controlplanesbtcontrolPlaneApicontrolPlaneAPIDELETEtenantregistrationstenantRegistrationIdC6021B71) 
controlplane-stack |  82/111 | 3:25:36 PM | CREATE_COMPLETE      | AWS::ApiGatewayV2::Route                  | controlplane-sbt/controlPlaneApi/controlPlaneAPI/GET--tenant-registrations (controlplanesbtcontrolPlaneApicontrolPlaneAPIGETtenantregistrationsFAAC74DF) 
controlplane-stack |  83/111 | 3:25:36 PM | CREATE_COMPLETE      | AWS::ApiGatewayV2::Route                  | controlplane-sbt/controlPlaneApi/controlPlaneAPI/PATCH--tenant-registrations--{tenantRegistrationId} (controlplanesbtcontrolPlaneApicontrolPlaneAPIPATCHtenantregistrationstenantRegistrationIdDA9F159F) 
controlplane-stack |  84/111 | 3:25:36 PM | CREATE_COMPLETE      | AWS::ApiGatewayV2::Route                  | controlplane-sbt/controlPlaneApi/controlPlaneAPI/GET--tenant-registrations--{tenantRegistrationId} (controlplanesbtcontrolPlaneApicontrolPlaneAPIGETtenantregistrationstenantRegistrationIdACCA5B05) 
controlplane-stack |  85/111 | 3:25:36 PM | CREATE_COMPLETE      | AWS::ApiGatewayV2::Route                  | controlplane-sbt/controlPlaneApi/controlPlaneAPI/PUT--users--{userId} (controlplanesbtcontrolPlaneApicontrolPlaneAPIPUTusersuserId216200AC) 
controlplane-stack |  86/111 | 3:25:36 PM | CREATE_COMPLETE      | AWS::ApiGatewayV2::Route                  | controlplane-sbt/controlPlaneApi/controlPlaneAPI/POST--tenant-registrations (controlplanesbtcontrolPlaneApicontrolPlaneAPIPOSTtenantregistrations04A11BC8) 
tenant-template-stack-advanced-EcsClusterNestedStackEcsClusterNestedStackResource0624F-16YPH1M1O6NC2 | 16/10 | 3:25:36 PM | CREATE_COMPLETE      | AWS::IAM::Policy                          | EcsCluster/EniTrunking/CustomEniTrunkingRole/DefaultPolicy (EniTrunkingCustomEniTrunkingRoleDefaultPolicyFA5F0D55) 
tenant-template-stack-advanced-EcsClusterNestedStackEcsClusterNestedStackResource0624F-16YPH1M1O6NC2 | 17/10 | 3:25:36 PM | CREATE_COMPLETE      | AWS::IAM::Policy                          | EcsCluster/EniTrunking/EC2Role/DefaultPolicy (EniTrunkingEC2RoleDefaultPolicy693FC9BA) 
tenant-template-stack-advanced-EcsClusterNestedStackEcsClusterNestedStackResource0624F-16YPH1M1O6NC2 | 17/10 | 3:25:36 PM | CREATE_IN_PROGRESS   | AWS::Lambda::Function                     | EcsCluster/EniTrunking/CustomEniTrunkingFunction (EniTrunkingCustomEniTrunkingFunctionC82E4817) 
tenant-template-stack-advanced-EcsClusterNestedStackEcsClusterNestedStackResource0624F-16YPH1M1O6NC2 | 17/10 | 3:25:38 PM | CREATE_IN_PROGRESS   | AWS::Lambda::Function                     | EcsCluster/EniTrunking/CustomEniTrunkingFunction (EniTrunkingCustomEniTrunkingFunctionC82E4817) Resource creation Initiated
controlplane-stack |  86/111 | 3:25:37 PM | CREATE_IN_PROGRESS   | Custom::CDKBucketDeployment               | AdminWebUi/AdminSite/CustomResource-1024MiB/Default (AdminWebUiAdminSiteCustomResource1024MiBB5360447) Resource creation Initiated
controlplane-stack |  87/111 | 3:25:37 PM | CREATE_COMPLETE      | Custom::CDKBucketDeployment               | AdminWebUi/AdminSite/CustomResource-1024MiB/Default (AdminWebUiAdminSiteCustomResource1024MiBB5360447) 
controlplane-stack |  88/111 | 3:25:37 PM | CREATE_COMPLETE      | AWS::Lambda::Function                     | controlplane-sbt/tenantConfigService/tenantConfigLambda/TenantConfigServiceLambda (controlplanesbttenantConfigServicetenantConfigLambdaTenantConfigServiceLambda7C149819) 
controlplane-stack |  89/111 | 3:25:38 PM | CREATE_COMPLETE      | AWS::Lambda::Function                     | controlplane-sbt/tenantManagementService/tenantManagementLambda/TenantManagementServices (controlplanesbttenantManagementServicetenantManagementLambdaTenantManagementServices3199260C) 
controlplane-stack |  89/111 | 3:25:38 PM | CREATE_IN_PROGRESS   | AWS::IAM::Policy                          | AdminWebUi/AdminWebUiCodePipeline/Source/AdminWebUi/CodePipelineActionRole/DefaultPolicy (AdminWebUiAdminWebUiCodePipelineSourceAdminWebUiCodePipelineActionRoleDefaultPolicy230386F3) 
controlplane-stack |  89/111 | 3:25:38 PM | CREATE_IN_PROGRESS   | AWS::ApiGatewayV2::Integration            | controlplane-sbt/controlPlaneApi/controlPlaneAPI/GET--tenant-config/tenantConfigServiceHttpLambdaIntegration (controlplanesbtcontrolPlaneApicontrolPlaneAPIGETtenantconfigtenantConfigServiceHttpLambdaIntegrationE5F86F07) 
controlplane-stack |  89/111 | 3:25:38 PM | CREATE_IN_PROGRESS   | AWS::ApiGatewayV2::Integration            | controlplane-sbt/controlPlaneApi/controlPlaneAPI/GET--tenants/tenantsHttpLambdaIntegration (controlplanesbtcontrolPlaneApicontrolPlaneAPIGETtenantstenantsHttpLambdaIntegrationAE934465) 
controlplane-stack |  89/111 | 3:25:39 PM | CREATE_IN_PROGRESS   | AWS::IAM::Policy                          | AdminWebUi/AdminWebUiCodePipeline/Source/AdminWebUi/CodePipelineActionRole/DefaultPolicy (AdminWebUiAdminWebUiCodePipelineSourceAdminWebUiCodePipelineActionRoleDefaultPolicy230386F3) Resource creation Initiated
controlplane-stack |  90/111 | 3:25:39 PM | CREATE_COMPLETE      | AWS::IAM::Policy                          | AdminWebUi/AdminWebUiCodePipeline/Deploy/CopyToS3/CodePipelineActionRole/DefaultPolicy (AdminWebUiAdminWebUiCodePipelineDeployCopyToS3CodePipelineActionRoleDefaultPolicy1B1F2F9C) 
controlplane-stack |  90/111 | 3:25:39 PM | CREATE_IN_PROGRESS   | AWS::ApiGatewayV2::Integration            | controlplane-sbt/controlPlaneApi/controlPlaneAPI/GET--tenant-config/tenantConfigServiceHttpLambdaIntegration (controlplanesbtcontrolPlaneApicontrolPlaneAPIGETtenantconfigtenantConfigServiceHttpLambdaIntegrationE5F86F07) Resource creation Initiated
controlplane-stack |  91/111 | 3:25:39 PM | CREATE_COMPLETE      | AWS::IAM::Policy                          | AdminWebUi/AdminWebUiCodePipeline/Build/CompileReactSite/CodePipelineActionRole/DefaultPolicy (AdminWebUiAdminWebUiCodePipelineBuildCompileReactSiteCodePipelineActionRoleDefaultPolicyE1C91FDB) 
controlplane-stack |  91/111 | 3:25:39 PM | CREATE_IN_PROGRESS   | AWS::ApiGatewayV2::Integration            | controlplane-sbt/controlPlaneApi/controlPlaneAPI/GET--tenants/tenantsHttpLambdaIntegration (controlplanesbtcontrolPlaneApicontrolPlaneAPIGETtenantstenantsHttpLambdaIntegrationAE934465) Resource creation Initiated
controlplane-stack |  92/111 | 3:25:40 PM | CREATE_COMPLETE      | AWS::ApiGatewayV2::Integration            | controlplane-sbt/controlPlaneApi/controlPlaneAPI/GET--tenant-config/tenantConfigServiceHttpLambdaIntegration (controlplanesbtcontrolPlaneApicontrolPlaneAPIGETtenantconfigtenantConfigServiceHttpLambdaIntegrationE5F86F07) 
controlplane-stack |  93/111 | 3:25:40 PM | CREATE_COMPLETE      | AWS::IAM::Policy                          | AdminWebUi/AdminWebUiCodePipeline/Role/DefaultPolicy (AdminWebUiAdminWebUiCodePipelineRoleDefaultPolicy64400030) 
controlplane-stack |  94/111 | 3:25:40 PM | CREATE_COMPLETE      | AWS::ApiGatewayV2::Integration            | controlplane-sbt/controlPlaneApi/controlPlaneAPI/GET--tenants/tenantsHttpLambdaIntegration (controlplanesbtcontrolPlaneApicontrolPlaneAPIGETtenantstenantsHttpLambdaIntegrationAE934465) 
controlplane-stack |  94/111 | 3:25:40 PM | CREATE_IN_PROGRESS   | AWS::ApiGatewayV2::Route                  | controlplane-sbt/controlPlaneApi/controlPlaneAPI/GET--tenant-config--{tenantName} (controlplanesbtcontrolPlaneApicontrolPlaneAPIGETtenantconfigtenantName4B89BE4D) 
controlplane-stack |  94/111 | 3:25:40 PM | CREATE_IN_PROGRESS   | AWS::ApiGatewayV2::Route                  | controlplane-sbt/controlPlaneApi/controlPlaneAPI/GET--tenant-config (controlplanesbtcontrolPlaneApicontrolPlaneAPIGETtenantconfigBEEFB800) 
controlplane-stack |  94/111 | 3:25:40 PM | CREATE_IN_PROGRESS   | AWS::CodePipeline::Pipeline               | AdminWebUi/AdminWebUiCodePipeline (AdminWebUiAdminWebUiCodePipeline654848F6) 
controlplane-stack |  94/111 | 3:25:40 PM | CREATE_IN_PROGRESS   | AWS::ApiGatewayV2::Route                  | controlplane-sbt/controlPlaneApi/controlPlaneAPI/DELETE--tenants--{tenantId} (controlplanesbtcontrolPlaneApicontrolPlaneAPIDELETEtenantstenantId9F4F79A5) 
controlplane-stack |  94/111 | 3:25:40 PM | CREATE_IN_PROGRESS   | AWS::ApiGatewayV2::Route                  | controlplane-sbt/controlPlaneApi/controlPlaneAPI/POST--tenants (controlplanesbtcontrolPlaneApicontrolPlaneAPIPOSTtenants40B31D5E) 
controlplane-stack |  94/111 | 3:25:40 PM | CREATE_IN_PROGRESS   | AWS::ApiGatewayV2::Route                  | controlplane-sbt/controlPlaneApi/controlPlaneAPI/GET--tenants (controlplanesbtcontrolPlaneApicontrolPlaneAPIGETtenantsB8E8697B) 
controlplane-stack |  94/111 | 3:25:40 PM | CREATE_IN_PROGRESS   | AWS::ApiGatewayV2::Route                  | controlplane-sbt/controlPlaneApi/controlPlaneAPI/PUT--tenants--{tenantId} (controlplanesbtcontrolPlaneApicontrolPlaneAPIPUTtenantstenantId6AB9F8C2) 
controlplane-stack |  94/111 | 3:25:40 PM | CREATE_IN_PROGRESS   | AWS::ApiGatewayV2::Route                  | controlplane-sbt/controlPlaneApi/controlPlaneAPI/GET--tenants--{tenantId} (controlplanesbtcontrolPlaneApicontrolPlaneAPIGETtenantstenantId59A283B7) 
tenant-template-stack-advanced | 17/10 | 3:25:40 PM | CREATE_IN_PROGRESS   | Custom::AWS                               | CreateTenantMapping/Resource/Default (CreateTenantMappingA61F466B) Resource creation Initiated
tenant-template-stack-advanced | 18/10 | 3:25:41 PM | CREATE_COMPLETE      | Custom::AWS                               | CreateTenantMapping/Resource/Default (CreateTenantMappingA61F466B) 
controlplane-stack |  94/111 | 3:25:41 PM | CREATE_IN_PROGRESS   | AWS::ApiGatewayV2::Route                  | controlplane-sbt/controlPlaneApi/controlPlaneAPI/GET--tenant-config--{tenantName} (controlplanesbtcontrolPlaneApicontrolPlaneAPIGETtenantconfigtenantName4B89BE4D) Resource creation Initiated
controlplane-stack |  94/111 | 3:25:41 PM | CREATE_IN_PROGRESS   | AWS::ApiGatewayV2::Route                  | controlplane-sbt/controlPlaneApi/controlPlaneAPI/GET--tenant-config (controlplanesbtcontrolPlaneApicontrolPlaneAPIGETtenantconfigBEEFB800) Resource creation Initiated
controlplane-stack |  94/111 | 3:25:41 PM | CREATE_IN_PROGRESS   | AWS::ApiGatewayV2::Route                  | controlplane-sbt/controlPlaneApi/controlPlaneAPI/POST--tenants (controlplanesbtcontrolPlaneApicontrolPlaneAPIPOSTtenants40B31D5E) Resource creation Initiated
controlplane-stack |  94/111 | 3:25:41 PM | CREATE_IN_PROGRESS   | AWS::ApiGatewayV2::Route                  | controlplane-sbt/controlPlaneApi/controlPlaneAPI/GET--tenants--{tenantId} (controlplanesbtcontrolPlaneApicontrolPlaneAPIGETtenantstenantId59A283B7) Resource creation Initiated
controlplane-stack |  94/111 | 3:25:41 PM | CREATE_IN_PROGRESS   | AWS::ApiGatewayV2::Route                  | controlplane-sbt/controlPlaneApi/controlPlaneAPI/PUT--tenants--{tenantId} (controlplanesbtcontrolPlaneApicontrolPlaneAPIPUTtenantstenantId6AB9F8C2) Resource creation Initiated
controlplane-stack |  94/111 | 3:25:41 PM | CREATE_IN_PROGRESS   | AWS::ApiGatewayV2::Route                  | controlplane-sbt/controlPlaneApi/controlPlaneAPI/DELETE--tenants--{tenantId} (controlplanesbtcontrolPlaneApicontrolPlaneAPIDELETEtenantstenantId9F4F79A5) Resource creation Initiated
controlplane-stack |  94/111 | 3:25:42 PM | CREATE_IN_PROGRESS   | AWS::ApiGatewayV2::Route                  | controlplane-sbt/controlPlaneApi/controlPlaneAPI/GET--tenants (controlplanesbtcontrolPlaneApicontrolPlaneAPIGETtenantsB8E8697B) Resource creation Initiated
controlplane-stack |  95/111 | 3:25:42 PM | CREATE_COMPLETE      | AWS::ApiGatewayV2::Route                  | controlplane-sbt/controlPlaneApi/controlPlaneAPI/GET--tenant-config--{tenantName} (controlplanesbtcontrolPlaneApicontrolPlaneAPIGETtenantconfigtenantName4B89BE4D) 
controlplane-stack |  96/111 | 3:25:42 PM | CREATE_COMPLETE      | AWS::ApiGatewayV2::Route                  | controlplane-sbt/controlPlaneApi/controlPlaneAPI/GET--tenant-config (controlplanesbtcontrolPlaneApicontrolPlaneAPIGETtenantconfigBEEFB800) 
controlplane-stack |  96/111 | 3:25:42 PM | CREATE_IN_PROGRESS   | AWS::CodePipeline::Pipeline               | AdminWebUi/AdminWebUiCodePipeline (AdminWebUiAdminWebUiCodePipeline654848F6) Resource creation Initiated
controlplane-stack |  97/111 | 3:25:42 PM | CREATE_COMPLETE      | AWS::ApiGatewayV2::Route                  | controlplane-sbt/controlPlaneApi/controlPlaneAPI/POST--tenants (controlplanesbtcontrolPlaneApicontrolPlaneAPIPOSTtenants40B31D5E) 
controlplane-stack |  98/111 | 3:25:42 PM | CREATE_COMPLETE      | AWS::ApiGatewayV2::Route                  | controlplane-sbt/controlPlaneApi/controlPlaneAPI/GET--tenants--{tenantId} (controlplanesbtcontrolPlaneApicontrolPlaneAPIGETtenantstenantId59A283B7) 
controlplane-stack |  99/111 | 3:25:42 PM | CREATE_COMPLETE      | AWS::ApiGatewayV2::Route                  | controlplane-sbt/controlPlaneApi/controlPlaneAPI/DELETE--tenants--{tenantId} (controlplanesbtcontrolPlaneApicontrolPlaneAPIDELETEtenantstenantId9F4F79A5) 
controlplane-stack | 100/111 | 3:25:42 PM | CREATE_COMPLETE      | AWS::ApiGatewayV2::Route                  | controlplane-sbt/controlPlaneApi/controlPlaneAPI/PUT--tenants--{tenantId} (controlplanesbtcontrolPlaneApicontrolPlaneAPIPUTtenantstenantId6AB9F8C2) 
controlplane-stack | 101/111 | 3:25:42 PM | CREATE_COMPLETE      | AWS::ApiGatewayV2::Route                  | controlplane-sbt/controlPlaneApi/controlPlaneAPI/GET--tenants (controlplanesbtcontrolPlaneApicontrolPlaneAPIGETtenantsB8E8697B) 
controlplane-stack | 102/111 | 3:25:43 PM | CREATE_COMPLETE      | AWS::CodePipeline::Pipeline               | AdminWebUi/AdminWebUiCodePipeline (AdminWebUiAdminWebUiCodePipeline654848F6) 
tenant-template-stack-advanced-EcsClusterNestedStackEcsClusterNestedStackResource0624F-16YPH1M1O6NC2 | 19/10 | 3:25:44 PM | CREATE_COMPLETE      | AWS::Lambda::Function                     | EcsCluster/EniTrunking/CustomEniTrunkingFunction (EniTrunkingCustomEniTrunkingFunctionC82E4817) 
tenant-template-stack-advanced-EcsClusterNestedStackEcsClusterNestedStackResource0624F-16YPH1M1O6NC2 | 19/10 | 3:25:44 PM | CREATE_IN_PROGRESS   | AWS::CloudFormation::CustomResource       | EcsCluster/EniTrunking/CustomEniTrunking/Default (EniTrunkingCustomEniTrunkingBB37B821) 
tenant-template-stack-basic | 34/45 | 3:25:48 PM | CREATE_COMPLETE      | AWS::IAM::Policy                          | academics-ecsTaskRole/DefaultPolicy (academicsecsTaskRoleDefaultPolicy4290F300) 
controlplane-stack | 103/111 | 3:25:48 PM | CREATE_COMPLETE      | AWS::Events::Connection                   | controlplane-sbt/tenantRegistrationService/connection/Connection (controlplanesbttenantRegistrationServiceconnectionConnection4EF316F0) 
tenant-template-stack-advanced-EcsClusterNestedStackEcsClusterNestedStackResource0624F-16YPH1M1O6NC2 | 19/10 | 3:25:48 PM | CREATE_IN_PROGRESS   | AWS::CloudFormation::CustomResource       | EcsCluster/EniTrunking/CustomEniTrunking/Default (EniTrunkingCustomEniTrunkingBB37B821) Resource creation Initiated
tenant-template-stack-advanced-EcsClusterNestedStackEcsClusterNestedStackResource0624F-16YPH1M1O6NC2 | 20/10 | 3:25:48 PM | CREATE_COMPLETE      | AWS::CloudFormation::CustomResource       | EcsCluster/EniTrunking/CustomEniTrunking/Default (EniTrunkingCustomEniTrunkingBB37B821) 
tenant-template-stack-basic | 35/45 | 3:25:48 PM | CREATE_COMPLETE      | AWS::IAM::Policy                          | identity-ecsTaskRole/DefaultPolicy (identityecsTaskRoleDefaultPolicy38B0C497) 
tenant-template-stack-basic | 35/45 | 3:25:48 PM | CREATE_IN_PROGRESS   | AWS::Logs::LogGroup                       | academics-EcsServices/academics-service/LogGroup (academicsEcsServicesacademicsserviceLogGroup7E8B03D7) 
tenant-template-stack-basic | 35/45 | 3:25:48 PM | CREATE_IN_PROGRESS   | Custom::AWS                               | CreateTenantMapping/Resource/Default (CreateTenantMappingA61F466B) Resource creation Initiated
tenant-template-stack-basic | 35/45 | 3:25:48 PM | CREATE_IN_PROGRESS   | AWS::Logs::LogGroup                       | identity-EcsServices/identity-service/LogGroup (identityEcsServicesidentityserviceLogGroupAADD4DC2) 
tenant-template-stack-basic | 36/45 | 3:25:49 PM | CREATE_COMPLETE      | Custom::AWS                               | CreateTenantMapping/Resource/Default (CreateTenantMappingA61F466B) 
tenant-template-stack-basic | 36/45 | 3:25:49 PM | CREATE_IN_PROGRESS   | AWS::Logs::LogGroup                       | academics-EcsServices/academics-service/LogGroup (academicsEcsServicesacademicsserviceLogGroup7E8B03D7) Resource creation Initiated
tenant-template-stack-basic | 36/45 | 3:25:49 PM | CREATE_IN_PROGRESS   | AWS::Logs::LogGroup                       | identity-EcsServices/identity-service/LogGroup (identityEcsServicesidentityserviceLogGroupAADD4DC2) Resource creation Initiated
controlplane-stack | 103/111 | 3:25:48 PM | CREATE_IN_PROGRESS   | AWS::Events::ApiDestination               | controlplane-sbt/tenantRegistrationService/destination/ApiDestination (controlplanesbttenantRegistrationServicedestinationApiDestination2698A127) 
controlplane-stack | 103/111 | 3:25:49 PM | CREATE_IN_PROGRESS   | AWS::Events::ApiDestination               | controlplane-sbt/tenantRegistrationService/destination/ApiDestination (controlplanesbttenantRegistrationServicedestinationApiDestination2698A127) Resource creation Initiated
controlplane-stack | 104/111 | 3:25:50 PM | CREATE_COMPLETE      | AWS::Events::ApiDestination               | controlplane-sbt/tenantRegistrationService/destination/ApiDestination (controlplanesbttenantRegistrationServicedestinationApiDestination2698A127) 
controlplane-stack | 104/111 | 3:25:51 PM | CREATE_IN_PROGRESS   | AWS::IAM::Policy                          | controlplane-sbt/tenantRegistrationService/destination/EventsRole/DefaultPolicy (controlplanesbttenantRegistrationServicedestinationEventsRoleDefaultPolicy58FE6AD1) 
controlplane-stack | 104/111 | 3:25:51 PM | CREATE_IN_PROGRESS   | AWS::Events::Rule                         | controlplane-sbt/tenantRegistrationService/sbt_application_plane_sbt_aws_provisionFailureRule (controlplanesbttenantRegistrationServicesbtapplicationplanesbtawsprovisionFailureRule0BE8F092) 
controlplane-stack | 104/111 | 3:25:52 PM | CREATE_IN_PROGRESS   | AWS::Events::Rule                         | controlplane-sbt/tenantRegistrationService/sbt_application_plane_sbt_aws_deprovisionSuccessRule (controlplanesbttenantRegistrationServicesbtapplicationplanesbtawsdeprovisionSuccessRule989DBB0B) 
controlplane-stack | 104/111 | 3:25:52 PM | CREATE_IN_PROGRESS   | AWS::Events::Rule                         | controlplane-sbt/tenantRegistrationService/sbt_application_plane_sbt_aws_provisionSuccessRule (controlplanesbttenantRegistrationServicesbtapplicationplanesbtawsprovisionSuccessRuleC59BB782) 
controlplane-stack | 104/111 | 3:25:52 PM | CREATE_IN_PROGRESS   | AWS::IAM::Policy                          | controlplane-sbt/tenantRegistrationService/destination/EventsRole/DefaultPolicy (controlplanesbttenantRegistrationServicedestinationEventsRoleDefaultPolicy58FE6AD1) Resource creation Initiated
controlplane-stack | 104/111 | 3:25:52 PM | CREATE_IN_PROGRESS   | AWS::Events::Rule                         | controlplane-sbt/tenantRegistrationService/sbt_application_plane_sbt_aws_deprovisionSuccessRule (controlplanesbttenantRegistrationServicesbtapplicationplanesbtawsdeprovisionSuccessRule989DBB0B) Resource creation Initiated
controlplane-stack | 104/111 | 3:25:52 PM | CREATE_IN_PROGRESS   | AWS::Events::Rule                         | controlplane-sbt/tenantRegistrationService/sbt_application_plane_sbt_aws_provisionFailureRule (controlplanesbttenantRegistrationServicesbtapplicationplanesbtawsprovisionFailureRule0BE8F092) Resource creation Initiated
controlplane-stack | 104/111 | 3:25:52 PM | CREATE_IN_PROGRESS   | AWS::Events::Rule                         | controlplane-sbt/tenantRegistrationService/sbt_application_plane_sbt_aws_provisionSuccessRule (controlplanesbttenantRegistrationServicesbtapplicationplanesbtawsprovisionSuccessRuleC59BB782) Resource creation Initiated
controlplane-stack | 105/111 | 3:25:54 PM | CREATE_COMPLETE      | AWS::IAM::Policy                          | AdminWebUi/AdminWebUiCodePipeline/Source/AdminWebUi/CodePipelineActionRole/DefaultPolicy (AdminWebUiAdminWebUiCodePipelineSourceAdminWebUiCodePipelineActionRoleDefaultPolicy230386F3) 
tenant-template-stack-basic | 37/45 | 3:25:56 PM | CREATE_COMPLETE      | AWS::Logs::LogGroup                       | academics-EcsServices/academics-service/LogGroup (academicsEcsServicesacademicsserviceLogGroup7E8B03D7) 
tenant-template-stack-basic | 38/45 | 3:25:56 PM | CREATE_COMPLETE      | AWS::Logs::LogGroup                       | identity-EcsServices/identity-service/LogGroup (identityEcsServicesidentityserviceLogGroupAADD4DC2) 
tenant-template-stack-basic | 38/45 | 3:25:57 PM | CREATE_IN_PROGRESS   | AWS::ECS::Service                         | academics-EcsServices/academics-service/Service (academicsbasic) 
controlplane-stack | 105/111 | 3:25:56 PM | CREATE_IN_PROGRESS   | AWS::Events::Rule                         | controlplane-sbt/tenantRegistrationService/sbt_application_plane_sbt_aws_deprovisionFailureRule (controlplanesbttenantRegistrationServicesbtapplicationplanesbtawsdeprovisionFailureRuleF80AB971) 
tenant-template-stack-basic | 38/45 | 3:25:57 PM | CREATE_IN_PROGRESS   | AWS::ECS::Service                         | identity-EcsServices/identity-service/Service (identitybasic) 
tenant-template-stack-basic | 38/45 | 3:25:57 PM | CREATE_IN_PROGRESS   | AWS::IAM::Policy                          | academics-EcsServices/ecsTaskExecutionRole-basic/DefaultPolicy (academicsEcsServicesecsTaskExecutionRolebasicDefaultPolicyB9974069) 
tenant-template-stack-basic | 38/45 | 3:25:57 PM | CREATE_IN_PROGRESS   | AWS::IAM::Policy                          | identity-EcsServices/ecsTaskExecutionRole-basic/DefaultPolicy (identityEcsServicesecsTaskExecutionRolebasicDefaultPolicy19C92912) 
tenant-template-stack-basic | 38/45 | 3:25:58 PM | CREATE_IN_PROGRESS   | AWS::IAM::Policy                          | academics-EcsServices/ecsTaskExecutionRole-basic/DefaultPolicy (academicsEcsServicesecsTaskExecutionRolebasicDefaultPolicyB9974069) Resource creation Initiated
tenant-template-stack-basic | 38/45 | 3:25:58 PM | CREATE_IN_PROGRESS   | AWS::IAM::Policy                          | identity-EcsServices/ecsTaskExecutionRole-basic/DefaultPolicy (identityEcsServicesecsTaskExecutionRolebasicDefaultPolicy19C92912) Resource creation Initiated
controlplane-stack | 105/111 | 3:25:57 PM | CREATE_IN_PROGRESS   | AWS::Events::Rule                         | controlplane-sbt/tenantRegistrationService/sbt_application_plane_sbt_aws_deprovisionFailureRule (controlplanesbttenantRegistrationServicesbtapplicationplanesbtawsdeprovisionFailureRuleF80AB971) Resource creation Initiated
tenant-template-stack-basic | 38/45 | 3:26:00 PM | CREATE_IN_PROGRESS   | AWS::ECS::Service                         | identity-EcsServices/identity-service/Service (identitybasic) Resource creation Initiated
tenant-template-stack-basic | 38/45 | 3:26:00 PM | CREATE_IN_PROGRESS   | AWS::ECS::Service                         | academics-EcsServices/academics-service/Service (academicsbasic) Resource creation Initiated
controlplane-stack | 106/111 | 3:26:08 PM | CREATE_COMPLETE      | AWS::IAM::Policy                          | controlplane-sbt/tenantRegistrationService/destination/EventsRole/DefaultPolicy (controlplanesbttenantRegistrationServicedestinationEventsRoleDefaultPolicy58FE6AD1) 
tenant-template-stack-basic | 39/45 | 3:26:13 PM | CREATE_COMPLETE      | AWS::IAM::Policy                          | academics-EcsServices/ecsTaskExecutionRole-basic/DefaultPolicy (academicsEcsServicesecsTaskExecutionRolebasicDefaultPolicyB9974069) 
tenant-template-stack-basic | 40/45 | 3:26:14 PM | CREATE_COMPLETE      | AWS::IAM::Policy                          | identity-EcsServices/ecsTaskExecutionRole-basic/DefaultPolicy (identityEcsServicesecsTaskExecutionRolebasicDefaultPolicy19C92912) 
controlplane-stack | 106/111 | 3:26:42 PM | CREATE_IN_PROGRESS   | AWS::Events::Rule                         | controlplane-sbt/tenantRegistrationService/sbt_application_plane_sbt_aws_deprovisionSuccessRule (controlplanesbttenantRegistrationServicesbtapplicationplanesbtawsdeprovisionSuccessRule989DBB0B) Eventual consistency check initiated
controlplane-stack | 106/111 | 3:26:43 PM | CREATE_IN_PROGRESS   | AWS::Events::Rule                         | controlplane-sbt/tenantRegistrationService/sbt_application_plane_sbt_aws_provisionSuccessRule (controlplanesbttenantRegistrationServicesbtapplicationplanesbtawsprovisionSuccessRuleC59BB782) Eventual consistency check initiated
controlplane-stack | 106/111 | 3:26:43 PM | CREATE_IN_PROGRESS   | AWS::Events::Rule                         | controlplane-sbt/tenantRegistrationService/sbt_application_plane_sbt_aws_provisionFailureRule (controlplanesbttenantRegistrationServicesbtapplicationplanesbtawsprovisionFailureRule0BE8F092) Eventual consistency check initiated
controlplane-stack | 106/111 | 3:26:48 PM | CREATE_IN_PROGRESS   | AWS::Events::Rule                         | controlplane-sbt/tenantRegistrationService/sbt_application_plane_sbt_aws_deprovisionFailureRule (controlplanesbttenantRegistrationServicesbtapplicationplanesbtawsdeprovisionFailureRuleF80AB971) Eventual consistency check initiated
controlplane-stack | 106/111 | 3:26:48 PM | CREATE_IN_PROGRESS   | AWS::CloudFormation::Stack                | controlplane-stack Eventual consistency check initiated
controlplane-stack | 107/111 | 3:26:53 PM | CREATE_COMPLETE      | AWS::Events::Rule                         | controlplane-sbt/tenantRegistrationService/sbt_application_plane_sbt_aws_provisionFailureRule (controlplanesbttenantRegistrationServicesbtapplicationplanesbtawsprovisionFailureRule0BE8F092) 
controlplane-stack | 108/111 | 3:26:53 PM | CREATE_COMPLETE      | AWS::Events::Rule                         | controlplane-sbt/tenantRegistrationService/sbt_application_plane_sbt_aws_deprovisionSuccessRule (controlplanesbttenantRegistrationServicesbtapplicationplanesbtawsdeprovisionSuccessRule989DBB0B) 
controlplane-stack | 109/111 | 3:26:54 PM | CREATE_COMPLETE      | AWS::Events::Rule                         | controlplane-sbt/tenantRegistrationService/sbt_application_plane_sbt_aws_provisionSuccessRule (controlplanesbttenantRegistrationServicesbtapplicationplanesbtawsprovisionSuccessRuleC59BB782) 
controlplane-stack | 110/111 | 3:26:58 PM | CREATE_COMPLETE      | AWS::Events::Rule                         | controlplane-sbt/tenantRegistrationService/sbt_application_plane_sbt_aws_deprovisionFailureRule (controlplanesbttenantRegistrationServicesbtapplicationplanesbtawsdeprovisionFailureRuleF80AB971) 
controlplane-stack | 111/111 | 3:27:00 PM | CREATE_COMPLETE      | AWS::CloudFormation::Stack                | controlplane-stack 

 ✅  controlplane-stack

✨  Deployment time: 154.13s

Outputs:
controlplane-stack.CognitoClientId = p96llte3t8fokgibteqhjflu9
controlplane-stack.CognitoTokenEndpoint = https://346698404105-c83dc306206cd2b41042b8e909ee0a0aeb9a7a1712.auth.us-east-1.amazoncognito.com/oauth2/token
controlplane-stack.CognitoWellKnownUrl = https://cognito-idp.us-east-1.amazonaws.com/us-east-1_UvqWWjFss/.well-known/openid-configuration
controlplane-stack.ControlPlaneApiUrl = https://bssldspdh1.execute-api.us-east-1.amazonaws.com/
controlplane-stack.ControlPlaneIdpClientId = p96llte3t8fokgibteqhjflu9
controlplane-stack.ControlPlaneIdpUserPoolId = us-east-1_UvqWWjFss
controlplane-stack.ExportsOutputFnGetAttcontrolplanesbtEventManagerSbtEventBus84ECD1F3ArnCF92EAF9 = arn:aws:events:us-east-1:346698404105:event-bus/controlplanestackcontrolplanesbtEventManagerSbtEventBus1E602009
controlplane-stack.ExportsOutputRefcontrolplanesbtEventManagerSbtEventBus84ECD1F3FE22559E = controlplanestackcontrolplanesbtEventManagerSbtEventBus1E602009
controlplane-stack.adminSiteUrl = https://dqetempd7nued.cloudfront.net
controlplane-stack.controlPlaneAPIEndpoint = https://bssldspdh1.execute-api.us-east-1.amazonaws.com/
controlplane-stack.eventBridgeArn = arn:aws:events:us-east-1:346698404105:event-bus/controlplanestackcontrolplanesbtEventManagerSbtEventBus1E602009
Stack ARN:
arn:aws:cloudformation:us-east-1:346698404105:stack/controlplane-stack/6bd96720-e821-11f0-ba59-1246f9839233

✨  Total time: 164.57s

core-appplane-stack: start: Publishing core-appplane-stack Template (current_account-current_region)
core-appplane-stack: success: Published core-appplane-stack Template (current_account-current_region)
core-appplane-stack
core-appplane-stack: deploying... [3/5]
core-appplane-stack: creating CloudFormation changeset...
core-appplane-stack |  0/26 | 3:27:04 PM | REVIEW_IN_PROGRESS   | AWS::CloudFormation::Stack       | core-appplane-stack User Initiated
core-appplane-stack |  0/26 | 3:27:15 PM | CREATE_IN_PROGRESS   | AWS::CloudFormation::Stack       | core-appplane-stack User Initiated
core-appplane-stack |  0/26 | 3:27:19 PM | CREATE_IN_PROGRESS   | AWS::IAM::Role                   | provisioningScriptJob/provisioningStateMachine/EventsRole (provisioningScriptJobprovisioningStateMachineEventsRole16E24F57) 
core-appplane-stack |  0/26 | 3:27:19 PM | CREATE_IN_PROGRESS   | AWS::IAM::Role                   | deprovisioningScriptJob/provisioningStateMachine/Role (deprovisioningScriptJobprovisioningStateMachineRoleC5134B7F) 
core-appplane-stack |  0/26 | 3:27:19 PM | CREATE_IN_PROGRESS   | AWS::IAM::Role                   | provisioningScriptJob/provisioningStateMachine/Role (provisioningScriptJobprovisioningStateMachineRoleF656B9BC) 
core-appplane-stack |  0/26 | 3:27:19 PM | CREATE_IN_PROGRESS   | AWS::IAM::ManagedPolicy          | provisioningScriptJob/codeBuildProvisionProjectRole (provisioningScriptJobcodeBuildProvisionProjectRole15AD4831) 
core-appplane-stack |  0/26 | 3:27:19 PM | CREATE_IN_PROGRESS   | AWS::KMS::Key                    | provisioningScriptJob/codeBuildProjectEncryptionKey (provisioningScriptJobcodeBuildProjectEncryptionKey3C3432B5) 
core-appplane-stack |  0/26 | 3:27:19 PM | CREATE_IN_PROGRESS   | AWS::Logs::LogGroup              | provisioningScriptJob/stateMachineLogGroup (provisioningScriptJobstateMachineLogGroupA45D417F) 
core-appplane-stack |  0/26 | 3:27:19 PM | CREATE_IN_PROGRESS   | AWS::CDK::Metadata               | CDKMetadata/Default (CDKMetadata) 
core-appplane-stack |  0/26 | 3:27:19 PM | CREATE_IN_PROGRESS   | AWS::KMS::Key                    | deprovisioningScriptJob/codeBuildProjectEncryptionKey (deprovisioningScriptJobcodeBuildProjectEncryptionKeyF8B65182) 
core-appplane-stack |  0/26 | 3:27:19 PM | CREATE_IN_PROGRESS   | AWS::Logs::LogGroup              | deprovisioningScriptJob/stateMachineLogGroup (deprovisioningScriptJobstateMachineLogGroup4EE8C5FF) 
core-appplane-stack |  0/26 | 3:27:19 PM | CREATE_IN_PROGRESS   | AWS::IAM::Role                   | deprovisioningScriptJob/provisioningStateMachine/EventsRole (deprovisioningScriptJobprovisioningStateMachineEventsRole0387F6F2) 
core-appplane-stack |  0/26 | 3:27:19 PM | CREATE_IN_PROGRESS   | AWS::IAM::ManagedPolicy          | deprovisioningScriptJob/codeBuildProvisionProjectRole (deprovisioningScriptJobcodeBuildProvisionProjectRoleE34DFBE5) 
core-appplane-stack |  0/26 | 3:27:20 PM | CREATE_IN_PROGRESS   | AWS::IAM::ManagedPolicy          | provisioningScriptJob/codeBuildProvisionProjectRole (provisioningScriptJobcodeBuildProvisionProjectRole15AD4831) Resource creation Initiated
core-appplane-stack |  0/26 | 3:27:20 PM | CREATE_IN_PROGRESS   | AWS::IAM::Role                   | provisioningScriptJob/provisioningStateMachine/Role (provisioningScriptJobprovisioningStateMachineRoleF656B9BC) Resource creation Initiated
core-appplane-stack |  0/26 | 3:27:20 PM | CREATE_IN_PROGRESS   | AWS::Logs::LogGroup              | deprovisioningScriptJob/stateMachineLogGroup (deprovisioningScriptJobstateMachineLogGroup4EE8C5FF) Resource creation Initiated
core-appplane-stack |  0/26 | 3:27:20 PM | CREATE_IN_PROGRESS   | AWS::IAM::Role                   | deprovisioningScriptJob/provisioningStateMachine/Role (deprovisioningScriptJobprovisioningStateMachineRoleC5134B7F) Resource creation Initiated
core-appplane-stack |  0/26 | 3:27:20 PM | CREATE_IN_PROGRESS   | AWS::Logs::LogGroup              | provisioningScriptJob/stateMachineLogGroup (provisioningScriptJobstateMachineLogGroupA45D417F) Resource creation Initiated
core-appplane-stack |  0/26 | 3:27:20 PM | CREATE_IN_PROGRESS   | AWS::IAM::Role                   | deprovisioningScriptJob/provisioningStateMachine/EventsRole (deprovisioningScriptJobprovisioningStateMachineEventsRole0387F6F2) Resource creation Initiated
core-appplane-stack |  0/26 | 3:27:20 PM | CREATE_IN_PROGRESS   | AWS::IAM::Role                   | provisioningScriptJob/provisioningStateMachine/EventsRole (provisioningScriptJobprovisioningStateMachineEventsRole16E24F57) Resource creation Initiated
core-appplane-stack |  0/26 | 3:27:20 PM | CREATE_IN_PROGRESS   | AWS::IAM::ManagedPolicy          | deprovisioningScriptJob/codeBuildProvisionProjectRole (deprovisioningScriptJobcodeBuildProvisionProjectRoleE34DFBE5) Resource creation Initiated
core-appplane-stack |  0/26 | 3:27:20 PM | CREATE_IN_PROGRESS   | AWS::KMS::Key                    | provisioningScriptJob/codeBuildProjectEncryptionKey (provisioningScriptJobcodeBuildProjectEncryptionKey3C3432B5) Resource creation Initiated
core-appplane-stack |  0/26 | 3:27:20 PM | CREATE_IN_PROGRESS   | AWS::CDK::Metadata               | CDKMetadata/Default (CDKMetadata) Resource creation Initiated
core-appplane-stack |  1/26 | 3:27:20 PM | CREATE_COMPLETE      | AWS::CDK::Metadata               | CDKMetadata/Default (CDKMetadata) 
core-appplane-stack |  1/26 | 3:27:20 PM | CREATE_IN_PROGRESS   | AWS::KMS::Key                    | deprovisioningScriptJob/codeBuildProjectEncryptionKey (deprovisioningScriptJobcodeBuildProjectEncryptionKeyF8B65182) Resource creation Initiated
core-appplane-stack |  1/26 | 3:27:20 PM | CREATE_IN_PROGRESS   | AWS::KMS::Key                    | provisioningScriptJob/codeBuildProjectEncryptionKey (provisioningScriptJobcodeBuildProjectEncryptionKey3C3432B5) Eventual consistency check initiated
core-appplane-stack |  1/26 | 3:27:20 PM | CREATE_IN_PROGRESS   | AWS::IAM::ManagedPolicy          | deprovisioningScriptJob/codeBuildProvisionProjectRole (deprovisioningScriptJobcodeBuildProvisionProjectRoleE34DFBE5) Eventual consistency check initiated
core-appplane-stack |  1/26 | 3:27:20 PM | CREATE_IN_PROGRESS   | AWS::IAM::ManagedPolicy          | provisioningScriptJob/codeBuildProvisionProjectRole (provisioningScriptJobcodeBuildProvisionProjectRole15AD4831) Eventual consistency check initiated
core-appplane-stack |  1/26 | 3:27:21 PM | CREATE_IN_PROGRESS   | AWS::KMS::Key                    | deprovisioningScriptJob/codeBuildProjectEncryptionKey (deprovisioningScriptJobcodeBuildProjectEncryptionKeyF8B65182) Eventual consistency check initiated
core-appplane-stack |  1/26 | 3:27:28 PM | CREATE_IN_PROGRESS   | AWS::Logs::LogGroup              | deprovisioningScriptJob/stateMachineLogGroup (deprovisioningScriptJobstateMachineLogGroup4EE8C5FF) Eventual consistency check initiated
core-appplane-stack |  1/26 | 3:27:28 PM | CREATE_IN_PROGRESS   | AWS::Logs::LogGroup              | provisioningScriptJob/stateMachineLogGroup (provisioningScriptJobstateMachineLogGroupA45D417F) Eventual consistency check initiated
core-appplane-stack |  2/26 | 3:27:29 PM | CREATE_COMPLETE      | AWS::Logs::LogGroup              | deprovisioningScriptJob/stateMachineLogGroup (deprovisioningScriptJobstateMachineLogGroup4EE8C5FF) 
core-appplane-stack |  3/26 | 3:27:29 PM | CREATE_COMPLETE      | AWS::Logs::LogGroup              | provisioningScriptJob/stateMachineLogGroup (provisioningScriptJobstateMachineLogGroupA45D417F) 
tenant-template-stack-advanced-EcsClusterNestedStackEcsClusterNestedStackResource0624F-16YPH1M1O6NC2 | 21/10 | 3:27:31 PM | CREATE_COMPLETE      | AWS::IAM::InstanceProfile        | EcsCluster/EcsLaunchTemplate-advanced/Profile (EcsLaunchTemplateadvancedProfile3AA93A04) 
tenant-template-stack-advanced-EcsClusterNestedStackEcsClusterNestedStackResource0624F-16YPH1M1O6NC2 | 21/10 | 3:27:32 PM | CREATE_IN_PROGRESS   | AWS::EC2::LaunchTemplate         | EcsCluster/EcsLaunchTemplate-advanced (EcsLaunchTemplateadvanced856C048C) 
tenant-template-stack-advanced-EcsClusterNestedStackEcsClusterNestedStackResource0624F-16YPH1M1O6NC2 | 21/10 | 3:27:33 PM | CREATE_IN_PROGRESS   | AWS::EC2::LaunchTemplate         | EcsCluster/EcsLaunchTemplate-advanced (EcsLaunchTemplateadvanced856C048C) Resource creation Initiated
tenant-template-stack-advanced-EcsClusterNestedStackEcsClusterNestedStackResource0624F-16YPH1M1O6NC2 | 22/10 | 3:27:34 PM | CREATE_COMPLETE      | AWS::EC2::LaunchTemplate         | EcsCluster/EcsLaunchTemplate-advanced (EcsLaunchTemplateadvanced856C048C) 
tenant-template-stack-advanced-EcsClusterNestedStackEcsClusterNestedStackResource0624F-16YPH1M1O6NC2 | 22/10 | 3:27:35 PM | CREATE_IN_PROGRESS   | AWS::AutoScaling::AutoScalingGroup | EcsCluster/ecs-autoscaleG-advanced/ASG (ecsautoscaleGadvancedASG1FBF9AB7) 
tenant-template-stack-advanced-EcsClusterNestedStackEcsClusterNestedStackResource0624F-16YPH1M1O6NC2 | 22/10 | 3:27:36 PM | CREATE_IN_PROGRESS   | AWS::AutoScaling::AutoScalingGroup | EcsCluster/ecs-autoscaleG-advanced/ASG (ecsautoscaleGadvancedASG1FBF9AB7) Resource creation Initiated
core-appplane-stack |  4/26 | 3:27:35 PM | CREATE_COMPLETE      | AWS::KMS::Key                    | provisioningScriptJob/codeBuildProjectEncryptionKey (provisioningScriptJobcodeBuildProjectEncryptionKey3C3432B5) 
core-appplane-stack |  5/26 | 3:27:36 PM | CREATE_COMPLETE      | AWS::IAM::ManagedPolicy          | deprovisioningScriptJob/codeBuildProvisionProjectRole (deprovisioningScriptJobcodeBuildProvisionProjectRoleE34DFBE5) 
core-appplane-stack |  6/26 | 3:27:36 PM | CREATE_COMPLETE      | AWS::IAM::ManagedPolicy          | provisioningScriptJob/codeBuildProvisionProjectRole (provisioningScriptJobcodeBuildProvisionProjectRole15AD4831) 
core-appplane-stack |  7/26 | 3:27:36 PM | CREATE_COMPLETE      | AWS::KMS::Key                    | deprovisioningScriptJob/codeBuildProjectEncryptionKey (deprovisioningScriptJobcodeBuildProjectEncryptionKeyF8B65182) 
core-appplane-stack |  8/26 | 3:27:36 PM | CREATE_COMPLETE      | AWS::IAM::Role                   | provisioningScriptJob/provisioningStateMachine/Role (provisioningScriptJobprovisioningStateMachineRoleF656B9BC) 
core-appplane-stack |  9/26 | 3:27:36 PM | CREATE_COMPLETE      | AWS::IAM::Role                   | deprovisioningScriptJob/provisioningStateMachine/EventsRole (deprovisioningScriptJobprovisioningStateMachineEventsRole0387F6F2) 
core-appplane-stack |  9/26 | 3:27:36 PM | CREATE_IN_PROGRESS   | AWS::IAM::Role                   | deprovisioningScriptJob/codebuildProject/Role (deprovisioningScriptJobcodebuildProjectRole6EEED202) 
core-appplane-stack |  9/26 | 3:27:36 PM | CREATE_IN_PROGRESS   | AWS::IAM::Role                   | provisioningScriptJob/codebuildProject/Role (provisioningScriptJobcodebuildProjectRole380BBE19) 
core-appplane-stack | 10/26 | 3:27:36 PM | CREATE_COMPLETE      | AWS::IAM::Role                   | provisioningScriptJob/provisioningStateMachine/EventsRole (provisioningScriptJobprovisioningStateMachineEventsRole16E24F57) 
core-appplane-stack | 11/26 | 3:27:36 PM | CREATE_COMPLETE      | AWS::IAM::Role                   | deprovisioningScriptJob/provisioningStateMachine/Role (deprovisioningScriptJobprovisioningStateMachineRoleC5134B7F) 
core-appplane-stack | 11/26 | 3:27:37 PM | CREATE_IN_PROGRESS   | AWS::IAM::Role                   | deprovisioningScriptJob/codebuildProject/Role (deprovisioningScriptJobcodebuildProjectRole6EEED202) Resource creation Initiated
core-appplane-stack | 11/26 | 3:27:37 PM | CREATE_IN_PROGRESS   | AWS::IAM::Role                   | provisioningScriptJob/codebuildProject/Role (provisioningScriptJobcodebuildProjectRole380BBE19) Resource creation Initiated
tenant-template-stack-advanced-EcsClusterNestedStackEcsClusterNestedStackResource0624F-16YPH1M1O6NC2 | 23/10 | 3:27:51 PM | CREATE_COMPLETE      | AWS::AutoScaling::AutoScalingGroup | EcsCluster/ecs-autoscaleG-advanced/ASG (ecsautoscaleGadvancedASG1FBF9AB7) 
tenant-template-stack-advanced-EcsClusterNestedStackEcsClusterNestedStackResource0624F-16YPH1M1O6NC2 | 23/10 | 3:27:51 PM | CREATE_IN_PROGRESS   | AWS::IAM::Policy                 | EcsCluster/ecs-autoscaleG-advanced/DrainECSHook/Function/ServiceRole/DefaultPolicy (ecsautoscaleGadvancedDrainECSHookFunctionServiceRoleDefaultPolicy6A638963) 
tenant-template-stack-advanced-EcsClusterNestedStackEcsClusterNestedStackResource0624F-16YPH1M1O6NC2 | 23/10 | 3:27:51 PM | CREATE_IN_PROGRESS   | AWS::ECS::CapacityProvider       | EcsCluster/AsgCapacityProvider-advanced/AsgCapacityProvider-advanced (AsgCapacityProvideradvancedFE9CB621) 
tenant-template-stack-advanced-EcsClusterNestedStackEcsClusterNestedStackResource0624F-16YPH1M1O6NC2 | 23/10 | 3:27:52 PM | CREATE_IN_PROGRESS   | AWS::AutoScaling::LifecycleHook  | EcsCluster/ecs-autoscaleG-advanced/LifecycleHookDrainHook (ecsautoscaleGadvancedLifecycleHookDrainHook72A1E172) 
tenant-template-stack-advanced-EcsClusterNestedStackEcsClusterNestedStackResource0624F-16YPH1M1O6NC2 | 23/10 | 3:27:52 PM | CREATE_IN_PROGRESS   | AWS::IAM::Policy                 | EcsCluster/ecs-autoscaleG-advanced/DrainECSHook/Function/ServiceRole/DefaultPolicy (ecsautoscaleGadvancedDrainECSHookFunctionServiceRoleDefaultPolicy6A638963) Resource creation Initiated
core-appplane-stack | 12/26 | 3:27:54 PM | CREATE_COMPLETE      | AWS::IAM::Role                   | deprovisioningScriptJob/codebuildProject/Role (deprovisioningScriptJobcodebuildProjectRole6EEED202) 
core-appplane-stack | 13/26 | 3:27:54 PM | CREATE_COMPLETE      | AWS::IAM::Role                   | provisioningScriptJob/codebuildProject/Role (provisioningScriptJobcodebuildProjectRole380BBE19) 
tenant-template-stack-advanced-EcsClusterNestedStackEcsClusterNestedStackResource0624F-16YPH1M1O6NC2 | 23/10 | 3:27:53 PM | CREATE_IN_PROGRESS   | AWS::ECS::CapacityProvider       | EcsCluster/AsgCapacityProvider-advanced/AsgCapacityProvider-advanced (AsgCapacityProvideradvancedFE9CB621) Resource creation Initiated
tenant-template-stack-advanced-EcsClusterNestedStackEcsClusterNestedStackResource0624F-16YPH1M1O6NC2 | 23/10 | 3:27:53 PM | CREATE_IN_PROGRESS   | AWS::AutoScaling::LifecycleHook  | EcsCluster/ecs-autoscaleG-advanced/LifecycleHookDrainHook (ecsautoscaleGadvancedLifecycleHookDrainHook72A1E172) Resource creation Initiated
tenant-template-stack-advanced-EcsClusterNestedStackEcsClusterNestedStackResource0624F-16YPH1M1O6NC2 | 24/10 | 3:27:53 PM | CREATE_COMPLETE      | AWS::ECS::CapacityProvider       | EcsCluster/AsgCapacityProvider-advanced/AsgCapacityProvider-advanced (AsgCapacityProvideradvancedFE9CB621) 
tenant-template-stack-advanced-EcsClusterNestedStackEcsClusterNestedStackResource0624F-16YPH1M1O6NC2 | 25/10 | 3:27:54 PM | CREATE_COMPLETE      | AWS::AutoScaling::LifecycleHook  | EcsCluster/ecs-autoscaleG-advanced/LifecycleHookDrainHook (ecsautoscaleGadvancedLifecycleHookDrainHook72A1E172) 
tenant-template-stack-advanced-EcsClusterNestedStackEcsClusterNestedStackResource0624F-16YPH1M1O6NC2 | 25/10 | 3:27:54 PM | CREATE_IN_PROGRESS   | AWS::ECS::ClusterCapacityProviderAssociations | EcsCluster/EcsCluster/EcsCluster (EcsCluster72B17558) 
core-appplane-stack | 13/26 | 3:27:55 PM | CREATE_IN_PROGRESS   | AWS::CodeBuild::Project          | deprovisioningScriptJob/codebuildProject (deprovisioningScriptJobcodebuildProject37F6BAF3) 
core-appplane-stack | 13/26 | 3:27:55 PM | CREATE_IN_PROGRESS   | AWS::CodeBuild::Project          | provisioningScriptJob/codebuildProject (provisioningScriptJobcodebuildProject0D15956F) 
tenant-template-stack-advanced-EcsClusterNestedStackEcsClusterNestedStackResource0624F-16YPH1M1O6NC2 | 25/10 | 3:27:55 PM | CREATE_IN_PROGRESS   | AWS::ECS::ClusterCapacityProviderAssociations | EcsCluster/EcsCluster/EcsCluster (EcsCluster72B17558) Resource creation Initiated
core-appplane-stack | 13/26 | 3:27:56 PM | CREATE_IN_PROGRESS   | AWS::CodeBuild::Project          | provisioningScriptJob/codebuildProject (provisioningScriptJobcodebuildProject0D15956F) Resource creation Initiated
core-appplane-stack | 13/26 | 3:27:56 PM | CREATE_IN_PROGRESS   | AWS::CodeBuild::Project          | deprovisioningScriptJob/codebuildProject (deprovisioningScriptJobcodebuildProject37F6BAF3) Resource creation Initiated
core-appplane-stack | 14/26 | 3:27:57 PM | CREATE_COMPLETE      | AWS::CodeBuild::Project          | provisioningScriptJob/codebuildProject (provisioningScriptJobcodebuildProject0D15956F) 
core-appplane-stack | 15/26 | 3:27:57 PM | CREATE_COMPLETE      | AWS::CodeBuild::Project          | deprovisioningScriptJob/codebuildProject (deprovisioningScriptJobcodebuildProject37F6BAF3) 
core-appplane-stack | 15/26 | 3:27:58 PM | CREATE_IN_PROGRESS   | AWS::IAM::Policy                 | provisioningScriptJob/codebuildProject/Role/DefaultPolicy (provisioningScriptJobcodebuildProjectRoleDefaultPolicy0FD13D4A) 
core-appplane-stack | 15/26 | 3:27:58 PM | CREATE_IN_PROGRESS   | AWS::IAM::Policy                 | deprovisioningScriptJob/codebuildProject/Role/DefaultPolicy (deprovisioningScriptJobcodebuildProjectRoleDefaultPolicy1942EE32) 
core-appplane-stack | 15/26 | 3:27:58 PM | CREATE_IN_PROGRESS   | AWS::IAM::Policy                 | provisioningScriptJob/provisioningStateMachine/Role/DefaultPolicy (provisioningScriptJobprovisioningStateMachineRoleDefaultPolicy49F9D392) 
core-appplane-stack | 15/26 | 3:27:58 PM | CREATE_IN_PROGRESS   | AWS::IAM::Policy                 | provisioningScriptJob/codebuildProject/Role/DefaultPolicy (provisioningScriptJobcodebuildProjectRoleDefaultPolicy0FD13D4A) Resource creation Initiated
core-appplane-stack | 15/26 | 3:27:58 PM | CREATE_IN_PROGRESS   | AWS::IAM::Policy                 | deprovisioningScriptJob/provisioningStateMachine/Role/DefaultPolicy (deprovisioningScriptJobprovisioningStateMachineRoleDefaultPolicy384524CC) 
core-appplane-stack | 15/26 | 3:27:59 PM | CREATE_IN_PROGRESS   | AWS::IAM::Policy                 | deprovisioningScriptJob/codebuildProject/Role/DefaultPolicy (deprovisioningScriptJobcodebuildProjectRoleDefaultPolicy1942EE32) Resource creation Initiated
core-appplane-stack | 15/26 | 3:27:59 PM | CREATE_IN_PROGRESS   | AWS::IAM::Policy                 | provisioningScriptJob/provisioningStateMachine/Role/DefaultPolicy (provisioningScriptJobprovisioningStateMachineRoleDefaultPolicy49F9D392) Resource creation Initiated
core-appplane-stack | 15/26 | 3:27:59 PM | CREATE_IN_PROGRESS   | AWS::IAM::Policy                 | deprovisioningScriptJob/provisioningStateMachine/Role/DefaultPolicy (deprovisioningScriptJobprovisioningStateMachineRoleDefaultPolicy384524CC) Resource creation Initiated
tenant-template-stack-basic | 41/45 | 3:28:01 PM | CREATE_COMPLETE      | AWS::ECS::Service                | identity-EcsServices/identity-service/Service (identitybasic) 
tenant-template-stack-advanced-EcsClusterNestedStackEcsClusterNestedStackResource0624F-16YPH1M1O6NC2 | 26/10 | 3:28:08 PM | CREATE_COMPLETE      | AWS::IAM::Policy                 | EcsCluster/ecs-autoscaleG-advanced/DrainECSHook/Function/ServiceRole/DefaultPolicy (ecsautoscaleGadvancedDrainECSHookFunctionServiceRoleDefaultPolicy6A638963) 
tenant-template-stack-advanced-EcsClusterNestedStackEcsClusterNestedStackResource0624F-16YPH1M1O6NC2 | 26/10 | 3:28:09 PM | CREATE_IN_PROGRESS   | AWS::Lambda::Function            | EcsCluster/ecs-autoscaleG-advanced/DrainECSHook/Function (ecsautoscaleGadvancedDrainECSHookFunction3CE50271) 
tenant-template-stack-advanced-EcsClusterNestedStackEcsClusterNestedStackResource0624F-16YPH1M1O6NC2 | 26/10 | 3:28:10 PM | CREATE_IN_PROGRESS   | AWS::Lambda::Function            | EcsCluster/ecs-autoscaleG-advanced/DrainECSHook/Function (ecsautoscaleGadvancedDrainECSHookFunction3CE50271) Resource creation Initiated
tenant-template-stack-advanced-EcsClusterNestedStackEcsClusterNestedStackResource0624F-16YPH1M1O6NC2 | 27/10 | 3:28:11 PM | CREATE_COMPLETE      | AWS::ECS::ClusterCapacityProviderAssociations | EcsCluster/EcsCluster/EcsCluster (EcsCluster72B17558) 
core-appplane-stack | 16/26 | 3:28:14 PM | CREATE_COMPLETE      | AWS::IAM::Policy                 | provisioningScriptJob/codebuildProject/Role/DefaultPolicy (provisioningScriptJobcodebuildProjectRoleDefaultPolicy0FD13D4A) 
core-appplane-stack | 17/26 | 3:28:14 PM | CREATE_COMPLETE      | AWS::IAM::Policy                 | deprovisioningScriptJob/codebuildProject/Role/DefaultPolicy (deprovisioningScriptJobcodebuildProjectRoleDefaultPolicy1942EE32) 
core-appplane-stack | 18/26 | 3:28:14 PM | CREATE_COMPLETE      | AWS::IAM::Policy                 | provisioningScriptJob/provisioningStateMachine/Role/DefaultPolicy (provisioningScriptJobprovisioningStateMachineRoleDefaultPolicy49F9D392) 
core-appplane-stack | 19/26 | 3:28:15 PM | CREATE_COMPLETE      | AWS::IAM::Policy                 | deprovisioningScriptJob/provisioningStateMachine/Role/DefaultPolicy (deprovisioningScriptJobprovisioningStateMachineRoleDefaultPolicy384524CC) 
core-appplane-stack | 19/26 | 3:28:16 PM | CREATE_IN_PROGRESS   | AWS::StepFunctions::StateMachine | provisioningScriptJob/provisioningStateMachine (provisioningScriptJobprovisioningStateMachine9B8C1215) 
core-appplane-stack | 19/26 | 3:28:16 PM | CREATE_IN_PROGRESS   | AWS::StepFunctions::StateMachine | deprovisioningScriptJob/provisioningStateMachine (deprovisioningScriptJobprovisioningStateMachine34319E81) 
core-appplane-stack | 19/26 | 3:28:17 PM | CREATE_IN_PROGRESS   | AWS::StepFunctions::StateMachine | provisioningScriptJob/provisioningStateMachine (provisioningScriptJobprovisioningStateMachine9B8C1215) Resource creation Initiated
tenant-template-stack-advanced-EcsClusterNestedStackEcsClusterNestedStackResource0624F-16YPH1M1O6NC2 | 28/10 | 3:28:17 PM | CREATE_COMPLETE      | AWS::Lambda::Function            | EcsCluster/ecs-autoscaleG-advanced/DrainECSHook/Function (ecsautoscaleGadvancedDrainECSHookFunction3CE50271) 
tenant-template-stack-advanced-EcsClusterNestedStackEcsClusterNestedStackResource0624F-16YPH1M1O6NC2 | 28/10 | 3:28:17 PM | CREATE_IN_PROGRESS   | AWS::SNS::Subscription           | EcsCluster/ecs-autoscaleG-advanced/DrainECSHook/Function/Topic (ecsautoscaleGadvancedDrainECSHookFunctionTopicDA42A757) 
tenant-template-stack-advanced-EcsClusterNestedStackEcsClusterNestedStackResource0624F-16YPH1M1O6NC2 | 28/10 | 3:28:17 PM | CREATE_IN_PROGRESS   | AWS::Lambda::Permission          | EcsCluster/ecs-autoscaleG-advanced/DrainECSHook/Function/AllowInvoke:tenanttemplatestackadvancedEcsClusterecsautoscaleGadvancedLifecycleHookDrainHookTopic9A8973FF (ecsautoscaleGadvancedDrainECSHookFunctionAllowInvoketenanttemplatestackadvancedEcsClusterecsautoscaleGadvancedLifecycleHookDrainHookTopic9A8973FFF6476372) 
core-appplane-stack | 19/26 | 3:28:17 PM | CREATE_IN_PROGRESS   | AWS::StepFunctions::StateMachine | deprovisioningScriptJob/provisioningStateMachine (deprovisioningScriptJobprovisioningStateMachine34319E81) Resource creation Initiated
core-appplane-stack | 20/26 | 3:28:17 PM | CREATE_COMPLETE      | AWS::StepFunctions::StateMachine | provisioningScriptJob/provisioningStateMachine (provisioningScriptJobprovisioningStateMachine9B8C1215) 
core-appplane-stack | 21/26 | 3:28:18 PM | CREATE_COMPLETE      | AWS::StepFunctions::StateMachine | deprovisioningScriptJob/provisioningStateMachine (deprovisioningScriptJobprovisioningStateMachine34319E81) 
core-appplane-stack | 21/26 | 3:28:18 PM | CREATE_IN_PROGRESS   | AWS::IAM::Policy                 | provisioningScriptJob/provisioningStateMachine/EventsRole/DefaultPolicy (provisioningScriptJobprovisioningStateMachineEventsRoleDefaultPolicyB0BB5BA3) 
core-appplane-stack | 21/26 | 3:28:18 PM | CREATE_IN_PROGRESS   | AWS::Events::Rule                | coreappplane-sbt/sbt_control_plane_sbt_aws_onboardingRequestRule (coreappplanesbtsbtcontrolplanesbtawsonboardingRequestRule0E866B95) 
core-appplane-stack | 21/26 | 3:28:18 PM | CREATE_IN_PROGRESS   | AWS::IAM::Policy                 | deprovisioningScriptJob/provisioningStateMachine/EventsRole/DefaultPolicy (deprovisioningScriptJobprovisioningStateMachineEventsRoleDefaultPolicy34BAB42B) 
core-appplane-stack | 21/26 | 3:28:19 PM | CREATE_IN_PROGRESS   | AWS::Events::Rule                | coreappplane-sbt/sbt_control_plane_sbt_aws_offboardingRequestRule (coreappplanesbtsbtcontrolplanesbtawsoffboardingRequestRuleE428159A) 
core-appplane-stack | 21/26 | 3:28:19 PM | CREATE_IN_PROGRESS   | AWS::IAM::Policy                 | provisioningScriptJob/provisioningStateMachine/EventsRole/DefaultPolicy (provisioningScriptJobprovisioningStateMachineEventsRoleDefaultPolicyB0BB5BA3) Resource creation Initiated
tenant-template-stack-advanced-EcsClusterNestedStackEcsClusterNestedStackResource0624F-16YPH1M1O6NC2 | 28/10 | 3:28:18 PM | CREATE_IN_PROGRESS   | AWS::Lambda::Permission          | EcsCluster/ecs-autoscaleG-advanced/DrainECSHook/Function/AllowInvoke:tenanttemplatestackadvancedEcsClusterecsautoscaleGadvancedLifecycleHookDrainHookTopic9A8973FF (ecsautoscaleGadvancedDrainECSHookFunctionAllowInvoketenanttemplatestackadvancedEcsClusterecsautoscaleGadvancedLifecycleHookDrainHookTopic9A8973FFF6476372) Resource creation Initiated
tenant-template-stack-advanced-EcsClusterNestedStackEcsClusterNestedStackResource0624F-16YPH1M1O6NC2 | 28/10 | 3:28:18 PM | CREATE_IN_PROGRESS   | AWS::SNS::Subscription           | EcsCluster/ecs-autoscaleG-advanced/DrainECSHook/Function/Topic (ecsautoscaleGadvancedDrainECSHookFunctionTopicDA42A757) Resource creation Initiated
tenant-template-stack-advanced-EcsClusterNestedStackEcsClusterNestedStackResource0624F-16YPH1M1O6NC2 | 29/10 | 3:28:19 PM | CREATE_COMPLETE      | AWS::Lambda::Permission          | EcsCluster/ecs-autoscaleG-advanced/DrainECSHook/Function/AllowInvoke:tenanttemplatestackadvancedEcsClusterecsautoscaleGadvancedLifecycleHookDrainHookTopic9A8973FF (ecsautoscaleGadvancedDrainECSHookFunctionAllowInvoketenanttemplatestackadvancedEcsClusterecsautoscaleGadvancedLifecycleHookDrainHookTopic9A8973FFF6476372) 
tenant-template-stack-advanced-EcsClusterNestedStackEcsClusterNestedStackResource0624F-16YPH1M1O6NC2 | 30/10 | 3:28:19 PM | CREATE_COMPLETE      | AWS::SNS::Subscription           | EcsCluster/ecs-autoscaleG-advanced/DrainECSHook/Function/Topic (ecsautoscaleGadvancedDrainECSHookFunctionTopicDA42A757) 
tenant-template-stack-advanced-EcsClusterNestedStackEcsClusterNestedStackResource0624F-16YPH1M1O6NC2 | 31/10 | 3:28:20 PM | CREATE_COMPLETE      | AWS::CloudFormation::Stack       | tenant-template-stack-advanced-EcsClusterNestedStackEcsClusterNestedStackResource0624F-16YPH1M1O6NC2 
core-appplane-stack | 21/26 | 3:28:19 PM | CREATE_IN_PROGRESS   | AWS::Events::Rule                | coreappplane-sbt/sbt_control_plane_sbt_aws_onboardingRequestRule (coreappplanesbtsbtcontrolplanesbtawsonboardingRequestRule0E866B95) Resource creation Initiated
core-appplane-stack | 21/26 | 3:28:19 PM | CREATE_IN_PROGRESS   | AWS::IAM::Policy                 | deprovisioningScriptJob/provisioningStateMachine/EventsRole/DefaultPolicy (deprovisioningScriptJobprovisioningStateMachineEventsRoleDefaultPolicy34BAB42B) Resource creation Initiated
core-appplane-stack | 21/26 | 3:28:20 PM | CREATE_IN_PROGRESS   | AWS::Events::Rule                | coreappplane-sbt/sbt_control_plane_sbt_aws_offboardingRequestRule (coreappplanesbtsbtcontrolplanesbtawsoffboardingRequestRuleE428159A) Resource creation Initiated
core-appplane-stack | 22/26 | 3:28:34 PM | CREATE_COMPLETE      | AWS::IAM::Policy                 | provisioningScriptJob/provisioningStateMachine/EventsRole/DefaultPolicy (provisioningScriptJobprovisioningStateMachineEventsRoleDefaultPolicyB0BB5BA3) 
core-appplane-stack | 23/26 | 3:28:35 PM | CREATE_COMPLETE      | AWS::IAM::Policy                 | deprovisioningScriptJob/provisioningStateMachine/EventsRole/DefaultPolicy (deprovisioningScriptJobprovisioningStateMachineEventsRoleDefaultPolicy34BAB42B) 
tenant-template-stack-advanced | 32/10 | 3:28:41 PM | CREATE_COMPLETE      | AWS::CloudFormation::Stack       | EcsCluster.NestedStack/EcsCluster.NestedStackResource (EcsClusterNestedStackEcsClusterNestedStackResource0624F17C) 
tenant-template-stack-basic | 42/45 | 3:28:42 PM | CREATE_COMPLETE      | AWS::ECS::Service                | academics-EcsServices/academics-service/Service (academicsbasic) 
tenant-template-stack-basic | 42/45 | 3:28:42 PM | CREATE_IN_PROGRESS   | AWS::Logs::LogGroup              | rproxy-EcsServices/rproxy-service/LogGroup (rproxyEcsServicesrproxyserviceLogGroup94C7284F) 
tenant-template-stack-basic | 42/45 | 3:28:43 PM | CREATE_IN_PROGRESS   | AWS::Logs::LogGroup              | rproxy-EcsServices/rproxy-service/LogGroup (rproxyEcsServicesrproxyserviceLogGroup94C7284F) Resource creation Initiated
tenant-template-stack-advanced | 33/10 | 3:28:42 PM | CREATE_COMPLETE      | AWS::CloudFormation::Stack       | tenant-template-stack-advanced 

 ✅  tenant-template-stack-advanced

✨  Deployment time: 257.53s

Outputs:
tenant-template-stack-advanced.S3SourceVersion = Pja4vQYTFVNAM5ljCNr1S4kmRiYLiWBu
tenant-template-stack-advanced.TenantUserpoolId = us-east-1_1CLanYjNT
tenant-template-stack-advanced.TenantWellKnownUrl = https://cognito-idp.us-east-1.amazonaws.com/us-east-1_1CLanYjNT/.well-known/openid-configuration
tenant-template-stack-advanced.UserPoolClientId = 51t92g7ap5vj77j1uujd27tb94
Stack ARN:
arn:aws:cloudformation:us-east-1:346698404105:stack/tenant-template-stack-advanced/6c9a6d30-e821-11f0-879c-0eda8f193d8b

✨  Total time: 267.97s

tenant-template-stack-basic | 43/45 | 3:28:50 PM | CREATE_COMPLETE      | AWS::Logs::LogGroup              | rproxy-EcsServices/rproxy-service/LogGroup (rproxyEcsServicesrproxyserviceLogGroup94C7284F) 
tenant-template-stack-basic | 43/45 | 3:28:51 PM | CREATE_IN_PROGRESS   | AWS::ECS::Service                | rproxy-EcsServices/rproxy-service/Service (rproxybasic) 
tenant-template-stack-basic | 43/45 | 3:28:51 PM | CREATE_IN_PROGRESS   | AWS::IAM::Policy                 | rproxy-EcsServices/ecsTaskExecutionRole-basic/DefaultPolicy (rproxyEcsServicesecsTaskExecutionRolebasicDefaultPolicyDCDE3444) 
tenant-template-stack-basic | 43/45 | 3:28:52 PM | CREATE_IN_PROGRESS   | AWS::IAM::Policy                 | rproxy-EcsServices/ecsTaskExecutionRole-basic/DefaultPolicy (rproxyEcsServicesecsTaskExecutionRolebasicDefaultPolicyDCDE3444) Resource creation Initiated
tenant-template-stack-basic | 43/45 | 3:28:53 PM | CREATE_IN_PROGRESS   | AWS::ECS::Service                | rproxy-EcsServices/rproxy-service/Service (rproxybasic) Resource creation Initiated
tenant-template-stack-basic | 44/45 | 3:29:08 PM | CREATE_COMPLETE      | AWS::IAM::Policy                 | rproxy-EcsServices/ecsTaskExecutionRole-basic/DefaultPolicy (rproxyEcsServicesecsTaskExecutionRolebasicDefaultPolicyDCDE3444) 
core-appplane-stack | 23/26 | 3:29:09 PM | CREATE_IN_PROGRESS   | AWS::Events::Rule                | coreappplane-sbt/sbt_control_plane_sbt_aws_onboardingRequestRule (coreappplanesbtsbtcontrolplanesbtawsonboardingRequestRule0E866B95) Eventual consistency check initiated
core-appplane-stack | 23/26 | 3:29:10 PM | CREATE_IN_PROGRESS   | AWS::Events::Rule                | coreappplane-sbt/sbt_control_plane_sbt_aws_offboardingRequestRule (coreappplanesbtsbtcontrolplanesbtawsoffboardingRequestRuleE428159A) Eventual consistency check initiated
core-appplane-stack | 23/26 | 3:29:10 PM | CREATE_IN_PROGRESS   | AWS::CloudFormation::Stack       | core-appplane-stack Eventual consistency check initiated
core-appplane-stack | 24/26 | 3:29:20 PM | CREATE_COMPLETE      | AWS::Events::Rule                | coreappplane-sbt/sbt_control_plane_sbt_aws_onboardingRequestRule (coreappplanesbtsbtcontrolplanesbtawsonboardingRequestRule0E866B95) 
core-appplane-stack | 25/26 | 3:29:21 PM | CREATE_COMPLETE      | AWS::Events::Rule                | coreappplane-sbt/sbt_control_plane_sbt_aws_offboardingRequestRule (coreappplanesbtsbtcontrolplanesbtawsoffboardingRequestRuleE428159A) 
core-appplane-stack | 26/26 | 3:29:22 PM | CREATE_COMPLETE      | AWS::CloudFormation::Stack       | core-appplane-stack 

 ✅  core-appplane-stack

✨  Deployment time: 143.26s

Outputs:
core-appplane-stack.clientAppUrl = https://edforge.net
Stack ARN:
arn:aws:cloudformation:us-east-1:346698404105:stack/core-appplane-stack/c85bf580-e821-11f0-960a-12ebecabb6c7

✨  Total time: 153.71s

tenant-template-stack-basic | 45/45 | 3:30:55 PM | CREATE_COMPLETE      | AWS::ECS::Service                | rproxy-EcsServices/rproxy-service/Service (rproxybasic) 
tenant-template-stack-basic | 46/45 | 3:30:56 PM | CREATE_COMPLETE      | AWS::CloudFormation::Stack       | tenant-template-stack-basic 

 ✅  tenant-template-stack-basic

✨  Deployment time: 388.1s

Outputs:
tenant-template-stack-basic.S3SourceVersion = Pja4vQYTFVNAM5ljCNr1S4kmRiYLiWBu
tenant-template-stack-basic.TenantUserpoolId = us-east-1_rfvLmJK6t
tenant-template-stack-basic.TenantWellKnownUrl = https://cognito-idp.us-east-1.amazonaws.com/us-east-1_rfvLmJK6t/.well-known/openid-configuration
tenant-template-stack-basic.UserPoolClientId = 4r5b6j2iabbn8a9ajc1o5329pj
tenant-template-stack-basic.academicsStorageacademicsTableNameDF924240 = edforge-academics-basic
tenant-template-stack-basic.identityStorageidentityTableName656705F5 = edforge-identity-basic
Stack ARN:
arn:aws:cloudformation:us-east-1:346698404105:stack/tenant-template-stack-basic/6c9f2820-e821-11f0-aa2d-0ef848f88b11

✨  Total time: 398.54s


NOTICES         (What's this? https://github.com/aws/aws-cdk/wiki/CLI-Notices)

34892	CDK CLI will collect telemetry data on command usage starting at version 2.1100.0 (unless opted out)

	Overview: We do not collect customer content and we anonymize the
	          telemetry we do collect. See the attached issue for more
	          information on what data is collected, why, and how to
	          opt-out. Telemetry will NOT be collected for any CDK CLI
	          version prior to version 2.1100.0 - regardless of
	          opt-in/out. You can also preview the telemetry we will start
	          collecting by logging it to a local file, by adding
	          `--unstable=telemetry --telemetry-file=my/local/file` to any
	          `cdk` command.

	Affected versions: cli: >=2.0.0 <2.1100.0

	More information at: https://github.com/aws/aws-cdk/issues/34892


If you don’t want to see a notice anymore, use "cdk acknowledge <id>". For example, "cdk acknowledge 34892".
Admin site url: https://dqetempd7nued.cloudfront.net
Application site url: 
